county_fips,county_name,state,lat,lon,population,poverty_rate,risk,ci_low,ci_high,shap1,shap1_val,shap2,shap2_val,shap3,shap3_val,confidence
51720,Norton city,VA,36.931549,-82.625996,3668.0,0.2910654827968923,0.17028528,0.15547349,0.17379066,property_damage,0.40740913,flood_events,0.34172112,county_prior_months,0.26814544,Medium
02028,02028,02,64.2,-149.5,,,0.024781354,0.019829871,0.02653352,county_disaster_rate,0.66607493,total_population,0.46911812,homeownership_rate,0.30422717,High
02029,02029,02,64.2,-149.5,,,0.014937428,0.0136125125,0.017061431,county_prior_months,0.74118364,total_population,0.45227727,county_disaster_rate,0.321498,High
99011,99011,99,39.5,-98.35,,,0.028756347,0.026647374,0.03368196,total_population,0.72116834,county_disaster_rate,0.72077185,month,0.66396576,High
99147,99147,99,39.5,-98.35,,,0.011172208,0.011371498,0.01252219,total_population,0.93175304,county_prior_months,0.750052,median_home_value,0.4869546,High
02225,02225,02,64.2,-149.5,,,0.047302093,0.05293396,0.055050407,total_population,0.78762656,county_disaster_rate,0.68957585,median_home_value,0.38253936,High
02171,02171,02,64.2,-149.5,,,0.026598293,0.023296854,0.029358352,county_prior_months,0.8371865,county_disaster_rate,0.62793344,total_population,0.6201986,High
99073,99073,99,39.5,-98.35,,,0.02578426,0.018689629,0.026483709,county_disaster_rate,1.0656316,total_population,0.9189672,county_prior_months,0.44615582,High
99055,99055,99,39.5,-98.35,,,0.024909811,0.02052237,0.025602726,total_population,0.9280809,county_disaster_rate,0.7806124,month,0.5534065,High
96030,96030,96,39.5,-98.35,,,0.036969267,0.031790916,0.03982421,month,0.7583292,total_population,0.6523131,county_disaster_rate,0.6210461,High
41071,Yamhill County,OR,45.247827,-123.316399,107674.0,0.1134677702729082,0.5298644,0.52919286,0.551744,flood_events,0.40591627,property_damage,0.3190695,county_disaster_rate,0.25504822,High
02026,02026,02,64.2,-149.5,,,0.03135994,0.029495757,0.03790759,total_population,0.8319521,county_disaster_rate,0.6584522,county_prior_months,0.47940657,High
02021,02021,02,64.2,-149.5,,,0.035597995,0.03591027,0.05982403,total_population,1.5998733,property_damage,1.2611713,county_prior_months,0.76013434,High
02020,Anchorage Municipality,AK,61.17425,-149.284329,290674.0,0.0964006666994859,0.5095025,0.58360475,0.6456638,property_damage,0.8559309,total_population,0.49281418,wind_events,0.3308591,Low
53031,Jefferson County,WA,47.805708,-123.527057,33006.0,0.138256112261614,0.9387527,0.92906076,0.94419837,property_damage,1.6756791,county_disaster_rate,0.5455492,flood_events,0.41117814,High
53045,Mason County,WA,47.350832,-123.173103,66053.0,0.1294969582805793,0.66353804,0.61792266,0.6789355,flood_events,0.64769065,county_disaster_rate,0.5993885,property_damage,0.3350989,Low
53059,Skamania County,WA,46.024785,-121.953232,12118.0,0.0862973760932944,0.24173053,0.21949758,0.2552578,flood_events,0.3278094,property_damage,0.27428222,median_home_value,0.26273143,Medium
48507,Zavala County,TX,28.864652,-99.75983,9700.0,0.3100477475607224,0.47706982,0.4614328,0.5105037,property_damage,0.40180507,winter_events,0.28206906,county_prior_months,0.24339056,High
48455,Trinity County,TX,31.096675,-95.151687,13735.0,0.1423816568047337,0.73685277,0.7326279,0.752214,winter_events,0.5433105,property_damage,0.36775988,flood_events,0.22066301,High
51520,Bristol city,VA,36.616954,-82.157564,17036.0,0.1695421168885439,0.06953071,0.072188355,0.07640654,month,0.60031587,county_disaster_rate,0.4406904,property_damage,0.36650425,High
22037,East Feliciana Parish,LA,30.839784,-91.043434,19452.0,0.1466947115384615,0.26459447,0.2916024,0.30183804,county_disaster_rate,0.41148484,property_damage,0.36046624,flood_events,0.34736514,Medium
99065,99065,99,39.5,-98.35,,,0.034002095,0.01729155,0.02071893,county_disaster_rate,1.0070446,total_population,0.47805512,property_damage,0.3776335,High
48127,Dimmit County,TX,28.423587,-99.765871,8672.0,0.4356875584658559,0.7478405,0.7194776,0.74286187,flood_events,0.74379075,property_damage,0.34840038,total_population,0.3224345,High
53037,Kittitas County,WA,47.124441,-120.676709,44424.0,0.1448860274102303,0.10193388,0.091947764,0.09441981,median_home_value,0.39142108,property_damage,0.36355424,flood_events,0.3202882,High
99029,99029,99,39.5,-98.35,,,0.027805662,0.028000807,0.034638032,total_population,0.80750114,county_disaster_rate,0.77769446,property_damage,0.39295137,High
48413,Schleicher County,TX,30.896233,-100.527216,2474.0,0.1447688564476885,0.22251403,0.22744633,0.24306697,property_damage,0.324886,flood_events,0.31151968,total_population,0.30784243,Medium
22091,St. Helena Parish,LA,30.822539,-90.708307,10872.0,0.2745683621091927,0.98054343,0.98142624,0.9840858,property_damage,2.9576623,tropical_events,1.0632387,county_prior_disasters,0.25453874,High
99101,99101,99,39.5,-98.35,,,0.03495489,0.03414934,0.03939251,total_population,0.85123605,county_disaster_rate,0.6784505,county_prior_months,0.35998794,High
48431,Sterling County,TX,31.835773,-101.054911,1392.0,0.0176991150442477,0.28867167,0.2720956,0.3028334,county_prior_months,0.45083308,month,0.41849017,property_damage,0.33544567,Medium
99027,99027,99,39.5,-98.35,,,0.033657607,0.023157194,0.027360521,county_disaster_rate,0.58577037,total_population,0.512512,county_prior_months,0.4209788,High
41063,Wallowa County,OR,45.593753,-117.18558,7439.0,0.0919602775132635,0.16256326,0.17706479,0.18910034,property_damage,0.3514382,flood_events,0.31947857,month,0.31665978,Medium
96010,96010,96,39.5,-98.35,,,0.103474915,0.093102574,0.112477735,total_population,0.6965855,county_disaster_rate,0.63548493,county_prior_months,0.3932848,High
99081,99081,99,39.5,-98.35,,,0.060542654,0.037650198,0.0527567,county_disaster_rate,0.71915275,total_population,0.67986363,property_damage,0.3446796,High
53057,Skagit County,WA,48.493292,-121.81577,129480.0,0.1197761778056033,0.98503506,0.9844081,0.9858858,property_damage,3.232271,deaths,0.57034767,flood_events,0.45433044,High
53041,Lewis County,WA,46.580071,-122.377444,82663.0,0.1227906748706886,0.88255,0.8847722,0.901804,property_damage,1.8028286,month,0.5215395,county_disaster_rate,0.5132369,High
26001,Alcona County,MI,44.657509,-83.29458,10238.0,0.1583728278041074,0.03554349,0.04156548,0.048827328,homeownership_rate,0.52656394,month,0.51908225,county_disaster_rate,0.412733,High
29197,Schuyler County,MO,40.469361,-92.519016,4066.0,0.1020961775585696,0.6695687,0.67990875,0.7239987,winter_events,0.52655315,county_disaster_rate,0.37781727,property_damage,0.34984326,High
51595,Emporia city,VA,36.696182,-77.535975,5680.0,0.1732472324723247,0.3086859,0.28151688,0.32986036,property_damage,0.37035012,winter_events,0.3521246,median_household_income,0.24406262,Medium
41009,Columbia County,OR,45.941932,-123.081079,52865.0,0.0912052117263843,0.5891584,0.5584495,0.60674715,flood_events,0.42704466,county_disaster_rate,0.38806665,property_damage,0.23580872,High
41003,Benton County,OR,44.493882,-123.424664,95615.0,0.1905637459744369,0.6389298,0.62737805,0.66392905,county_disaster_rate,0.51729584,flood_events_prev1m,0.3168186,flood_events,0.31464148,High
48503,Young County,TX,33.158778,-98.67839,17903.0,0.1571623310235147,0.33679825,0.3137849,0.34610757,property_damage,0.3693022,winter_events,0.32259366,county_prior_months,0.28339416,Medium
29089,Howard County,MO,39.143365,-92.695926,10142.0,0.1284345047923322,0.4296725,0.37504232,0.40816808,county_disaster_rate,0.5291591,property_damage,0.364876,flood_events,0.2763825,High
48287,Lee County,TX,30.321498,-96.976823,17543.0,0.1316464552238806,0.18135023,0.19359936,0.20200199,month,0.44246128,flood_events,0.34981224,property_damage,0.33758917,Medium
13053,Chattahoochee County,GA,32.347445,-84.788021,9402.0,0.168585220943186,0.2532526,0.23231053,0.24122131,property_damage,0.33037958,flood_events,0.30217627,storm_count,0.21960236,Medium
53055,San Juan County,WA,48.50719,-123.103769,18001.0,0.1099111261109236,0.135053,0.12211152,0.12903935,property_damage,0.3820669,median_home_value,0.35615143,flood_events,0.33717445,High
26069,Iosco County,MI,44.386912,-83.380141,25319.0,0.1507885677687935,0.09192796,0.091864064,0.105283804,property_damage,0.5458931,county_disaster_rate,0.48118562,flood_events,0.3492479,High
99013,99013,99,39.5,-98.35,,,0.05107154,0.05376186,0.070235245,total_population,0.7959044,county_disaster_rate,0.7143347,median_home_value,0.43121096,High
48481,Wharton County,TX,29.27848,-96.229674,41614.0,0.1464534244902942,0.08861655,0.08628335,0.09753966,county_prior_months,0.40281126,property_damage,0.3753952,flood_events,0.32437807,High
99107,99107,99,39.5,-98.35,,,0.037895583,0.023576245,0.037523456,total_population,0.8465835,county_disaster_rate,0.7090448,median_home_value,0.34394804,High
99033,99033,99,39.5,-98.35,,,0.057955462,0.049312532,0.06420563,total_population,0.9222689,county_disaster_rate,0.715928,flood_events,0.40711015,High
48505,Zapata County,TX,26.996981,-99.182603,13896.0,0.3718611252638474,0.8994887,0.89574534,0.8994869,property_damage,1.3452975,flood_events,0.7398225,total_population,0.3863134,High
19009,Audubon County,IA,41.679178,-94.904312,5651.0,0.1184162731565564,0.17297177,0.16221914,0.17242011,county_prior_months,0.8250931,flood_events,0.4107598,property_damage,0.3751364,Medium
02227,02227,02,64.2,-149.5,,,0.03062357,0.026856437,0.03755735,total_population,1.3921204,property_damage,1.0707308,county_disaster_rate,0.6980373,High
40053,Grant County,OK,36.788254,-97.788151,4152.0,0.1325211337642963,0.25099748,0.23807979,0.26614505,county_disaster_rate,0.42652425,county_prior_months,0.40072814,flood_events,0.37662807,Medium
99149,99149,99,39.5,-98.35,,,0.030661186,0.023762805,0.027469032,county_disaster_rate,0.6745756,total_population,0.5295363,homeownership_rate,0.32006308,High
48175,Goliad County,TX,28.6607,-97.430415,7092.0,0.0998283752860411,0.387594,0.3847351,0.3975411,property_damage,0.34020352,flood_events,0.32771927,county_prior_months,0.25638524,Medium
19077,Guthrie County,IA,41.683573,-94.501272,10619.0,0.101230798587921,0.38463643,0.27963105,0.33039838,county_prior_months,1.1866716,flood_events,0.7486652,property_damage,0.3580462,Low
29227,Worth County,MO,40.480499,-94.419198,1982.0,0.1657260133401744,0.40092108,0.3891312,0.40701577,total_population,0.4406382,property_damage,0.3730591,flood_events,0.33789873,High
20043,Doniphan County,KS,39.788502,-95.147225,7501.0,0.1143367574810183,0.2808667,0.26281935,0.27877626,flood_events,0.38330975,property_damage,0.34784925,county_prior_months,0.30911112,Medium
29003,Andrew County,MO,39.988863,-94.803551,18069.0,0.0757584285473068,0.16419561,0.14231005,0.16368921,county_disaster_rate,0.429356,county_prior_months,0.4280289,property_damage,0.33950722,Medium
48411,San Saba County,TX,31.155138,-98.819292,5779.0,0.142801707411719,0.27755895,0.29028532,0.3164942,month,0.33945152,property_damage,0.31519535,flood_events,0.3015618,Medium
27071,Koochiching County,MN,48.245374,-93.782896,12072.0,0.1169516033001616,0.9575831,0.9492972,0.9561716,property_damage,1.8793508,county_disaster_rate,0.36118913,flood_events,0.33433837,High
27125,Red Lake County,MN,47.865487,-96.08718,3912.0,0.093076923076923,0.17629594,0.1465537,0.16787352,county_prior_months,0.9235632,property_damage,0.36171532,flood_events,0.34805575,Medium
99087,99087,99,39.5,-98.35,,,0.01909983,0.017440256,0.022941481,total_population,0.8204649,county_disaster_rate,0.7533016,month,0.5658009,High
08025,Crowley County,CO,38.30618,-103.772736,5782.0,0.2418521015958642,0.11137538,0.10158824,0.11499576,county_disaster_rate,0.5148625,month,0.40183806,property_damage,0.39923924,High
02226,02226,02,64.2,-149.5,,,0.013525556,0.011155023,0.014374593,total_population,1.9718387,property_damage,1.6386591,county_disaster_rate,0.7815657,High
99131,99131,99,39.5,-98.35,,,0.104585,0.11630243,0.14304549,total_population,0.690399,county_disaster_rate,0.62195575,county_prior_months,0.5859588,High
98002,98002,98,39.5,-98.35,,,0.021299744,0.016453454,0.021767529,county_disaster_rate,0.7159642,county_prior_months,0.67445934,total_population,0.5673791,High
02025,02025,02,64.2,-149.5,,,0.058418438,0.06604637,0.07162787,total_population,0.7826246,county_disaster_rate,0.66835654,median_home_value,0.3723056,High
02018,02018,02,64.2,-149.5,,,0.058418438,0.06604637,0.07162787,total_population,0.7826246,county_disaster_rate,0.66835654,median_home_value,0.3723056,High
48311,McMullen County,TX,28.384922,-98.578853,670.0,0.1492537313432835,0.67747927,0.6725659,0.69436413,county_prior_months,0.5984637,flood_events,0.5201659,month,0.37856296,High
48323,Maverick County,TX,28.729787,-100.316678,57806.0,0.2343538006609845,0.42718884,0.42229462,0.4306493,property_damage,0.30688447,flood_events,0.2359806,month,0.20333007,High
26129,Ogemaw County,MI,44.33328,-84.128073,20820.0,0.1706910907577019,0.091962375,0.09818988,0.10270478,county_prior_months,0.7620691,property_damage,0.4335405,county_disaster_rate,0.38902226,High
99153,99153,99,39.5,-98.35,,,0.08308247,0.053001992,0.06403205,month,0.6286485,county_disaster_rate,0.58421123,total_population,0.49082935,High
99125,99125,99,39.5,-98.35,,,0.026856106,0.025544245,0.038592678,county_disaster_rate,1.1915373,total_population,0.7971162,median_home_value,0.35330912,High
02155,02155,02,64.2,-149.5,,,0.05334315,0.05106326,0.06349935,total_population,0.8025275,county_disaster_rate,0.6466925,median_home_value,0.33724687,High
99039,99039,99,39.5,-98.35,,,0.07532639,0.042501695,0.060120635,county_disaster_rate,0.94511306,month,0.58847433,total_population,0.47777104,High
99141,99141,99,39.5,-98.35,,,0.23794548,0.23959723,0.3221285,total_population,0.72065717,month,0.67001784,county_disaster_rate,0.5813493,Low
02125,02125,02,64.2,-149.5,,,0.08113647,0.08272293,0.08650831,total_population,0.7835715,county_disaster_rate,0.6413857,month,0.507117,High
02135,02135,02,64.2,-149.5,,,0.027571166,0.025523856,0.02936821,total_population,0.84298813,county_disaster_rate,0.7085523,county_prior_months,0.5855589,High
99045,99045,99,39.5,-98.35,,,0.027503569,0.03365308,0.03807403,total_population,0.8863711,county_disaster_rate,0.7602824,county_prior_months,0.4725871,High
99019,99019,99,39.5,-98.35,,,0.037564624,0.023826635,0.031429574,county_disaster_rate,0.9486217,total_population,0.4852373,county_prior_months,0.34314558,High
26143,Roscommon County,MI,44.339517,-84.611271,23556.0,0.1617039586919105,0.10047607,0.11085836,0.13157173,county_prior_months,0.6448796,county_disaster_rate,0.4856619,month,0.44561666,High
99069,99069,99,39.5,-98.35,,,0.062175456,0.06036776,0.06943031,county_disaster_rate,0.9875373,total_population,0.7050085,median_home_value,0.34316906,High
02318,02318,02,64.2,-149.5,,,0.010679254,0.010606447,0.013021771,county_prior_months,1.1264842,county_disaster_rate,1.0392578,total_population,1.0172265,High
99115,99115,99,39.5,-98.35,,,0.03382728,0.02691784,0.031133588,county_prior_months,0.61716443,county_disaster_rate,0.61393833,total_population,0.5872524,High
99067,99067,99,39.5,-98.35,,,0.032988768,0.025655678,0.033643603,month,0.7375416,total_population,0.6659627,county_disaster_rate,0.6269412,High
99009,99009,99,39.5,-98.35,,,0.021333318,0.021528209,0.025468465,month,0.81910604,county_disaster_rate,0.708668,total_population,0.63129836,High
99017,99017,99,39.5,-98.35,,,0.017503135,0.015510795,0.017222151,month,0.7928649,total_population,0.7715085,county_disaster_rate,0.6587336,High
99035,99035,99,39.5,-98.35,,,0.037673123,0.024990262,0.03017939,total_population,0.87503135,month,0.72519326,county_disaster_rate,0.66540724,High
48405,San Augustine County,TX,31.382449,-94.16318,7920.0,0.272845782818407,0.057161443,0.049187675,0.063800976,month,1.1538978,property_damage,0.3944071,flood_events,0.2766426,High
99117,99117,99,39.5,-98.35,,,0.031217981,0.020730935,0.026457634,total_population,0.70934117,county_disaster_rate,0.6923253,month,0.64503294,High
99063,99063,99,39.5,-98.35,,,0.020384263,0.01941236,0.020920096,month,0.7871196,total_population,0.78174996,county_disaster_rate,0.6577509,High
41017,Deschutes County,OR,43.915118,-121.225575,199352.0,0.0913026765663881,0.053089406,0.04597379,0.055506777,month,0.86031187,county_disaster_rate,0.3799129,property_damage,0.3076124,High
99075,99075,99,39.5,-98.35,,,0.032289464,0.019136189,0.024016533,total_population,0.9054299,month,0.71036875,county_disaster_rate,0.6721483,High
99077,99077,99,39.5,-98.35,,,0.01814641,0.010272738,0.017410694,county_disaster_rate,0.9609068,month,0.8695172,total_population,0.8583092,High
13037,Calhoun County,GA,31.521279,-84.62629,5594.0,0.2582051282051282,0.062200386,0.058810137,0.06470495,month,2.074615,property_damage,0.6910108,tropical_events,0.41612247,High
28041,Greene County,MS,31.212845,-88.634811,13672.0,0.183833904454747,0.0787898,0.07440464,0.10134942,month,1.0753753,county_prior_months,0.67632437,property_damage,0.43850735,High
99041,99041,99,39.5,-98.35,,,0.023212174,0.017248813,0.025297765,month,0.77251095,total_population,0.75930893,county_disaster_rate,0.66265994,High
99001,99001,99,39.5,-98.35,,,0.013907825,0.0148862675,0.019778783,month,0.97177285,county_disaster_rate,0.6714397,total_population,0.6047778,High
53023,Garfield County,WA,46.429318,-117.536705,2310.0,0.1114035087719298,0.14833522,0.122274764,0.1280493,month,0.8307259,county_prior_months,0.522685,property_damage,0.35503444,High
99111,99111,99,39.5,-98.35,,,0.010492681,0.011556515,0.015911166,county_disaster_rate,0.96044075,month,0.93909067,total_population,0.8095273,High
27113,Pennington County,MN,48.069247,-96.037725,13995.0,0.0962586269524155,0.2239438,0.20208037,0.21872808,county_prior_months,0.96827424,winter_events,0.6525998,property_damage,0.4245654,Medium
16035,Clearwater County,ID,46.67257,-115.6535,8810.0,0.1125562781390695,0.041155156,0.03809272,0.048515104,property_damage,0.53014815,month,0.48090455,county_prior_months,0.47243616,High
28005,Amite County,MS,31.203933,-90.795542,12683.0,0.2705414012738854,0.8296937,0.8024384,0.8376869,property_damage,1.360112,month,0.37668014,flood_events,0.36995038,High
26105,Mason County,MI,43.957196,-86.442937,29178.0,0.1368019424210891,0.18414207,0.16971725,0.1957573,county_prior_months,0.6235408,property_damage,0.42846784,month,0.30504778,Medium
26111,Midland County,MI,43.648203,-84.379414,83503.0,0.1014653262906798,0.121338636,0.118652895,0.13166541,county_prior_months,1.04308,property_damage,0.3660155,flood_events,0.27401915,High
02223,02223,02,64.2,-149.5,,,0.0593625,0.05556157,0.059725367,total_population,0.7465296,county_disaster_rate,0.63059807,homeownership_rate,0.3232063,High
37177,Tyrrell County,NC,35.87042,-76.165345,3389.0,0.1598513011152416,0.100987904,0.08761469,0.101094835,month,0.6739243,property_damage,0.36993575,flood_events,0.3400445,High
42093,Montour County,PA,41.029284,-76.665225,18165.0,0.0869014732965009,0.17192361,0.17192326,0.18725148,county_prior_months,0.54315,property_damage,0.41414583,month,0.32243147,Medium
41069,Wheeler County,OR,44.736415,-120.026861,1407.0,0.0986321094312455,0.10239088,0.10635538,0.12955901,month,0.5863578,property_damage,0.34732372,wind_events,0.33390677,High
53077,Yakima County,WA,46.456558,-120.740145,256143.0,0.1553177088074985,0.13769634,0.10647237,0.12073152,county_prior_months,0.91230124,county_disaster_rate,0.41867223,property_damage,0.33220616,High
17175,Stark County,IL,41.096908,-89.797411,5395.0,0.1248337450123503,0.2591351,0.24452591,0.2621014,county_prior_months,0.5896269,property_damage,0.40821275,winter_events,0.2754901,Medium
18169,Wabash County,IN,40.843747,-85.795192,31032.0,0.1096991344964967,0.17212449,0.16514218,0.17504089,county_prior_months,0.7319795,property_damage,0.39809433,month,0.28733534,Medium
22075,Plaquemines Parish,LA,29.282447,-89.576068,23305.0,0.146983339858193,0.30438972,0.27516282,0.31844977,property_damage,0.3152913,flood_events,0.25192443,wind_events,0.2363938,Medium
18009,Blackford County,IN,40.472672,-85.32373,12074.0,0.1701786918408631,0.46315318,0.4398058,0.45423183,property_damage,0.3736942,wind_events,0.29192096,winter_events,0.28058207,High
18149,Starke County,IN,41.284478,-86.644636,23308.0,0.1357630192590033,0.13812104,0.14749542,0.16061786,county_prior_months,0.70151734,property_damage,0.41747192,month,0.411045,High
22039,Evangeline Parish,LA,30.720693,-92.404086,32335.0,0.2776392890673055,0.48413506,0.455829,0.5276048,flood_events,0.7567295,county_prior_months,0.49587062,property_damage,0.3277679,Low
49039,Sanpete County,UT,39.373426,-111.576933,28816.0,0.1481481481481481,0.17024803,0.15951663,0.18211208,month,0.47988135,wind_events,0.3041095,flood_events,0.30207905,Medium
18131,Pulaski County,IN,41.045272,-86.692538,12498.0,0.1275971645074554,0.21184675,0.20260914,0.21783236,county_prior_months,0.5845694,property_damage,0.4090083,month,0.31289834,Medium
18055,Greene County,IN,39.047147,-87.004771,30900.0,0.1397341211225997,0.15654986,0.15308698,0.1713364,county_prior_months,1.0305563,property_damage,0.41352722,winter_events,0.2783083,Medium
39111,Monroe County,OH,39.726253,-81.090983,13401.0,0.1389748622329584,0.29597732,0.23700337,0.26583722,flood_events,0.49108496,county_prior_months,0.38864392,property_damage,0.33459434,Medium
21201,Robertson County,KY,38.513473,-84.06423,2207.0,0.2198339032730825,0.7386848,0.670033,0.74964297,flood_events,0.5770947,total_population,0.45045292,county_disaster_rate,0.36926925,Low
05079,Lincoln County,AR,33.956385,-91.742355,13016.0,0.1767936015279933,0.5301517,0.5991768,0.6162147,flood_events,0.76425767,month,0.4933143,county_prior_months,0.40454617,High
48157,Fort Bend County,TX,29.526602,-95.771015,832607.0,0.069259686279829,0.101500824,0.13028342,0.14891113,county_prior_months,0.78061455,winter_events,0.33168334,flood_events,0.27673203,High
06005,Amador County,CA,38.443549,-120.653858,40577.0,0.0783849245428655,0.6462723,0.60585105,0.671639,county_disaster_rate,0.75653857,flood_events,0.59788567,month,0.45885378,Low
06011,Colusa County,CA,39.177739,-122.237563,21811.0,0.1094444444444444,0.9572671,0.9466961,0.9587166,property_damage,1.9291983,flood_events,0.6258029,county_disaster_rate,0.48005238,High
06115,Yuba County,CA,39.27013,-121.344259,81705.0,0.1541115082379606,0.40276623,0.311344,0.43136317,flood_events,0.5020305,property_damage,0.47564614,county_disaster_rate,0.33533946,Low
19067,Floyd County,IA,43.052741,-92.787367,15601.0,0.1086857662573897,0.35062635,0.30582017,0.3413339,county_prior_months,0.80232,property_damage,0.37532032,winter_events,0.34374896,Medium
05041,Desha County,AR,33.828752,-91.244103,11285.0,0.2722719141323792,0.099954985,0.104501374,0.112068556,county_prior_months,0.8609642,property_damage,0.4100818,flood_events,0.3346218,High
19079,Hamilton County,IA,42.390789,-93.70913,14979.0,0.0778072502210433,0.31028596,0.23604971,0.26967928,county_prior_months,1.0666214,winter_events,0.6300818,property_damage,0.39487854,Medium
19091,Humboldt County,IA,42.782221,-94.202775,9606.0,0.133424599831508,0.28802738,0.24002472,0.26844034,county_prior_months,1.1244185,winter_events,0.5962505,property_damage,0.40104783,Medium
06105,Trinity County,CA,40.647858,-123.114666,15889.0,0.2199529172233887,0.32725048,0.19619809,0.32525465,county_disaster_rate,0.5833868,property_damage,0.4304468,flood_events,0.3106694,Low
99007,99007,99,39.5,-98.35,,,0.08221943,0.07645869,0.105601355,county_disaster_rate,0.61662525,total_population,0.5989959,property_damage,0.42105412,High
01105,Perry County,AL,32.639005,-87.293827,8479.0,0.3283423877037233,0.41315386,0.40845373,0.50200653,month,0.3054234,county_disaster_rate,0.30242905,flood_events,0.2773743,Low
19197,Wright County,IA,42.733007,-93.734735,12897.0,0.1427669979492033,0.3964967,0.36560017,0.393054,county_prior_months,1.0781215,winter_events,0.6650519,property_damage,0.39572677,Medium
48089,Colorado County,TX,29.596296,-96.508935,20582.0,0.0745186296574143,0.12710619,0.16350114,0.170928,month,0.7456998,flood_events,0.3693631,property_damage,0.2897452,High
01007,Bibb County,AL,33.015893,-87.127148,22251.0,0.2062296026108658,0.2245692,0.22443143,0.26163357,county_prior_months,0.51291955,month,0.31575558,flood_events,0.31102994,Medium
13315,Wilcox County,GA,31.96272,-83.438259,8839.0,0.2304715493765228,0.4255698,0.40237626,0.41498575,month,0.30195302,property_damage,0.2668633,flood_events,0.25979248,High
27099,Mower County,MN,43.666249,-92.759514,40082.0,0.1187022900763358,0.2495075,0.22526541,0.23283568,county_prior_months,0.9582402,property_damage,0.37785143,winter_events,0.35697427,Medium
27051,Grant County,MN,45.930743,-96.010699,6091.0,0.1010824313072439,0.054142598,0.049254756,0.055441745,county_prior_months,1.087274,property_damage,0.38035983,flood_events,0.3675163,High
48395,Robertson County,TX,31.025481,-96.514941,16912.0,0.142489373166497,0.39424574,0.37872773,0.3937576,property_damage,0.3786507,winter_events,0.27716628,flood_events,0.24181545,Medium
48397,Rockwall County,TX,32.899886,-96.41205,110631.0,0.0417316585939851,0.24411035,0.2035659,0.24498945,property_damage,0.3399991,winter_events,0.3007196,flood_events,0.29131448,Medium
27047,Freeborn County,MN,43.674202,-93.350289,30857.0,0.0954500494559841,0.18475932,0.16551664,0.17597768,county_prior_months,0.9212516,property_damage,0.4015825,winter_events,0.28270057,Medium
06069,San Benito County,CA,36.611651,-121.085811,64753.0,0.0751021930710766,0.15410404,0.12721762,0.15314801,month,0.42743853,flood_events,0.3117786,property_damage,0.30743644,Medium
48385,Real County,TX,29.830097,-99.812549,2830.0,0.2452757423833397,0.33885682,0.35702804,0.385218,property_damage,0.3964024,median_home_value,0.2923048,winter_events,0.27332553,Medium
27091,Martin County,MN,43.677173,-94.547096,19960.0,0.117034780401117,0.1556002,0.14064732,0.15447894,county_prior_months,0.8918245,property_damage,0.40970898,flood_events,0.3175963,Medium
19195,Worth County,IA,43.373491,-93.248533,7417.0,0.0736625514403292,0.21993671,0.18551525,0.21447237,county_prior_months,0.7740337,property_damage,0.39025757,flood_events,0.298209,Medium
19189,Winnebago County,IA,43.378124,-93.743488,10704.0,0.0775278662420382,0.13516322,0.12761736,0.14172445,county_prior_months,0.9479876,property_damage,0.40427867,flood_events,0.33781916,High
48425,Somervell County,TX,32.218071,-97.769217,9337.0,0.0728165938864628,0.3740606,0.3692061,0.40415528,property_damage,0.42499894,flood_events,0.28889254,county_prior_months,0.23118472,Medium
53005,Benton County,WA,46.228125,-119.516659,207560.0,0.1053136007161344,0.06207445,0.04767051,0.056005817,county_prior_months,0.6999393,flood_events,0.33961612,county_disaster_rate,0.27350616,High
16061,Lewis County,ID,46.236328,-116.42376,3630.0,0.1769444444444444,0.12424699,0.11230811,0.1252265,month,0.57614475,property_damage,0.34680885,flood_events,0.29736596,High
05011,Bradley County,AR,33.466549,-92.169156,10461.0,0.1515005307343433,0.3492509,0.32704842,0.35675555,county_prior_months,0.58700264,property_damage,0.3798671,winter_events,0.37751973,Medium
19129,Mills County,IA,41.033703,-95.619101,14605.0,0.0690563683006309,0.2749002,0.26955378,0.27427375,property_damage,0.3991849,county_prior_months,0.3354045,county_disaster_rate,0.32392016,Medium
19117,Lucas County,IA,41.033344,-93.331467,8666.0,0.166179735888746,0.24372968,0.2576222,0.2636439,county_prior_months,0.7930249,property_damage,0.38923573,winter_events,0.3429405,Medium
53013,Columbia County,WA,46.29285,-117.911634,3980.0,0.0931235726972849,0.1477598,0.13136758,0.17053747,month,0.4020328,property_damage,0.36316508,flood_events,0.3340837,High
55061,Kewaunee County,WI,44.605677,-87.448008,20570.0,0.0672483089893147,0.105556555,0.11665352,0.1331653,county_disaster_rate,0.5402933,county_prior_months,0.5056484,property_damage,0.4046127,High
53021,Franklin County,WA,46.537502,-118.903891,96692.0,0.1342132692348599,0.08457222,0.0677673,0.07783353,county_prior_months,0.59204036,flood_events,0.33405644,property_damage,0.30260882,High
53039,Klickitat County,WA,45.870446,-120.779305,22798.0,0.1377248142122158,0.11098388,0.098821856,0.10354293,county_prior_months,0.37662643,property_damage,0.3511645,flood_events,0.33294135,High
19081,Hancock County,IA,43.075411,-93.743697,10790.0,0.0991375225097147,0.14024737,0.1191677,0.14407127,county_prior_months,1.0003808,property_damage,0.42001954,flood_events,0.31992638,High
48333,Mills County,TX,31.494888,-98.594623,4501.0,0.0687659180365825,0.20083454,0.16922049,0.22052556,month,0.5329773,property_damage,0.41029105,flood_events,0.29937044,Low
19033,Cerro Gordo County,IA,43.074975,-93.250965,42979.0,0.0932855311268341,0.37705418,0.32591134,0.35375735,county_prior_months,1.0579352,flood_events,0.5083556,winter_events,0.4460581,Medium
48281,Lampasas County,TX,31.196731,-98.240889,21829.0,0.0949033391915641,0.29459542,0.2640307,0.28006265,property_damage,0.37679118,flood_events,0.26557067,winter_events,0.21600021,Medium
53071,Walla Walla County,WA,46.254606,-118.48037,62150.0,0.1109492089925062,0.06385368,0.051889848,0.054328725,county_prior_months,0.71951884,flood_events,0.34717682,property_damage,0.32595634,High
55078,Menominee County,WI,44.991304,-88.669251,4279.0,0.1998119417019276,0.25879958,0.27099937,0.2807956,property_damage,0.39851043,winter_events,0.32607275,county_prior_months,0.2935937,Medium
05065,Izard County,AR,36.094879,-91.913625,13748.0,0.197397476340694,0.50763357,0.5136532,0.5261954,county_prior_months,0.6042986,flood_events,0.57143515,property_damage,0.37189916,High
17129,Menard County,IL,40.022569,-89.794133,12284.0,0.0794461842755892,0.43741634,0.42673624,0.46499133,flood_events,0.5553185,property_damage,0.36483243,county_prior_months,0.29192632,High
41021,Gilliam County,OR,45.382955,-120.276246,1983.0,0.1285860655737705,0.12377348,0.075971775,0.09779827,month,0.56297266,county_disaster_rate,0.5348834,property_damage,0.40357697,High
48193,Hamilton County,TX,31.707342,-98.111756,8244.0,0.1714392430278884,0.3037866,0.28830925,0.3056908,property_damage,0.3784054,flood_events,0.25565308,winter_events,0.23357308,Medium
55087,Outagamie County,WI,44.418226,-88.464988,190611.0,0.0691295411472653,0.28359497,0.26044467,0.29019225,county_prior_months,0.66642493,winter_events,0.36906368,property_damage,0.29873225,Medium
48213,Henderson County,TX,32.211633,-95.853418,82627.0,0.1475962959314353,0.19686231,0.16865389,0.19873902,county_prior_months,0.5446858,winter_events,0.3016343,property_damage_prev3m,0.27382967,Medium
55015,Calumet County,WI,44.07841,-88.212132,52361.0,0.0585279791355041,0.23066998,0.20340432,0.21721865,county_prior_months,0.6201593,property_damage,0.37118194,winter_events,0.32469353,Medium
49031,Piute County,UT,38.335881,-112.129375,1764.0,0.209049255441008,0.043287788,0.055535533,0.063170746,homeownership_rate,0.49838376,property_damage,0.46169898,county_disaster_rate,0.4449986,High
27043,Faribault County,MN,43.676522,-93.947234,13931.0,0.114262620324785,0.14421181,0.13413131,0.14181401,county_prior_months,0.95530456,property_damage,0.4156384,flood_events,0.3166688,High
05107,Phillips County,AR,34.423687,-90.855593,16373.0,0.3045191478881911,0.33938158,0.31294873,0.3451036,flood_events,0.36916023,county_prior_months,0.29416463,month,0.27603123,Medium
21223,Trimble County,KY,38.62004,-85.351208,8510.0,0.137037037037037,0.16235355,0.15305698,0.15644567,month,0.47074264,flood_events,0.405167,county_prior_months,0.39716065,Medium
18103,Miami County,IN,40.772883,-86.044258,35952.0,0.157457415870378,0.053901706,0.052273035,0.058866147,county_prior_months,0.749667,month,0.56236905,flood_events,0.38972154,High
18029,Dearborn County,IN,39.140897,-84.975868,50709.0,0.0846033841353654,0.33383062,0.2967868,0.3139196,county_prior_months,1.1518904,flood_events,0.90280706,property_damage,0.38167563,Medium
47135,Perry County,TN,35.663752,-87.869326,8432.0,0.1424231376838012,0.31990182,0.2886998,0.4125742,property_damage,1.1935258,county_prior_months,0.6829477,month,0.5108099,Low
47137,Pickett County,TN,36.559364,-85.075741,5042.0,0.2099013886093781,0.32041806,0.317001,0.33584416,property_damage,0.59189034,month,0.52107066,flood_events,0.41706294,Medium
49009,Daggett County,UT,40.890099,-109.505785,638.0,0.0780984719864176,0.03740904,0.040041562,0.049915873,county_prior_months,0.6009406,county_disaster_rate,0.5868572,month,0.52742994,High
01021,Chilton County,AL,32.854051,-86.726607,45140.0,0.1445061992304403,0.19809252,0.19768569,0.20079827,county_prior_months,0.66022575,flood_events,0.49393782,month,0.38699335,Medium
40103,Noble County,OK,36.384901,-97.236335,10981.0,0.1078834298524192,0.0959989,0.089164615,0.09981581,county_prior_months,0.7527378,month,0.4161403,flood_events,0.4100024,High
40105,Nowata County,OK,36.789615,-95.613312,9460.0,0.1597237211310166,0.08534782,0.07371119,0.09052741,county_prior_months,0.86349523,flood_events,0.43080163,property_damage,0.3889239,High
05077,Lee County,AR,34.779505,-90.779717,8666.0,0.2761918154971171,0.3853588,0.369349,0.3887623,month,0.3785313,flood_events,0.36319503,county_disaster_rate,0.2652241,Medium
47087,Jackson County,TN,36.35425,-85.674128,11730.0,0.1970948943202574,0.35198656,0.3208909,0.35507768,property_damage,1.3356556,county_prior_months,0.6220994,flood_events,0.5036652,Medium
21161,Mason County,KY,38.594137,-83.828125,17068.0,0.1873919007574402,0.21096168,0.20123583,0.23460564,county_prior_months,0.79254895,flood_events_prev1m,0.43011168,month,0.41034633,Medium
29155,Pemiscot County,MO,36.209916,-89.785942,15555.0,0.2925192232503584,0.15609916,0.15194395,0.16955048,county_prior_months,0.64620906,flood_events,0.41559526,property_damage,0.40564358,Medium
41029,Jackson County,OR,42.411621,-122.675611,222604.0,0.1326327579691206,0.21334766,0.23932572,0.24481204,winter_events,0.7445509,county_disaster_rate,0.54269785,month,0.4535756,Medium
41019,Douglas County,OR,43.286328,-123.154476,111322.0,0.1487235899487254,0.18494809,0.23914115,0.30138832,county_prior_months,1.1387166,winter_events,0.65153605,storm_count,0.36539012,Low
41033,Josephine County,OR,42.386983,-123.57162,87994.0,0.1611159767677699,0.3510912,0.31195584,0.33928177,winter_events,0.71760553,month,0.434789,median_home_value,0.34557435,Medium
47159,Smith County,TN,36.256645,-85.941915,20034.0,0.1485248212667405,0.4521758,0.40714353,0.43775347,property_damage,1.6933869,month,0.55847263,county_prior_months,0.48147604,High
18181,White County,IN,40.75095,-86.864293,24630.0,0.0869403907989117,0.15835585,0.15952651,0.16867197,county_prior_months,0.5287264,month,0.46724492,flood_events,0.39805973,Medium
38071,Ramsey County,ND,48.266163,-98.739031,11613.0,0.1577674251926178,0.16263716,0.12086934,0.16222847,county_prior_months,1.1258982,property_damage,0.4270127,winter_events,0.40646917,Medium
48283,La Salle County,TX,28.351098,-99.096774,6965.0,0.2803131245836109,0.09899193,0.093018256,0.1046068,month,0.5935174,flood_events,0.35165995,property_damage,0.3394602,High
55077,Marquette County,WI,43.826053,-89.409095,15619.0,0.1041237113402061,0.16142264,0.14889607,0.16923577,county_prior_months,0.72525746,property_damage,0.42625806,month,0.3886684,Medium
06001,Alameda County,CA,37.647139,-121.912488,1663823.0,0.0915231047846495,0.7470173,0.70608,0.7649461,deaths,1.3368165,total_population,0.51893884,flood_events,0.5154697,Low
47061,Grundy County,TN,35.393352,-85.710374,13550.0,0.1824482109227872,0.55501074,0.5533221,0.5987259,property_damage,2.1135015,month,0.5440318,flood_events,0.40883306,High
21103,Henry County,KY,38.451383,-85.119647,15731.0,0.1623734461104703,0.13237996,0.12833798,0.13934834,county_prior_months,0.46688566,month,0.45791307,flood_events,0.41088918,High
06009,Calaveras County,CA,38.191068,-120.554107,45674.0,0.1307962762311213,0.526281,0.4544473,0.5362059,flood_events,0.7453594,county_disaster_rate,0.5578788,month,0.49964032,Low
48461,Upton County,TX,31.353816,-102.041546,3284.0,0.2033529959639863,0.0892586,0.087551154,0.09457661,month,0.66363317,property_damage,0.37584627,flood_events,0.36484498,High
26007,Alpena County,MI,44.894954,-83.426574,28911.0,0.1650926774261752,0.18696949,0.18035138,0.1972748,month,0.51798064,county_disaster_rate,0.51435065,property_damage,0.38886148,Medium
06013,Contra Costa County,CA,37.919479,-121.951543,1162648.0,0.0825994436428214,0.6517911,0.615257,0.6566125,deaths,1.7523897,storm_count,0.57077,month,0.4564172,High
06015,Del Norte County,CA,41.749903,-123.980998,27462.0,0.1428514504303474,0.75166273,0.68691605,0.71325946,property_damage,1.9943489,month,0.71758693,county_disaster_rate,0.40386528,High
28143,Tunica County,MS,34.652201,-90.37177,9787.0,0.3136230672795654,0.41253918,0.257495,0.38366,property_damage,0.8722626,month,0.4583692,flood_events,0.42049795,Low
48133,Eastland County,TX,32.324645,-98.83656,17812.0,0.1619160260201064,0.12572573,0.13104513,0.14414053,month,0.47612545,property_damage,0.37544405,flood_events,0.3623419,High
21073,Franklin County,KY,38.234919,-84.868786,51475.0,0.1325935753628432,0.090417825,0.08215549,0.09625045,county_prior_months,0.71053225,month,0.464966,flood_events,0.35998493,High
28125,Sharkey County,MS,32.892395,-90.827613,3910.0,0.2690995011814124,0.9724158,0.9520028,0.9747326,property_damage,3.2869883,deaths,1.1732814,injuries,0.36233342,High
28119,Quitman County,MS,34.252833,-90.290171,6113.0,0.3022470011826322,0.36586386,0.3668449,0.4192037,month,0.4408302,county_disaster_rate,0.4184196,flood_events,0.36833456,Low
06021,Glenn County,CA,39.602546,-122.4017,28657.0,0.1525226936879881,0.82846236,0.8231963,0.8536398,property_damage,1.7883515,flood_events,0.59660906,month,0.5403539,High
06109,Tuolumne County,CA,38.021434,-119.964733,54993.0,0.1136947411112613,0.9803916,0.97368205,0.97601527,property_damage,3.0022113,flood_events,0.8640403,storm_count,0.4821433,High
48327,Menard County,TX,30.885268,-99.858861,1964.0,0.2248304642670839,0.20479123,0.1706898,0.19222006,month,0.47674736,flood_events,0.3675646,property_damage,0.35305503,Medium
19075,Grundy County,IA,42.403339,-92.790244,12351.0,0.0594319487768839,0.3306749,0.3499099,0.38549286,county_prior_months,1.0021065,property_damage,0.7120631,flood_events,0.42741558,Medium
26047,Emmet County,MI,45.590094,-84.986822,34072.0,0.0836899667142177,0.0995302,0.0841744,0.093916155,county_disaster_rate,0.526455,month,0.46607387,property_damage,0.41875574,High
19083,Hardin County,IA,42.390208,-93.241669,16861.0,0.0840988083416087,0.09018531,0.07229066,0.0869301,county_prior_months,1.0421187,month,0.43563914,flood_events,0.41876286,High
19107,Keokuk County,IA,41.331182,-92.167721,10026.0,0.122128908226247,0.2673999,0.2545449,0.2817232,county_prior_months,0.89520377,flood_events,0.40344048,month,0.31501374,Medium
06033,Lake County,CA,39.108009,-122.745217,68024.0,0.1659144412289514,0.3285358,0.29875055,0.34223226,county_disaster_rate,0.5793003,month,0.5535976,flood_events,0.42162377,Medium
26077,Kalamazoo County,MI,42.246266,-85.532854,261426.0,0.1336246640764763,0.057567973,0.05919719,0.072039075,county_disaster_rate,0.9430703,county_prior_months,0.740703,month,0.4673571,High
08091,Ouray County,CO,38.154731,-107.78848,4936.0,0.0484688704116812,0.012564127,0.009345263,0.014139719,county_prior_months,1.3865128,county_disaster_rate,0.8669163,median_home_value,0.59577537,High
19123,Mahaska County,IA,41.330797,-92.636366,22059.0,0.1196998123827392,0.07161718,0.07070893,0.088351965,county_prior_months,1.0590001,month,0.41506144,property_damage,0.3940409,High
06101,Sutter County,CA,39.03619,-121.70394,99101.0,0.1331627816904997,0.45664853,0.415407,0.45180392,flood_events,0.65994054,month,0.51076096,county_disaster_rate,0.4322223,High
26101,Manistee County,MI,44.245268,-86.327537,25058.0,0.1125458918850487,0.104781285,0.10262689,0.11730043,month,0.49724674,property_damage,0.40478638,county_disaster_rate,0.40057755,High
16075,Payette County,ID,44.00243,-116.750238,25571.0,0.105536400745056,0.108990975,0.09315532,0.10241444,month,0.8196487,property_damage,0.39218658,flood_events,0.33496544,High
55047,Green Lake County,WI,43.780247,-88.97038,19093.0,0.1277902381715262,0.22155201,0.21713476,0.2196288,county_prior_months,0.77819884,winter_events,0.51165324,property_damage,0.43053102,Medium
99085,99085,99,39.5,-98.35,,,0.043477733,0.03596831,0.046799034,county_disaster_rate,0.60431176,month,0.57852894,total_population,0.47597325,High
26119,Montmorency County,MI,45.024134,-84.130107,9261.0,0.185286701019625,0.123863265,0.1550692,0.16556622,county_disaster_rate,0.5526065,month,0.47672075,property_damage,0.40934485,High
21017,Bourbon County,KY,38.202562,-84.20986,20228.0,0.1511960282834361,0.06808469,0.066121005,0.06979195,county_prior_months,0.87865406,month,0.4881994,flood_events,0.40113515,High
16045,Gem County,ID,44.061473,-116.398784,19250.0,0.1175592063153403,0.10143911,0.0909084,0.09942189,month,0.782549,property_damage,0.4069495,flood_events,0.33654594,High
21021,Boyle County,KY,37.618104,-84.868352,30613.0,0.1499530719803624,0.10150392,0.09989618,0.10867454,month,0.5166253,property_damage,0.3668573,flood_events,0.35526657,High
06045,Mendocino County,CA,39.432388,-123.442881,91145.0,0.1615522760990083,0.21364856,0.16402602,0.20194423,county_disaster_rate,0.6525298,month,0.6514627,median_home_value,0.4154366,Medium
06085,Santa Clara County,CA,37.221614,-121.68954,1916831.0,0.0688204257267982,0.45488757,0.3593348,0.46196395,total_population,0.65118766,deaths,0.64378077,storm_count,0.529938,Low
48103,Crane County,TX,31.422796,-102.487774,4636.0,0.0381036774479397,0.07194023,0.06521446,0.07184334,month,0.8366641,flood_events,0.3837935,property_damage,0.36010122,High
26141,Presque Isle County,MI,45.252397,-83.432283,13083.0,0.1270368368213761,0.07345009,0.08228281,0.09523861,homeownership_rate,0.65739983,county_disaster_rate,0.5542571,month,0.5295065,High
26135,Oscoda County,MI,44.687257,-84.126905,8264.0,0.1389871873093349,0.09809662,0.10500375,0.116707906,county_disaster_rate,0.5595672,month,0.50119895,homeownership_rate,0.48237023,High
26165,Wexford County,MI,44.331375,-85.570046,33766.0,0.1330107009739088,0.15215005,0.15224287,0.17160314,month,0.49959823,property_damage,0.3894955,county_disaster_rate,0.37662485,Medium
06081,San Mateo County,CA,37.414672,-122.371546,754250.0,0.0643190229954169,0.40130514,0.47395676,0.5384948,deaths,0.7391774,storm_count,0.56649786,median_home_value,0.5181086,Low
06055,Napa County,CA,38.5071,-122.325904,137384.0,0.0788717331729162,0.12333208,0.115533724,0.1266983,month,0.47479692,flood_events,0.3301408,property_damage,0.28815252,High
35051,Sierra County,NM,33.119468,-107.188161,11506.0,0.2520007113640405,0.15092081,0.13110036,0.15373509,property_damage,0.36931217,month,0.36840782,flood_events,0.3377094,Medium
06075,San Francisco County,CA,37.727239,-123.032229,851036.0,0.1048457550412465,0.27552062,0.27726072,0.35340545,deaths,0.65459216,month,0.54676425,storm_count,0.5110534,Low
48383,Reagan County,TX,31.375191,-101.514395,3308.0,0.0718635809987819,0.081041865,0.09004973,0.09430478,month,0.5730138,flood_events,0.36468485,property_damage,0.3482703,High
48403,Sabine County,TX,31.3433,-93.851913,9980.0,0.1730964467005076,0.092809096,0.08684206,0.103065565,month,0.4392715,county_prior_months,0.4107758,flood_events,0.39802885,High
27059,Isanti County,MN,45.562431,-93.296339,41257.0,0.0878618091067015,0.11184954,0.1281339,0.1465353,county_prior_months,0.7512013,property_damage,0.43922368,flood_events,0.39914623,High
27057,Hubbard County,MN,47.095551,-94.91329,21479.0,0.1013813984293689,0.09123467,0.07713694,0.09228424,county_prior_months,0.68142146,property_damage,0.42595878,county_disaster_rate,0.37509176,High
27079,Le Sueur County,MN,44.373421,-93.730106,28795.0,0.0744572651071441,0.117650226,0.1005244,0.12389736,county_prior_months,0.9833629,property_damage,0.46457595,flood_events,0.3541083,High
27023,Chippewa County,MN,45.028625,-95.564108,12466.0,0.1121771217712177,0.74106896,0.7510168,0.76099676,county_prior_months,0.786578,flood_events,0.68572843,winter_events_prev3m,0.45030472,High
27021,Cass County,MN,46.951745,-94.333705,30288.0,0.122308902802424,0.16708454,0.15526092,0.16475439,property_damage,0.4073033,flood_events,0.31353992,county_prior_months,0.27010787,Medium
27095,Mille Lacs County,MN,45.929043,-93.632996,26680.0,0.109869503654663,0.14540832,0.16413698,0.17474768,county_prior_months,0.75029916,property_damage,0.43993142,flood_events,0.39308754,High
51820,Waynesboro city,VA,38.067157,-78.90142,22341.0,0.1613736238843836,0.06868755,0.06479399,0.07255484,county_prior_months,0.43907517,property_damage,0.40135974,flood_events,0.37447476,High
27011,Big Stone County,MN,45.419925,-96.402226,5161.0,0.1047256708049659,0.5527346,0.53586674,0.54857683,flood_events,1.0420979,county_prior_months,0.84180266,property_damage,0.34218097,High
27009,Benton County,MN,45.701225,-94.00144,41300.0,0.0932297447280799,0.18435104,0.18676044,0.19260842,property_damage,0.41857114,county_prior_months,0.3919916,flood_events,0.37076393,Medium
27131,Rice County,MN,44.350775,-93.298513,67152.0,0.0924594240397862,0.13114524,0.12194058,0.14857897,county_prior_months,0.7868483,property_damage,0.39593884,flood_events,0.32344627,High
27147,Steele County,MN,44.015261,-93.220453,37396.0,0.0846120479314645,0.121128485,0.12311262,0.1266384,county_prior_months,0.97267216,property_damage,0.4418274,flood_events,0.32040134,High
27003,Anoka County,MN,45.27411,-93.242723,363985.0,0.0633754967677165,0.118011415,0.12134352,0.12836823,county_prior_months,0.85378635,property_damage,0.35887378,flood_events,0.31885508,High
27143,Sibley County,MN,44.575734,-94.230123,14950.0,0.0863396838265099,0.16596383,0.1584833,0.19378309,county_prior_months,0.83801144,property_damage,0.43899214,flood_events,0.3916262,Medium
26139,Ottawa County,MI,43.054969,-86.219349,296183.0,0.0755556952213353,0.053945288,0.04966154,0.057362147,county_prior_months,0.8738281,flood_events,0.34646988,property_damage,0.3343544,High
27159,Wadena County,MN,46.586986,-94.988608,14108.0,0.1193227236392704,0.20206724,0.19764471,0.20291935,county_prior_months,0.5990362,property_damage,0.41181412,flood_events,0.3226375,Medium
16063,Lincoln County,ID,42.990782,-114.153089,5203.0,0.1174863387978142,0.2071195,0.19868647,0.2172245,property_damage,0.42644897,flood_events,0.36303726,county_disaster_rate,0.3619937,Medium
51530,Buena Vista city,VA,37.729345,-79.358134,6639.0,0.2193718138464068,0.1007437,0.10863308,0.12038386,county_prior_months,0.42609218,flood_events,0.3880331,property_damage,0.26031294,High
27173,Yellow Medicine County,MN,44.715736,-95.862756,9569.0,0.1001276867418599,0.24986215,0.2232699,0.26973677,county_prior_months,0.9230129,flood_events,0.43613768,property_damage,0.4151424,Medium
16067,Minidoka County,ID,42.857211,-113.63984,21626.0,0.1508667009297762,0.14514782,0.16540857,0.18527076,county_disaster_rate,0.5862498,property_damage,0.39935046,flood_events,0.317925,High
99057,99057,99,39.5,-98.35,,,0.08027864,0.066421665,0.08358154,total_population,0.9027073,county_disaster_rate,0.6517698,flood_events,0.42963877,High
28039,George County,MS,30.855431,-88.642268,24547.0,0.2092935398564412,0.32159272,0.32307187,0.33605957,county_disaster_rate,0.4114243,property_damage,0.34468794,flood_events,0.33784956,Medium
26097,Mackinac County,MI,46.167868,-85.303762,10843.0,0.1581120390353758,0.5107007,0.4827522,0.50726837,winter_events,0.43682587,property_damage,0.37623733,flood_events,0.3450077,High
51750,Radford city,VA,37.120119,-80.559147,16379.0,0.3379129129129129,0.09478294,0.08975052,0.11402608,flood_events,0.36489186,county_prior_months,0.35536334,property_damage,0.2434641,High
17069,Hardin County,IL,37.517852,-88.266148,3665.0,0.1153203342618384,0.1413908,0.12555462,0.13894433,county_prior_months,0.6357989,property_damage,0.57175493,flood_events,0.39985326,High
99047,99047,99,39.5,-98.35,,,0.058846064,0.047675684,0.06284898,total_population,0.95322645,county_disaster_rate,0.6866316,flood_events,0.37719637,High
02195,Petersburg Borough,AK,57.112458,-133.008598,3374.0,0.0460150375939849,0.1897627,0.20667231,0.24226093,county_disaster_rate,0.53944546,property_damage,0.41050833,flood_events,0.3624858,Medium
55041,Forest County,WI,45.666881,-88.773326,9239.0,0.1394497448413579,0.11384268,0.10514987,0.13144878,county_prior_months,0.6930333,county_disaster_rate,0.4839805,property_damage,0.4280121,High
40147,Washington County,OK,36.704403,-95.906253,52579.0,0.1394496843089874,0.074556686,0.0649542,0.07149809,county_prior_months,0.8181767,property_damage,0.36415508,flood_events,0.33277664,High
28131,Stone County,MS,30.790184,-89.112297,18360.0,0.2082148139720104,0.13844283,0.13376623,0.15037528,county_prior_months,0.4099272,property_damage,0.37474132,flood_events,0.35413787,High
48319,Mason County,TX,30.703916,-99.237302,3959.0,0.0493670886075949,0.5975864,0.57975984,0.6220106,flood_events,0.6332322,total_population,0.3585136,property_damage,0.30787337,High
08079,Mineral County,CO,37.549067,-107.003236,794.0,0.1120906801007556,0.02552338,0.024006063,0.030425314,county_prior_months,0.96180105,county_disaster_rate,0.6825304,flood_events,0.40974823,High
55141,Wood County,WI,44.461413,-90.038825,74138.0,0.1049638619937269,0.17335038,0.15434998,0.16556601,county_prior_months,0.73563063,property_damage,0.3347961,flood_events,0.31248263,Medium
39175,Wyandot County,OH,40.839782,-83.313681,21818.0,0.0689751336277016,0.10413056,0.08976909,0.10944988,county_prior_months,0.6765476,flood_events,0.37618208,property_damage,0.36074466,High
18067,Howard County,IN,40.483537,-86.114118,83452.0,0.1208551323796631,0.37606364,0.33079255,0.34171033,property_damage_prev1m,1.0373845,county_prior_months,0.2932223,property_damage,0.251374,Medium
39119,Muskingum County,OH,39.966046,-81.943506,86393.0,0.1561964795432921,0.0701189,0.07904877,0.083283246,county_prior_months,0.93143845,property_damage,0.39632547,flood_events,0.3245422,High
39137,Putnam County,OH,41.024533,-84.129879,34400.0,0.0656084656084656,0.07008247,0.05615029,0.05817557,county_prior_months,0.83788323,flood_events,0.3901093,property_damage,0.3709898,High
39129,Pickaway County,OH,39.648947,-83.052827,58809.0,0.1249426910451319,0.041088335,0.03994978,0.044185765,county_prior_months,0.90357673,property_damage,0.39104846,flood_events,0.3368871,High
39125,Paulding County,OH,41.118948,-84.582125,18827.0,0.0942405571926064,0.115775295,0.106981404,0.11833456,property_damage,0.45639494,county_prior_months,0.4258616,flood_events,0.33534598,High
39115,Morgan County,OH,39.624946,-81.861697,13851.0,0.1656544962317992,0.08537209,0.083064385,0.090115555,county_prior_months,0.75832766,property_damage,0.3989251,flood_events,0.39509863,High
55075,Marinette County,WI,45.346899,-87.991198,41827.0,0.096520460671404,0.08404933,0.08666831,0.11222772,county_prior_months,0.7946478,county_disaster_rate,0.5808118,property_damage,0.41367224,High
39079,Jackson County,OH,39.013477,-82.614142,32563.0,0.1740233701951693,0.07886393,0.07781919,0.08403814,county_prior_months,0.7120905,property_damage,0.39757022,flood_events,0.35799006,High
99105,99105,99,39.5,-98.35,,,0.04513855,0.034675907,0.04726774,total_population,1.0663413,county_disaster_rate,0.6587846,flood_events,0.49457827,High
29093,Iron County,MO,37.625971,-90.699587,9538.0,0.1952707856598017,0.17706454,0.1562229,0.16526885,county_prior_months,0.79919636,flood_events,0.41967657,county_disaster_rate,0.37011212,Medium
18159,Tipton County,IN,40.310229,-86.056207,15328.0,0.1206519578612601,0.16471425,0.154009,0.1638536,property_damage,0.4336727,flood_events,0.3404551,storm_count,0.2029777,Medium
38019,Cavalier County,ND,48.768439,-98.46379,3691.0,0.1,0.265062,0.21812055,0.27221715,county_prior_months,1.1082712,property_damage,0.44002336,county_disaster_rate,0.42202866,Low
38013,Burke County,ND,48.786453,-102.520087,2184.0,0.0652273771244832,0.7401923,0.76029795,0.7854178,flood_events,0.7156815,county_prior_months,0.6782156,total_population,0.6497095,High
06023,Humboldt County,CA,40.706655,-123.926176,136132.0,0.1982439405433419,0.65284544,0.47484022,0.65173316,property_damage_prev1m,1.1745582,flood_events_prev1m,0.5564139,median_home_value,0.42804933,Low
29203,Shannon County,MO,37.152498,-91.391328,7132.0,0.1467586603421014,0.38958073,0.3606212,0.48010698,county_prior_months,1.3827641,flood_events_prev1m,1.0570276,county_disaster_rate,0.4510967,Low
37187,Washington County,NC,35.844713,-76.572291,11051.0,0.2161219243481454,0.11875395,0.12233034,0.14531554,property_damage,0.39335668,flood_events,0.3841583,county_prior_months,0.3754278,High
19093,Ida County,IA,42.39186,-95.507421,6969.0,0.115237815619495,0.14225456,0.13877241,0.15610352,county_prior_months,0.75950813,flood_events,0.45262563,property_damage,0.39318618,High
99015,99015,99,39.5,-98.35,,,0.07807717,0.07513665,0.093397126,total_population,1.032224,county_disaster_rate,0.64394224,flood_events,0.4464364,High
13023,Bleckley County,GA,32.435403,-83.331717,12413.0,0.1706050841389187,0.26238608,0.24570575,0.25771922,flood_events,0.3490645,property_damage,0.3451979,total_population,0.19899145,Medium
51045,Craig County,VA,37.473603,-80.231051,4898.0,0.1092827004219409,0.07110711,0.07562686,0.08444684,county_prior_months,0.6797912,property_damage,0.5600787,flood_events,0.41739112,High
19115,Louisa County,IA,41.218211,-91.256994,10823.0,0.1006100422336931,0.35155797,0.33969942,0.35665536,county_prior_months,0.726603,flood_events,0.63288856,property_damage,0.3675893,Medium
48229,Hudspeth County,TX,31.450868,-105.377549,3329.0,0.254411161263849,0.09978285,0.10971561,0.11924906,property_damage,0.4113785,flood_events,0.34080684,county_prior_months,0.25265548,High
48017,Bailey County,TX,34.067521,-102.830345,6902.0,0.1273952095808383,0.0882316,0.07960482,0.08442819,county_prior_months,0.7677737,flood_events,0.4027882,property_damage,0.38947773,High
55085,Oneida County,WI,45.716176,-89.534533,37799.0,0.0955660783469651,0.13072504,0.121439494,0.13452229,county_prior_months,0.79982483,property_damage,0.42085773,flood_events,0.34988305,High
19145,Page County,IA,40.739097,-95.144301,15225.0,0.1342949166783363,0.21523976,0.2084639,0.23799984,county_prior_months,0.4649299,flood_events,0.3882873,property_damage,0.35018384,Medium
22057,Lafourche Parish,LA,29.491992,-90.394849,97220.0,0.1655206597625023,0.12604925,0.12143892,0.13228373,flood_events,0.31179217,county_prior_months,0.30991244,property_damage,0.30419576,High
37103,Jones County,NC,35.032268,-77.356195,9263.0,0.1771129067481983,0.30949455,0.3121159,0.33170015,county_prior_months,0.3833576,flood_events,0.34694925,property_damage,0.33395934,Medium
54045,Logan County,WV,37.830591,-81.940853,32350.0,0.2375297666296237,0.11591856,0.09631702,0.098958164,county_prior_months,0.6156169,property_damage,0.398426,flood_events,0.37006494,High
48045,Briscoe County,TX,34.525172,-101.205893,1290.0,0.2435395458104933,0.024001159,0.026657933,0.0409548,county_prior_months,1.2092316,property_damage,0.42977077,county_disaster_rate,0.3943906,High
21233,Webster County,KY,37.520375,-87.685206,12951.0,0.1606164111525935,0.19458804,0.20914978,0.22975813,county_prior_months,1.1343513,property_damage,0.5284513,flood_events_prev1m,0.4058812,Medium
51660,Harrisonburg city,VA,38.436255,-78.873303,51784.0,0.2723229328121841,0.06594753,0.05707226,0.0728722,property_damage,0.3648766,county_prior_months,0.36217648,flood_events,0.33780247,High
21225,Union County,KY,37.658029,-87.95165,13495.0,0.1884804850322091,0.7062563,0.6086466,0.69901633,county_prior_months,1.3604357,flood_events_prev1m,0.5719027,flood_events,0.5360908,Low
51017,Bath County,VA,38.068368,-79.731203,4177.0,0.2366336633663366,0.21487147,0.18910289,0.22241338,county_prior_months,0.75945115,property_damage,0.65795803,flood_events,0.43385854,Medium
54059,Mingo County,WV,37.721161,-82.158989,23466.0,0.2861856200188534,0.14272028,0.14047325,0.14764497,county_prior_months,0.82608014,county_disaster_rate,0.42540315,property_damage,0.4173855,High
35055,Taos County,NM,36.577183,-105.638878,34475.0,0.1485125390476746,0.115433834,0.102867246,0.114188574,county_disaster_rate,0.42865023,flood_events,0.37447077,month,0.34998155,High
54109,Wyoming County,WV,37.60366,-81.549032,21237.0,0.2443514246301669,0.17207952,0.1625823,0.17695355,property_damage,0.38939866,county_prior_months,0.36753777,county_disaster_rate,0.35923162,Medium
08021,Conejos County,CO,37.213406,-106.176447,7553.0,0.1568287808127914,0.032771576,0.02501532,0.036062233,county_prior_months,1.2320027,county_disaster_rate,0.6491634,flood_events,0.39527023,High
12085,Martin County,FL,27.083604,-80.398201,159399.0,0.1051756885090218,0.21523221,0.18903273,0.21250577,flood_events,0.29115725,median_home_value,0.2401263,property_damage,0.22109494,Medium
35029,Luna County,NM,32.184523,-107.747191,25393.0,0.2328542258878168,0.16868344,0.15956149,0.1890067,property_damage,0.37970954,flood_events,0.32080564,storm_count,0.21482706,Medium
35028,Los Alamos County,NM,35.870047,-106.307968,19253.0,0.0370854008879603,0.09479035,0.10274682,0.11473134,median_home_value,0.4861653,property_damage,0.40943554,flood_events,0.36352956,High
35003,Catron County,NM,33.901621,-108.391928,3635.0,0.2103505843071786,0.14389667,0.13451992,0.17712384,county_disaster_rate,0.5716634,flood_events,0.41231957,property_damage,0.367704,High
54105,Wirt County,WV,39.020034,-81.382975,5202.0,0.2028704422032583,0.2112861,0.19124675,0.20896192,property_damage,0.36994016,flood_events,0.36376184,county_disaster_rate,0.26108202,Medium
34011,Cumberland County,NJ,39.328434,-75.121628,153588.0,0.1551740940288741,0.026686959,0.02752226,0.030102596,county_prior_months,1.3763808,flood_events,0.33207408,property_damage,0.33024216,High
99119,99119,99,39.5,-98.35,,,0.1072382,0.0914392,0.11403613,total_population,0.9541908,county_disaster_rate,0.6607191,flood_events,0.60092103,High
21149,McLean County,KY,37.526707,-87.265597,9173.0,0.0792830437651198,0.14379968,0.14395902,0.16448164,county_prior_months,0.9828884,property_damage,0.52162147,flood_events,0.36687556,High
21063,Elliott County,KY,38.116883,-83.096116,7378.0,0.2467747270922924,0.23023206,0.23539323,0.273579,county_disaster_rate,0.5209795,property_damage,0.4515058,county_prior_months,0.36269638,Medium
21055,Crittenden County,KY,37.358149,-88.10501,8979.0,0.1791044776119403,0.241843,0.23175283,0.24343997,county_prior_months,0.855432,property_damage,0.49080563,county_disaster_rate,0.3873226,Medium
99129,99129,99,39.5,-98.35,,,0.13981807,0.11605307,0.15768811,total_population,1.0892951,county_disaster_rate,0.59313685,flood_events,0.47390434,High
27041,Douglas County,MN,45.936835,-95.462155,39081.0,0.0851102464332036,0.12077308,0.112658806,0.13519667,county_prior_months,0.73296136,property_damage,0.43140918,flood_events,0.34623975,High
51790,Staunton city,VA,38.157978,-79.061876,25581.0,0.1144288909136088,0.061891306,0.056022707,0.06211544,county_prior_months,0.634858,property_damage,0.40735596,flood_events,0.3904712,High
99079,99079,99,39.5,-98.35,,,0.028833345,0.026120616,0.031932615,total_population,0.8611865,county_disaster_rate,0.72076,property_damage,0.4192465,High
19131,Mitchell County,IA,43.348564,-92.784466,10537.0,0.0670499951271805,0.4399666,0.42996392,0.44028425,county_prior_months,0.7890872,flood_events,0.66714853,property_damage,0.36520407,High
51036,Charles City County,VA,37.361054,-77.05417,6760.0,0.1246644795705338,0.10292876,0.11146574,0.11660553,property_damage,0.5484959,flood_events,0.38967308,county_prior_months,0.3800715,High
27069,Kittson County,MN,48.77604,-96.780349,4191.0,0.1099528418962521,0.4723951,0.41352838,0.47128832,county_prior_months,1.6985903,flood_events,0.75016433,total_population,0.42403078,Low
48163,Frio County,TX,28.869383,-99.109005,18151.0,0.2066222463965189,0.6707136,0.65365344,0.68404454,property_damage,0.51536393,flood_events,0.3072458,wind_events,0.21566626,High
27129,Renville County,MN,44.723697,-94.955617,14707.0,0.103929643330774,0.5446321,0.5523221,0.5927743,county_prior_months,1.3071539,property_damage_prev1m,0.68875986,flood_events_prev1m,0.3723385,High
48363,Palo Pinto County,TX,32.752204,-98.317967,28569.0,0.1583362831858407,0.1386988,0.14245003,0.16156492,county_prior_months,0.814433,property_damage,0.35954645,flood_events,0.33698815,High
48123,DeWitt County,TX,29.082346,-97.361654,19826.0,0.1653442109968708,0.79028374,0.76400274,0.77434725,flood_events,1.0774672,storm_count,0.41421133,property_damage,0.29129973,High
16079,Shoshone County,ID,47.347694,-115.885092,13399.0,0.1599573040561146,0.51814127,0.506952,0.5507456,flood_events,0.5011848,property_damage,0.37609553,storm_count,0.23714495,High
05013,Calhoun County,AR,33.56046,-92.513879,4773.0,0.1248912097476066,0.8296747,0.81083196,0.83438045,flood_events,0.8331738,county_prior_months,0.6053137,county_disaster_rate,0.52844995,High
16085,Valley County,ID,44.85596,-115.618061,11830.0,0.1398745596700747,0.13514578,0.11460417,0.13410802,median_home_value,0.52560776,property_damage,0.3873705,flood_events,0.3728596,High
05025,Cleveland County,AR,33.893201,-92.188714,7548.0,0.1355728051391863,0.7995223,0.79389936,0.81331176,flood_events,1.0581034,county_prior_months,0.608775,month,0.3973787,High
17017,Cass County,IL,39.969202,-90.245704,12955.0,0.1227715064227325,0.70299304,0.6525517,0.698884,flood_events,0.865511,property_damage,0.42276856,county_prior_months,0.3431612,High
02224,02224,02,64.2,-149.5,,,0.057726335,0.05066724,0.065725654,total_population,0.9234578,county_disaster_rate,0.71467483,flood_events,0.3973147,High
02210,02210,02,64.2,-149.5,,,0.034678794,0.033621237,0.040978722,total_population,0.8646173,county_disaster_rate,0.71681875,median_home_value,0.38132292,High
48177,Gonzales County,TX,29.461912,-97.49192,19736.0,0.1307256819351518,0.65180016,0.64096427,0.6496648,flood_events,0.894135,property_damage,0.32237,county_prior_months,0.2548526,High
02214,02214,02,64.2,-149.5,,,0.043515943,0.036571097,0.046677493,total_population,0.9737741,county_disaster_rate,0.75151384,flood_events,0.35385737,High
31075,Grant County,NE,41.913957,-101.755965,649.0,0.1079365079365079,0.101209424,0.075385235,0.09468724,county_prior_months,0.7196932,flood_events,0.38172495,property_damage,0.37767422,High
02221,02221,02,64.2,-149.5,,,0.034678794,0.034827404,0.040948153,total_population,0.8633507,county_disaster_rate,0.715766,median_home_value,0.38020748,High
02217,02217,02,64.2,-149.5,,,0.024684021,0.02012871,0.02914288,total_population,0.8584301,county_disaster_rate,0.75458646,median_home_value,0.39094147,High
02215,02215,02,64.2,-149.5,,,0.022763722,0.018143322,0.02430311,total_population,0.86118287,county_disaster_rate,0.75477666,median_home_value,0.4031101,High
05039,Dallas County,AR,33.967823,-92.653999,6472.0,0.1190907593477186,0.68156904,0.64473116,0.67958266,flood_events,0.7839368,county_prior_months,0.6571809,total_population,0.37691733,High
48099,Coryell County,TX,31.391177,-97.798022,82927.0,0.1061231818998024,0.39582378,0.37492058,0.42821792,property_damage_prev1m,0.5838012,county_prior_months,0.3510621,property_damage,0.30596656,Low
02152,02152,02,64.2,-149.5,,,0.07106212,0.057544157,0.07821422,total_population,1.1166995,county_disaster_rate,0.76146513,flood_events,0.74714726,High
17105,Livingston County,IL,40.894376,-88.552852,35771.0,0.102085490312084,0.090273865,0.08353134,0.0898334,county_prior_months,1.1605053,property_damage,0.37071264,flood_events,0.36340612,High
41055,Sherman County,OR,45.399216,-120.678512,1900.0,0.1554267650158061,0.16290362,0.16076063,0.17790936,county_disaster_rate,0.52736527,property_damage,0.39038464,flood_events,0.3494941,Medium
41065,Wasco County,OR,45.164536,-121.165069,26639.0,0.1169005444367763,0.16431448,0.15388736,0.17168391,county_disaster_rate,0.4553961,flood_events,0.36841637,property_damage,0.3486496,Medium
41031,Jefferson County,OR,44.645151,-121.178632,24659.0,0.1268383915667771,0.33481076,0.32234743,0.33460212,flood_events,0.51509106,county_disaster_rate,0.40369818,property_damage,0.38262114,Medium
41035,Klamath County,OR,42.683761,-121.646168,69506.0,0.1783354770813844,0.3253885,0.27805054,0.30052707,county_disaster_rate,0.837404,flood_events,0.5696972,winter_events_prev3m,0.42770535,Medium
41013,Crook County,OR,44.163054,-120.371585,24987.0,0.0791668345352725,0.34722912,0.3372782,0.3546781,flood_events,0.50785774,property_damage,0.3817397,median_home_value,0.34790576,Medium
17203,Woodford County,IL,40.789787,-89.210587,38414.0,0.0746412508031698,0.16648813,0.1484063,0.15275274,county_prior_months,0.9386883,flood_events,0.40401524,storm_count,0.3897604,Medium
18015,Carroll County,IN,40.58498,-86.565141,20397.0,0.0727849670286082,0.14871797,0.15042688,0.15621579,county_prior_months,0.8946699,flood_events,0.35606366,property_damage,0.35393193,High
05095,Monroe County,AR,34.679512,-91.20331,6787.0,0.2381451009723261,0.23096378,0.21235923,0.23409773,county_prior_months,1.451956,flood_events,0.50940996,property_damage,0.3899694,Medium
20121,Miami County,KS,38.566772,-94.832963,34312.0,0.0696811353245056,0.25463578,0.2351784,0.2402713,county_prior_months,0.7436412,flood_events,0.6095425,property_damage,0.38289392,Medium
28161,Yalobusha County,MS,34.030666,-89.703807,12499.0,0.20535056860018,0.15727198,0.14726324,0.16663685,property_damage,0.34977683,flood_events,0.32923195,storm_count,0.23083638,Medium
05101,Newton County,AR,35.910742,-93.215898,7243.0,0.1135444273957316,0.1997006,0.20046595,0.2096862,county_disaster_rate,0.43640476,property_damage,0.37825423,flood_events,0.36652303,Medium
29005,Atchison County,MO,40.431846,-95.437555,5270.0,0.11598685482312,0.23479694,0.22542852,0.246877,county_prior_months,0.52479327,flood_events,0.40800247,property_damage,0.3574583,Medium
20101,Lane County,KS,38.481286,-100.466185,1528.0,0.0899540380827314,0.22802378,0.20211996,0.26702446,county_prior_months,0.77113277,flood_events,0.41843054,property_damage,0.35563248,Low
48285,Lavaca County,TX,29.382578,-96.923633,20379.0,0.1023847856711612,0.43436208,0.4177347,0.42863166,flood_events,0.4697377,property_damage,0.34856606,storm_count,0.23380542,High
48053,Burnet County,TX,30.78963,-98.201187,49684.0,0.0783466106753947,0.48602203,0.51170015,0.5325959,flood_events,0.84754413,county_prior_months,0.59609616,property_damage,0.40863615,High
97003,97003,97,39.5,-98.35,,,0.07441553,0.07842637,0.10165406,total_population,1.2867607,property_damage,0.90798545,county_disaster_rate,0.65730834,High
29121,Macon County,MO,39.829795,-92.56434,15173.0,0.1095816826697106,0.27198574,0.26099426,0.28085655,county_prior_months,0.4881194,flood_events,0.37909043,property_damage,0.30916923,Medium
48049,Brown County,TX,31.764137,-98.998456,38159.0,0.1328447848366301,0.50544506,0.47878072,0.52001184,flood_events,0.55138415,storm_count,0.3899351,county_prior_months,0.3378442,High
19005,Allamakee County,IA,43.274964,-91.382751,14046.0,0.116214639836687,0.68689555,0.65207094,0.6619003,county_prior_months,0.61072314,flood_events,0.6026736,flood_events_prev1m,0.4599903,High
51021,Bland County,VA,37.130612,-81.125853,6241.0,0.1074899942824471,0.39768293,0.39807472,0.4265657,county_prior_months,0.6243191,flood_events,0.5957366,total_population,0.31060788,Medium
30053,Lincoln County,MT,48.552385,-115.463185,20157.0,0.1686069851465275,0.06391376,0.048143476,0.052678756,property_damage,0.56693584,county_prior_months,0.49948806,county_disaster_rate,0.48295027,High
48497,Wise County,TX,33.219095,-97.653997,70062.0,0.0908123551448187,0.07421329,0.059243884,0.06409042,county_prior_months,0.92982703,property_damage,0.36068195,flood_events,0.33714044,High
19037,Chickasaw County,IA,43.059741,-92.31721,11957.0,0.0630914826498422,0.57729757,0.5323192,0.5647326,flood_events,0.91803557,county_prior_months,0.70992815,property_damage,0.3511348,High
19043,Clayton County,IA,42.840985,-91.323576,17123.0,0.1302309016442096,0.5557708,0.47036883,0.54170513,county_prior_months,1.375465,flood_events,0.6925318,month,0.39227423,Low
48501,Yoakum County,TX,33.162339,-102.832241,7630.0,0.1362082566394951,0.23013191,0.21649978,0.26418978,county_prior_months,1.0274626,county_disaster_rate,0.79211456,flood_events,0.69303966,Medium
19191,Winneshiek County,IA,43.292989,-91.850788,20050.0,0.0893415178571428,0.33288953,0.338045,0.34962034,county_prior_months,0.7566045,flood_events,0.6168182,property_damage,0.38416648,Medium
48243,Jeff Davis County,TX,30.625357,-104.191873,1992.0,0.2460276781137878,0.12493073,0.10959523,0.13686788,county_disaster_rate,0.6808217,property_damage,0.45270398,flood_events,0.39156973,High
55023,Crawford County,WI,43.242768,-90.935185,16123.0,0.1237059704407839,0.7695936,0.72668666,0.74385226,flood_events,0.82345235,county_prior_months,0.58283293,flood_events_prev1m,0.57306993,High
19181,Warren County,IA,41.332446,-93.568751,52709.0,0.0616288898936483,0.1312151,0.13225856,0.15286592,county_prior_months,1.2162665,property_damage,0.47154957,flood_events,0.29026958,High
19177,Van Buren County,IA,40.754117,-91.952943,7207.0,0.1109702858752288,0.17631075,0.16874328,0.1774044,county_prior_months,0.7094837,flood_events,0.4227907,property_damage,0.3564773,Medium
48237,Jack County,TX,33.23216,-98.171177,8588.0,0.1449927239052784,0.16330989,0.16034015,0.17724638,county_prior_months,0.40621173,flood_events,0.3748902,property_damage,0.35515836,Medium
19089,Howard County,IA,43.365312,-92.321908,9479.0,0.0867830961621388,0.49283588,0.48414454,0.49560922,county_prior_months,0.7235645,flood_events,0.6645557,property_damage,0.36376128,High
19157,Poweshiek County,IA,41.684642,-92.522934,18608.0,0.1076687477912592,0.11795351,0.115453005,0.12605558,county_prior_months,1.1236966,flood_events,0.38097993,property_damage,0.29446495,High
48221,Hood County,TX,32.430149,-97.831677,62459.0,0.0887010416328649,0.11745145,0.1182064,0.12416154,county_prior_months,0.46574727,property_damage,0.35799524,flood_events,0.34202388,High
48009,Archer County,TX,33.616305,-98.687267,8649.0,0.1228581419745891,0.6149904,0.59742945,0.61508465,flood_events,0.53885996,total_population,0.33734024,property_damage,0.33329588,High
48013,Atascosa County,TX,28.891478,-98.535381,49403.0,0.1406298208445605,0.6743993,0.6690532,0.68304616,flood_events_prev1m,0.40420377,county_disaster_rate,0.37629357,flood_events,0.35557088,High
19147,Palo Alto County,IA,43.075337,-94.669055,8938.0,0.1069462340400609,0.13826843,0.10951614,0.14631476,county_prior_months,1.4349816,property_damage,0.42039302,flood_events,0.39493164,High
19125,Marion County,IA,41.331433,-93.093868,33487.0,0.0768576022193499,0.28640804,0.31518802,0.35964566,county_prior_months,1.24853,storm_count,0.50478256,property_damage,0.40191555,Medium
27077,Lake of the Woods County,MN,48.7681,-94.904633,3786.0,0.1068559185859668,0.13833459,0.14102595,0.15430376,property_damage,0.40171853,county_prior_months,0.39578894,flood_events,0.39517912,High
48225,Houston County,TX,31.323036,-95.4216,22107.0,0.1760960334029227,0.08625836,0.09003388,0.09946612,county_prior_months,0.7502268,property_damage,0.38955992,flood_events,0.37639624,High
48023,Baylor County,TX,33.618802,-99.208189,3475.0,0.1163133097762073,0.23965666,0.22661379,0.24161701,property_damage,0.3518117,flood_events,0.33237913,county_disaster_rate,0.2820598,Medium
19135,Monroe County,IA,41.028847,-92.869642,7574.0,0.1082716879623402,0.12600274,0.1304609,0.14473817,county_prior_months,0.85165036,flood_events,0.42331532,property_damage,0.3809068,High
19121,Madison County,IA,41.330622,-94.015184,16609.0,0.0613612820669063,0.08812833,0.06933529,0.07191702,county_prior_months,0.8920986,flood_events,0.39986476,property_damage,0.39972642,High
51670,Hopewell city,VA,37.29101,-77.298944,23046.0,0.2132404486505432,0.099577434,0.09371253,0.0986927,property_damage,0.57608247,flood_events,0.3119908,max_magnitude,0.22842978,High
48223,Hopkins County,TX,33.148967,-95.565434,37008.0,0.1339857602331143,0.74568695,0.6482295,0.72148365,property_damage,3.1008863,county_prior_months,0.69796646,flood_events,0.34230047,Low
22035,East Carroll Parish,LA,32.73017,-91.234141,7371.0,0.4028358480276313,0.1488832,0.13646498,0.16817899,county_prior_months,0.88857615,flood_events,0.43311438,county_disaster_rate,0.274307,High
22077,Pointe Coupee Parish,LA,30.708319,-91.604621,20652.0,0.1913264061661544,0.21221067,0.19787258,0.2051749,county_disaster_rate,0.40584266,county_prior_months,0.36745852,flood_events,0.3345371,Medium
19101,Jefferson County,IA,41.006376,-91.966628,15785.0,0.139738579706239,0.18527311,0.17280981,0.19044814,county_prior_months,0.44630882,flood_events,0.3832099,property_damage,0.35240424,Medium
19109,Kossuth County,IA,43.212356,-94.213965,14718.0,0.1047460910474609,0.040525403,0.03698954,0.041691713,county_prior_months,1.4479386,property_damage,0.40068805,flood_events,0.37251475,High
48031,Blanco County,TX,30.266203,-98.399332,11608.0,0.097718167566626,0.20613043,0.19371003,0.20818715,property_damage,0.47979483,flood_events,0.3496629,median_home_value,0.27427682,Medium
19159,Ringgold County,IA,40.735334,-94.244251,4690.0,0.0824765310683951,0.15397838,0.14924142,0.15567847,county_prior_months,0.8280755,property_damage,0.42959434,flood_events,0.40876013,Medium
19087,Henry County,IA,40.984802,-91.547259,20436.0,0.1131041090057483,0.1981244,0.1804526,0.19296241,county_prior_months,0.8313879,flood_events,0.37320036,property_damage,0.3652538,Medium
48003,Andrews County,TX,32.312258,-102.640206,18362.0,0.1194185408667032,0.51960987,0.44687992,0.51250273,flood_events,1.019127,county_disaster_rate,0.8824376,county_prior_months,0.24454625,Low
19173,Taylor County,IA,40.737949,-94.697108,5916.0,0.0854288666896314,0.1138256,0.1075119,0.11715185,county_prior_months,0.9964419,flood_events,0.39765215,property_damage,0.38058665,High
19071,Fremont County,IA,40.74259,-95.599182,6639.0,0.0753699136868064,0.16997139,0.15225878,0.16048026,county_prior_months,0.88998306,flood_events,0.39295414,property_damage,0.35865223,Medium
22087,St. Bernard Parish,LA,29.91811,-89.263494,44038.0,0.2252231631952392,0.20309074,0.18946272,0.23493053,county_disaster_rate,0.5298746,property_damage,0.35320994,flood_events,0.30303314,Medium
22093,St. James Parish,LA,30.024777,-90.793956,20090.0,0.1146330436529863,0.43960226,0.3696025,0.42617136,county_disaster_rate,0.71811485,property_damage,0.3997427,flood_events,0.29012007,Low
19065,Fayette County,IA,42.864122,-91.840376,19519.0,0.1182955268178927,0.09999384,0.094679154,0.10102556,county_prior_months,0.9210774,property_damage,0.38857177,flood_events,0.3817055,High
01035,Conecuh County,AL,31.430926,-86.988722,11576.0,0.1842973771061316,0.6483382,0.6296197,0.6641015,flood_events,0.62410855,storm_count,0.5971421,total_population,0.36179665,High
19185,Wayne County,IA,40.739983,-93.332613,6484.0,0.1331761006289308,0.15079373,0.13792942,0.16866258,county_prior_months,0.91461766,flood_events,0.41532168,property_damage,0.3578233,Medium
48039,Brazoria County,TX,29.167817,-95.434647,374600.0,0.0753244744466878,0.046824675,0.047680102,0.04869861,county_prior_months,0.8886202,flood_events,0.33891743,total_population,0.3133867,High
48041,Brazos County,TX,30.656713,-96.302394,234548.0,0.2430702838278959,0.06244188,0.06316259,0.08495124,county_prior_months,0.75459224,county_disaster_rate,0.42498213,flood_events,0.32684988,High
19057,Des Moines County,IA,40.915339,-91.186925,38824.0,0.146429512516469,0.08364548,0.072367616,0.08365194,county_prior_months,1.6198294,county_disaster_rate,0.40198174,property_damage,0.39987352,High
29205,Shelby County,MO,39.797531,-92.088719,6049.0,0.1485420240137221,0.28997982,0.26333466,0.2707181,county_disaster_rate,0.46297702,flood_events,0.35355467,property_damage,0.3387421,Medium
19049,Dallas County,IA,41.68532,-94.040706,100367.0,0.0566737128945971,0.027352706,0.023277232,0.025647203,county_prior_months,1.3597984,property_damage,0.3777846,flood_events,0.32041487,High
19051,Davis County,IA,40.748089,-92.410345,9093.0,0.0940743220622698,0.33573052,0.33351886,0.34160864,county_prior_months,0.46522558,flood_events,0.4161513,property_damage,0.32493454,Medium
19053,Decatur County,IA,40.736379,-93.78458,7684.0,0.1448631609113053,0.11498711,0.1085794,0.115516394,county_prior_months,0.87941176,flood_events,0.40471965,property_damage,0.3697354,High
22107,Tensas Parish,LA,32.001489,-91.342576,4127.0,0.3506623344163959,0.47264525,0.4084266,0.48318088,property_damage,1.3936222,county_prior_months,0.68945986,flood_events,0.43894935,Low
20005,Atchison County,KS,39.532544,-95.313397,16309.0,0.1448210795875733,0.21354346,0.19969055,0.21671091,property_damage,0.3459914,flood_events,0.33890688,county_prior_months,0.3235636,Medium
48043,Brewster County,TX,29.808997,-103.252458,9454.0,0.1565038449041481,0.046584323,0.04958363,0.066361725,county_disaster_rate,1.07679,county_prior_months,0.74790967,property_damage,0.37938216,High
22121,West Baton Rouge Parish,LA,30.464052,-91.309808,27377.0,0.1474935128426911,0.3084876,0.30063003,0.31382322,county_disaster_rate,0.5619008,property_damage,0.3684678,flood_events,0.33074346,Medium
22123,West Carroll Parish,LA,32.79248,-91.451998,9800.0,0.1921135646687697,0.44653213,0.405098,0.44537705,property_damage,1.0162082,county_prior_months,0.7314842,flood_events,0.46438164,High
29171,Putnam County,MO,40.478606,-93.014531,4698.0,0.1227688289072703,0.2790991,0.26758504,0.27914894,flood_events,0.38900116,county_prior_months,0.37957087,property_damage,0.36130995,Medium
48217,Hill County,TX,31.982681,-97.130668,36138.0,0.1331910655854317,0.25453648,0.23760602,0.26295874,property_damage,0.56467766,flood_events,0.37256926,county_prior_months,0.31408784,Medium
01039,Covington County,AL,31.243987,-86.448721,37542.0,0.1878307596276494,0.54242396,0.51873505,0.56440365,flood_events,0.5802449,storm_count,0.42621976,property_damage,0.3061145,High
01085,Lowndes County,AL,32.147888,-86.650586,10153.0,0.2552765829748925,0.17682946,0.16637558,0.18337943,flood_events,0.3748368,property_damage,0.36949426,county_prior_months,0.228257,Medium
38067,Pembina County,ND,48.766896,-97.545405,6853.0,0.0918690601900739,0.59956837,0.6375574,0.6784377,county_prior_months,1.7008699,county_disaster_rate,0.94942564,flood_events,0.60360044,High
38069,Pierce County,ND,48.238883,-99.966497,3999.0,0.1120396970488378,0.6753964,0.5515742,0.6603914,property_damage,1.1283236,county_prior_months,0.7476797,total_population,0.5049514,Low
29147,Nodaway County,MO,40.361136,-94.883146,21140.0,0.194417130995302,0.09364959,0.088459775,0.10239895,county_prior_months,0.9349939,flood_events,0.39386445,property_damage,0.37257087,High
19013,Black Hawk County,IA,42.471132,-92.3076,131041.0,0.1569895541078193,0.03742435,0.034206517,0.03847342,county_prior_months,1.345623,property_damage,0.45586213,flood_events,0.30996794,High
38079,Rolette County,ND,48.768271,-99.840463,12292.0,0.2485142713651962,0.5830488,0.5496486,0.61416364,property_damage,1.2694893,county_prior_months,0.8293307,flood_events,0.44479236,Low
20033,Comanche County,KS,37.181442,-99.251293,1825.0,0.0870561282932416,0.18777204,0.18560535,0.20925175,county_prior_months,0.7442814,flood_events,0.4113189,property_damage,0.30145085,Medium
12113,Santa Rosa County,FL,30.675348,-87.018919,188994.0,0.0894762961710667,0.31365442,0.33553302,0.3753233,county_prior_months,0.8566625,flood_events,0.55646616,total_population,0.2921741,Medium
19007,Appanoose County,IA,40.744249,-92.873062,12279.0,0.1734685464589001,0.1428959,0.13679552,0.1506809,county_prior_months,0.8994874,flood_events,0.4188766,property_damage,0.37307757,High
38095,Towner County,ND,48.682183,-99.248158,2152.0,0.1371428571428571,0.17548665,0.17976023,0.22332564,county_prior_months,1.2056773,county_disaster_rate,0.4973626,flood_events,0.43898693,Medium
48051,Burleson County,TX,30.493487,-96.622091,17958.0,0.1245903491919991,0.1746985,0.16774341,0.18622142,property_damage,0.36498836,flood_events,0.34158602,county_prior_months,0.28660756,Medium
48263,Kent County,TX,33.18478,-100.76972,635.0,0.0795847750865051,0.32648873,0.31951448,0.34561363,county_disaster_rate,0.40902397,max_magnitude,0.376601,flood_events,0.35859877,Medium
18171,Warren County,IN,40.352498,-87.375163,8454.0,0.1254501800720288,0.34369868,0.34558725,0.3606514,property_damage,0.74881786,county_prior_months,0.62783146,flood_events,0.42962474,Medium
18179,Wells County,IN,40.735547,-85.213349,28167.0,0.0636724583834189,0.40910795,0.40578046,0.43998536,property_damage,0.47268078,flood_events,0.37300128,county_prior_months,0.34071067,High
30069,Petroleum County,MT,47.141917,-108.226575,416.0,0.0625,0.4090221,0.4013482,0.41158786,flood_events,0.60741603,county_prior_months,0.5805594,property_damage,0.3736305,High
21231,Wayne County,KY,36.800772,-84.82659,19666.0,0.2536509580528224,0.058245506,0.057077724,0.06856509,county_prior_months,0.95685244,property_damage,0.5682354,flood_events,0.3946572,High
18145,Shelby County,IN,39.524135,-85.792174,44940.0,0.1294240504892279,0.098964974,0.10008418,0.105902106,county_prior_months,0.7388661,flood_events,0.36334532,max_magnitude,0.15235814,High
05133,Sevier County,AR,33.994877,-94.243279,15913.0,0.200920245398773,0.090824455,0.08853912,0.0984576,county_prior_months,0.7332404,property_damage,0.39462984,flood_events,0.37943104,High
20067,Grant County,KS,37.547537,-101.299362,7336.0,0.0533793103448275,0.37798148,0.32430387,0.3940249,county_prior_months,0.9609466,flood_events,0.60606694,property_damage,0.33154854,Low
29081,Harrison County,MO,40.34562,-93.992582,8190.0,0.1649277184160905,0.2482631,0.24147177,0.26288378,county_prior_months,0.4442611,flood_events,0.39554092,property_damage,0.3433587,Medium
18125,Pike County,IN,38.397961,-87.232547,12227.0,0.1098179399783855,0.2585443,0.2153354,0.23888007,county_prior_months,1.4486306,flood_events,0.76900905,property_damage,0.3816494,Medium
05127,Scott County,AR,34.858869,-94.063641,9871.0,0.1712622549019608,0.11817351,0.13227695,0.14299175,county_prior_months,0.712661,property_damage,0.38537437,flood_events,0.3832026,High
20081,Haskell County,KS,37.554979,-100.879952,3735.0,0.0901439044257398,0.16581638,0.15290701,0.16193466,county_prior_months,0.9804382,flood_events,0.42209926,property_damage,0.36360225,Medium
20083,Hodgeman County,KS,38.087493,-99.898407,1770.0,0.0878612716763005,0.11255477,0.11527843,0.12949362,county_prior_months,1.0198598,property_damage,0.4015406,flood_events,0.39619184,High
05125,Saline County,AR,34.648525,-92.674463,123988.0,0.095496437675665,0.052424222,0.061534733,0.06939668,county_prior_months,1.80078,flood_events_prev1m,0.36534256,property_damage,0.2935808,High
48291,Liberty County,TX,30.158508,-94.844061,93523.0,0.177203836158322,0.11009313,0.10170278,0.11401136,county_prior_months,0.46458533,flood_events,0.33353308,property_damage,0.3228879,High
05121,Randolph County,AR,36.341298,-91.028441,18619.0,0.1922320550639134,0.08767816,0.09125031,0.10146417,county_prior_months,1.319322,flood_events,0.39304128,property_damage,0.3573925,High
01129,Washington County,AL,31.408503,-88.212404,15434.0,0.1580290537887711,0.10441656,0.11252153,0.14027883,county_prior_months,0.7585638,flood_events,0.46634617,property_damage,0.4110587,High
48477,Washington County,TX,30.215075,-96.410272,35807.0,0.1188992576249962,0.1381574,0.12751582,0.14575489,property_damage,0.36473787,flood_events,0.33576903,county_prior_months,0.24168617,High
48471,Walker County,TX,30.743163,-95.569825,77182.0,0.1945932621199671,0.25387785,0.2427784,0.25356016,flood_events,0.31086484,property_damage,0.2882058,county_disaster_rate,0.27698135,Medium
29039,Cedar County,MO,37.733655,-93.850014,14314.0,0.1834432858054905,0.13919069,0.11992113,0.14550065,county_prior_months,0.85735154,flood_events,0.41864687,county_disaster_rate,0.25395927,High
01131,Wilcox County,AL,31.990082,-87.304935,10441.0,0.2676387122027596,0.47529066,0.43326482,0.4508907,county_disaster_rate,0.37607324,flood_events,0.34182504,storm_count,0.30056372,High
05117,Prairie County,AR,34.831116,-91.55362,8217.0,0.0997871541254538,0.13785885,0.11700072,0.17418069,county_prior_months,1.4688941,flood_events,0.3664331,property_damage,0.33730224,Low
01025,Clarke County,AL,31.685521,-87.818624,23058.0,0.2236082337902763,0.051868007,0.06295949,0.06487135,county_prior_months,1.3616961,property_damage,0.39796597,flood_events,0.39573076,High
05115,Pope County,AR,35.456557,-93.026818,63475.0,0.1785470583340268,0.06879665,0.07247275,0.090488836,county_prior_months,1.2685913,flood_events,0.3585052,property_damage,0.32865307,High
18079,Jennings County,IN,38.996229,-85.628103,27610.0,0.1391831122012859,0.17230652,0.16198367,0.17857596,county_prior_months,0.35386184,property_damage,0.33939415,flood_events,0.32917506,Medium
01091,Marengo County,AL,32.247591,-87.791091,19180.0,0.2145308622419346,0.13176925,0.11818698,0.1321826,county_prior_months,0.40199196,flood_events,0.38570628,property_damage,0.36658207,High
18069,Huntington County,IN,40.826394,-85.478597,36699.0,0.1111551865809084,0.08391217,0.07907334,0.08575008,county_prior_months,0.8577458,property_damage,0.37519488,flood_events,0.3424296,High
48467,Van Zandt County,TX,32.558787,-95.836906,60053.0,0.1314518997848661,0.14467512,0.15081237,0.15579888,property_damage,0.4837111,county_prior_months,0.3924897,flood_events,0.31666943,High
48463,Uvalde County,TX,29.350308,-99.768427,24833.0,0.2412414080399916,0.25384286,0.25793982,0.28089836,county_prior_months,0.41300204,flood_events,0.3870826,wind_events,0.16837382,Medium
01041,Crenshaw County,AL,31.730311,-86.320038,13205.0,0.1485847227607599,0.34646496,0.32477745,0.3615969,storm_count,0.52884185,flood_events,0.4023948,county_prior_months,0.3756965,Medium
40001,Adair County,OK,35.898043,-94.651026,19726.0,0.2232110705283193,0.094615184,0.09768911,0.109982364,county_prior_months,1.0852873,flood_events,0.41407406,property_damage,0.3695617,High
40005,Atoka County,OK,34.392469,-96.036558,14117.0,0.1820258349086326,0.38970605,0.3757132,0.38544178,county_disaster_rate,0.33482468,flood_events,0.32575792,property_damage,0.25355762,Medium
18061,Harrison County,IN,38.186454,-86.103766,39684.0,0.0759920330933047,0.09456882,0.07782233,0.09113559,county_prior_months,1.174603,property_damage,0.3804196,flood_events,0.34074104,High
18045,Fountain County,IN,40.121237,-87.234872,16468.0,0.1205965386031668,0.49157134,0.4705605,0.54209363,property_damage,1.5069243,county_prior_months,0.7769222,flood_events,0.4364479,Low
01053,Escambia County,AL,31.122287,-87.16841,36755.0,0.2181003689172571,0.18831046,0.16900823,0.18570998,county_prior_months,0.65392685,flood_events,0.39747313,storm_count,0.3885965,Medium
47111,Macon County,TN,36.537757,-86.00096,25365.0,0.1650586492653829,0.08366172,0.082679585,0.09054243,county_prior_months,0.6900139,flood_events,0.3557311,property_damage,0.35436884,High
01023,Choctaw County,AL,31.990954,-88.248889,12669.0,0.1914228456913827,0.08054334,0.085423924,0.097045176,county_prior_months,0.96721846,flood_events,0.42499295,property_damage,0.3904329,High
55115,Shawano County,WI,44.789641,-88.755813,40848.0,0.1007512041728019,0.06493729,0.05682098,0.06158088,county_prior_months,0.85853595,property_damage,0.38687497,flood_events,0.3564738,High
28151,Washington County,MS,33.273174,-90.944446,44604.0,0.2929130972559439,0.085412666,0.070302665,0.11133074,county_prior_months,1.2746983,flood_events,0.39507776,wind_events,0.21784349,High
28153,Wayne County,MS,31.642503,-88.678214,19760.0,0.2208155379296318,0.12330863,0.14088815,0.15083933,flood_events,0.38143322,property_damage,0.3777715,county_prior_months,0.34179837,High
40061,Haskell County,OK,35.232431,-95.109642,11651.0,0.2143912401147127,0.12706165,0.11549207,0.13376975,county_prior_months,0.849681,flood_events,0.39229986,property_damage,0.37595358,High
18001,Adams County,IN,40.74573,-84.936134,35827.0,0.1145871741781773,0.21321188,0.20695142,0.23127757,property_damage,0.3383189,flood_events,0.2985486,county_prior_months,0.28272453,Medium
48307,McCulloch County,TX,31.205477,-99.359856,7638.0,0.1346463022508038,0.29024464,0.27570602,0.315787,flood_events,0.34273866,property_damage,0.3010979,county_prior_months,0.23299,Medium
48313,Madison County,TX,30.966878,-95.930372,13556.0,0.1247332859174964,0.2926781,0.27702722,0.28516144,flood_events,0.34657153,property_damage,0.33728525,wind_events,0.1890009,Medium
28147,Walthall County,MS,31.164492,-90.103431,13888.0,0.2027391272674291,0.13411584,0.1264625,0.13786179,county_prior_months,0.3759819,flood_events,0.354622,property_damage,0.2836108,High
48305,Lynn County,TX,33.178412,-101.818493,5619.0,0.1881098662811709,0.26500642,0.24814065,0.28926712,county_prior_months,1.1294413,flood_events,0.6296862,property_damage,0.33355957,Medium
05085,Lonoke County,AR,34.755114,-91.894132,74292.0,0.1184174624829468,0.25249663,0.21444845,0.2893267,deaths,1.1265877,county_prior_months,0.9466831,storm_count,0.3178978,Low
40077,Latimer County,OK,34.875137,-95.272262,9537.0,0.1665936952714536,0.21356861,0.19207254,0.21492144,county_prior_months,0.4791121,flood_events,0.38712218,total_population,0.23899229,Medium
20135,Ness County,KS,38.480437,-99.908745,2677.0,0.1052230270682424,0.11712248,0.110817164,0.13061813,county_prior_months,0.912374,flood_events,0.4076125,property_damage,0.40359038,High
20119,Meade County,KS,37.243886,-100.360094,4019.0,0.0705341170457449,0.2960416,0.25439134,0.28137764,county_prior_months,0.8614248,flood_events,0.42850912,storm_count,0.41484106,Medium
26011,Arenac County,MI,44.036833,-83.740675,15031.0,0.1355852528372842,0.081098355,0.07796767,0.09132198,property_damage,0.5589641,county_disaster_rate,0.48909575,flood_events,0.35619754,High
40101,Muskogee County,OK,35.617551,-95.383911,66606.0,0.1810459293861684,0.237684,0.27969587,0.30921212,property_damage,1.2809489,county_prior_months,1.1237718,flood_events,0.43920687,Medium
28135,Tallahatchie County,MS,33.954529,-90.172243,12621.0,0.2566547806617464,0.36243847,0.33723775,0.38309705,flood_events,0.3741042,county_disaster_rate,0.26931533,storm_count,0.26580822,Medium
17183,Vermilion County,IL,40.186754,-87.726778,74113.0,0.1745424363068525,0.049561657,0.04528676,0.062416334,county_prior_months,1.2914964,county_disaster_rate,0.34642342,flood_events,0.34537646,High
17187,Warren County,IL,40.850441,-90.620223,16760.0,0.1489712979425959,0.097845316,0.092407525,0.10275094,county_prior_months,0.94066316,county_disaster_rate,0.42206186,flood_events,0.3964748,High
40093,Major County,OK,36.313119,-98.542015,7678.0,0.116462113127001,0.2493482,0.23397174,0.24580356,county_prior_months,0.83157307,flood_events,0.44350398,county_disaster_rate,0.41993093,Medium
05083,Logan County,AR,35.218654,-93.72091,21247.0,0.1453187823090178,0.1460154,0.148976,0.16114767,county_prior_months,1.015594,flood_events,0.3841031,property_damage,0.33212826,High
48317,Martin County,TX,32.30983,-101.961836,5228.0,0.1688588007736944,0.11735032,0.11291499,0.137657,county_disaster_rate,0.6817228,property_damage,0.35452646,flood_events,0.34674248,High
26017,Bay County,MI,43.699711,-83.978701,103752.0,0.1528473471769683,0.041776173,0.040222242,0.044682074,county_prior_months,0.98282486,county_disaster_rate,0.6236015,flood_events,0.37773383,High
17169,Schuyler County,IL,40.156905,-90.613464,6879.0,0.1950569779487938,0.17086518,0.17370608,0.17701992,county_prior_months,0.40452582,property_damage,0.37422732,flood_events,0.37111992,Medium
17171,Scott County,IL,39.637002,-90.477771,4899.0,0.1097560975609756,0.29099783,0.27785584,0.2917794,flood_events,0.35984167,property_damage,0.33563223,county_disaster_rate,0.29507998,Medium
40127,Pushmataha County,OK,34.377899,-95.408082,10845.0,0.2170935359789849,0.1981459,0.15475118,0.18131857,county_prior_months,0.7622689,flood_events,0.42721424,county_disaster_rate,0.38242114,Medium
40117,Pawnee County,OK,36.313704,-96.696669,15682.0,0.1503793528305557,0.27536145,0.22357476,0.2571695,county_prior_months,0.7526236,flood_events,0.40976894,county_disaster_rate,0.337556,Medium
12093,Okeechobee County,FL,27.385592,-80.887388,39870.0,0.1921186257562662,0.28440315,0.2871126,0.29524344,county_disaster_rate,0.39060208,property_damage,0.31947136,flood_events,0.29965436,Medium
48077,Clay County,TX,33.785904,-98.212917,10290.0,0.0909269635309151,0.28865945,0.28130165,0.30243576,property_damage,0.42591178,flood_events,0.29598027,county_disaster_rate,0.22381921,Medium
17159,Richland County,IL,38.712187,-88.085452,15716.0,0.1374219562955255,0.15742517,0.15222837,0.16742459,property_damage,0.35010585,flood_events,0.33835715,county_prior_months,0.26314202,Medium
21195,Pike County,KY,37.486031,-82.410912,58196.0,0.2389372761115403,0.05191026,0.046777852,0.06566387,county_prior_months,1.5963044,county_disaster_rate,0.3664645,property_damage,0.35816294,High
48085,Collin County,TX,33.194494,-96.579428,1079153.0,0.0632207891628973,0.047077984,0.043080363,0.06157207,county_prior_months,1.0446427,total_population,0.8277877,property_damage,0.380648,High
41001,Baker County,OR,44.703427,-117.691933,16685.0,0.1371763255240443,0.18795468,0.19945148,0.21763761,property_damage,0.43485472,flood_events,0.34926042,county_prior_months,0.27316248,Medium
17147,Piatt County,IL,40.009033,-88.592355,16698.0,0.0715317049693177,0.24309061,0.2068327,0.21819752,flood_events,0.3936405,county_prior_months,0.3859331,property_damage,0.34551027,Medium
41005,Clackamas County,OR,45.160493,-122.195127,420925.0,0.0757633752141086,0.27230886,0.28698307,0.29301316,total_population,0.4181401,flood_events,0.37524047,median_home_value,0.37324268,Medium
28113,Pike County,MS,31.177516,-90.397725,40098.0,0.3067762019168669,0.09844134,0.08201812,0.089547716,county_prior_months,0.69994664,flood_events,0.39483473,property_damage,0.22491936,High
28111,Perry County,MS,31.169307,-88.988755,11511.0,0.2058613295210865,0.22891593,0.21559414,0.23718007,county_prior_months,0.39755684,flood_events,0.39467883,property_damage,0.35778558,Medium
28101,Newton County,MS,32.40197,-89.118412,21275.0,0.2345787545787545,0.5578925,0.5297077,0.56925255,property_damage,1.2005993,county_prior_months,1.1212636,flood_events,0.48031804,High
01063,Greene County,AL,32.844497,-87.9642,7706.0,0.3289542827115082,0.19882338,0.18563722,0.21154656,flood_events,0.37939137,property_damage,0.35140356,county_prior_months,0.30488393,Medium
48325,Medina County,TX,29.353661,-99.111085,51432.0,0.1027432132456265,0.078228824,0.07882922,0.08329005,county_prior_months,0.70434195,property_damage,0.3757321,flood_events,0.35410634,High
21189,Owsley County,KY,37.423622,-83.691637,4054.0,0.2881531298499741,0.14415184,0.1386061,0.15572105,county_prior_months,0.90458345,county_disaster_rate,0.52431285,flood_events,0.41211158,High
41043,Linn County,OR,44.488898,-122.537208,128598.0,0.1195068775518293,0.2631863,0.22926399,0.23751836,county_disaster_rate,0.37495974,median_home_value,0.30404985,property_damage,0.28141695,Medium
41047,Marion County,OR,44.900898,-122.57626,345815.0,0.1299482445097216,0.16760056,0.15108806,0.16336381,median_home_value,0.31043857,total_population,0.27680716,property_damage,0.26713896,Medium
17137,Morgan County,IL,39.717657,-90.204993,32882.0,0.129093591214555,0.1307408,0.121300325,0.13863325,county_prior_months,0.8807301,flood_events,0.39317146,property_damage,0.35574886,High
17139,Moultrie County,IL,39.636896,-88.625726,14531.0,0.0917901538029356,0.28180665,0.26184398,0.2806882,flood_events,0.3789975,property_damage,0.32250068,county_prior_months,0.27007997,Medium
48447,Throckmorton County,TX,33.170695,-99.205796,1439.0,0.1396803335649756,0.24134535,0.23315795,0.23953556,property_damage,0.36914206,flood_events,0.3254573,total_population,0.23828404,Medium
17123,Marshall County,IL,41.031119,-89.342371,11740.0,0.1228674975691682,0.13599496,0.113859415,0.12970977,county_prior_months,0.8428594,flood_events,0.3938684,property_damage,0.36183664,High
51730,Petersburg city,VA,37.20473,-77.392368,33261.0,0.2221102766074372,0.069296055,0.055915643,0.067455836,property_damage,0.59205663,flood_events,0.31507647,max_magnitude,0.23772095,High
05061,Howard County,AR,34.083064,-93.990931,12779.0,0.183142311365807,0.3009085,0.26872313,0.27407837,county_prior_months,0.8166117,flood_events_prev1m,0.65329194,flood_events,0.381317,Medium
21183,Ohio County,KY,37.477859,-86.844871,23782.0,0.140398433802332,0.0894428,0.07872358,0.09010284,county_prior_months,1.2384431,property_damage,0.3824662,flood_events,0.37852538,High
02141,02141,02,64.2,-149.5,,,0.012984709,0.009992572,0.018465081,county_disaster_rate,1.4764858,total_population,0.81713295,median_home_value,0.38816896,High
17109,McDonough County,IL,40.455808,-90.678954,27370.0,0.197926369932364,0.07742336,0.07327498,0.10097613,county_prior_months,1.431865,flood_events,0.39335534,property_damage,0.292858,High
28083,Leflore County,MS,33.54979,-90.294934,27920.0,0.322037100003778,0.07974201,0.0661567,0.08036281,county_prior_months,0.9125503,flood_events,0.37443072,property_damage,0.3425193,High
26051,Gladwin County,MI,43.98975,-84.389816,25461.0,0.1419775155921026,0.053128555,0.056245793,0.05783212,property_damage,0.56699306,flood_events,0.37759286,county_prior_months,0.36816382,High
48331,Milam County,TX,30.791242,-96.984395,25080.0,0.1427233488069061,0.2622851,0.24937098,0.2641355,county_prior_months,0.3296287,flood_events,0.31790808,property_damage,0.26352596,Medium
35039,Rio Arriba County,NM,36.509669,-106.693983,40285.0,0.2182628062360802,0.6529185,0.61610174,0.6416449,property_damage_prev1m,0.57801974,flood_events_prev1m,0.4985975,property_damage,0.22315232,High
02203,02203,02,64.2,-149.5,,,0.021636726,0.01955151,0.027893731,total_population,0.8353371,county_disaster_rate,0.76928365,median_home_value,0.37745798,High
48097,Cooke County,TX,33.639196,-97.210343,41860.0,0.1332863016031333,0.115731925,0.10735968,0.121638514,county_prior_months,0.80979925,flood_events,0.35293475,property_damage,0.29234254,High
21001,Adair County,KY,37.105559,-85.28138,18887.0,0.1978458049886621,0.17038235,0.16652092,0.17243034,county_prior_months,0.41756997,flood_events,0.37604505,property_damage,0.35528928,Medium
26073,Isabella County,MI,43.645233,-84.839424,64938.0,0.2360619245168471,0.14490016,0.12831135,0.13460663,property_damage,0.4633828,county_prior_months,0.41861755,flood_events,0.38482293,High
28073,Lamar County,MS,31.197586,-89.506369,64425.0,0.1684541796489689,0.22334686,0.18318391,0.21267672,county_prior_months,1.2108094,property_damage,0.468231,flood_events,0.3457262,Medium
21169,Metcalfe County,KY,36.99243,-85.633456,10313.0,0.2400431626446929,0.17161785,0.1691848,0.17731538,property_damage,0.362371,flood_events,0.34784716,county_prior_months,0.34222367,Medium
28065,Jefferson Davis County,MS,31.564808,-89.827086,11291.0,0.2307623478883321,0.1629759,0.14337343,0.16069943,county_prior_months,1.1674381,property_damage_prev1m,0.5112556,property_damage,0.40482882,Medium
01013,Butler County,AL,31.751667,-86.681969,18981.0,0.211076560154407,0.18122415,0.19376813,0.20117055,county_prior_months,0.38256466,flood_events,0.3735825,property_damage,0.34830877,Medium
17061,Greene County,IL,39.355439,-90.387682,12015.0,0.1371477369769428,0.12542807,0.11409155,0.12896895,county_prior_months,0.7406163,flood_events,0.38757512,property_damage,0.3629955,High
21009,Barren County,KY,36.962805,-85.932108,44511.0,0.2109723051485785,0.066600546,0.065421514,0.0703491,county_prior_months,0.92827415,flood_events,0.39453053,property_damage,0.37400326,High
28059,Jackson County,MS,30.456005,-88.625101,143721.0,0.156640836694045,0.48380882,0.47805497,0.5284112,property_damage,1.404001,county_prior_months,0.4151562,total_population,0.35295975,Low
02219,02219,02,64.2,-149.5,,,0.021636726,0.01955151,0.027893731,total_population,0.8353371,county_disaster_rate,0.76928365,median_home_value,0.37745798,High
02218,02218,02,64.2,-149.5,,,0.009651758,0.009624532,0.013133588,total_population,0.8581155,county_prior_months,0.8242638,county_disaster_rate,0.7750759,High
28053,Humphreys County,MS,33.130996,-90.523421,7744.0,0.3206116847470919,0.15168056,0.13415296,0.16720825,flood_events,0.38493538,county_prior_months,0.33986872,crop_damage_prev3m,0.2231224,Medium
28055,Issaquena County,MS,32.755539,-91.003535,1206.0,0.2063305978898007,0.26929322,0.23412198,0.261949,property_damage,0.4716422,total_population,0.33742443,flood_events,0.33456093,Medium
01065,Hale County,AL,32.752796,-87.623061,14742.0,0.2500692137320044,0.11736884,0.115559705,0.12402877,county_prior_months,0.4729853,property_damage,0.38339242,flood_events,0.37628663,High
26085,Lake County,MI,43.995187,-85.8114,12285.0,0.2029686457638425,0.2785869,0.27552286,0.29488668,property_damage,0.6288215,flood_events,0.3969884,county_prior_months,0.32164446,Medium
05029,Conway County,AR,35.26569,-92.689249,20782.0,0.2088923330265898,0.11857784,0.10822645,0.120906435,county_prior_months,1.0285523,flood_events,0.38628858,property_damage,0.35863614,High
48349,Navarro County,TX,32.048448,-96.476909,52834.0,0.1645697030699547,0.4805786,0.41458213,0.47211877,property_damage,1.7400513,county_prior_months,0.7392725,flood_events,0.40988714,Low
28045,Hancock County,MS,30.391641,-89.482791,46010.0,0.1374127868708587,0.100934304,0.09477714,0.10203502,property_damage,0.37229124,county_prior_months,0.3238878,flood_events,0.3179924,High
48347,Nacogdoches County,TX,31.62056,-94.62025,64768.0,0.224418722029678,0.29868177,0.27867576,0.29715484,flood_events_prev1m,0.84152794,county_prior_months,0.8398677,flood_events,0.30688486,Medium
17041,Douglas County,IL,39.766078,-88.222866,19714.0,0.0946748618356489,0.2976442,0.28394368,0.30947584,flood_events,0.3799336,county_prior_months,0.37235695,storm_count,0.36246285,Medium
17033,Crawford County,IL,39.002787,-87.760619,18729.0,0.0959717730079388,0.17492163,0.15388004,0.1958031,property_damage,0.3525736,county_prior_months,0.34662294,flood_events,0.3367183,Medium
48433,Stonewall County,TX,33.17958,-100.253807,1331.0,0.0705973622963537,0.34501338,0.29091474,0.31101853,county_disaster_rate,0.39690846,flood_events,0.32832587,max_magnitude,0.2836,Medium
05019,Clark County,AR,34.053316,-93.176208,21469.0,0.1998951232302045,0.08904718,0.08763287,0.094493486,county_prior_months,1.612191,flood_events_prev1m,0.3887808,property_damage,0.347923,High
17015,Carroll County,IL,42.0709,-89.924189,15594.0,0.112428062482872,0.12707654,0.13326956,0.14010939,county_prior_months,1.2035855,property_damage,0.37572935,flood_events,0.373328,High
17019,Champaign County,IL,40.138985,-88.196975,206525.0,0.187173339851368,0.028408105,0.03264819,0.041720554,county_prior_months,1.4432609,county_disaster_rate,0.41833603,wind_events,0.40933985,High
01047,Dallas County,AL,32.333526,-87.11436,38326.0,0.2708211997670355,0.107711434,0.10833044,0.122965135,county_prior_months,0.44348702,flood_events,0.3670088,property_damage,0.36644173,High
51185,Tazewell County,VA,37.125395,-81.562924,40392.0,0.1814828191105149,0.32097426,0.31437138,0.380388,county_prior_months,1.3707876,property_damage_prev1m,0.74568826,flood_events_prev1m,0.7374095,Low
28027,Coahoma County,MS,34.230316,-90.60401,21264.0,0.3697075512876473,0.5392294,0.52003646,0.57286084,property_damage,1.4335966,flood_events,0.38751462,max_magnitude,0.34602973,Low
28025,Clay County,MS,33.65967,-88.782468,18598.0,0.2300971934039532,0.09294619,0.09141322,0.10096902,county_prior_months,0.8365691,property_damage,0.46171317,flood_events,0.3798327,High
28031,Covington County,MS,31.633331,-89.548897,18323.0,0.2361404288412398,0.37852862,0.28628558,0.2995989,property_damage_prev1m,1.2842892,county_prior_months,1.0585419,flood_events,0.25957355,Medium
17013,Calhoun County,IL,39.164262,-90.666295,4472.0,0.0835629017447199,0.24329558,0.20568946,0.2067013,flood_events,0.40948418,property_damage,0.39910477,county_disaster_rate,0.39342168,Medium
48113,Dallas County,TX,32.766987,-96.778424,2604053.0,0.1398252155665613,0.02691792,0.020889955,0.02491385,county_prior_months,1.4143403,total_population,0.49963406,property_damage,0.29004666,High
21151,Madison County,KY,37.725511,-84.278362,92955.0,0.1612448094702792,0.10602412,0.08981904,0.11264664,county_prior_months,1.1872526,max_magnitude,0.33482334,flood_events,0.3138084,High
21043,Carter County,KY,38.314094,-83.038988,26671.0,0.238811148375159,0.33177206,0.31117547,0.3323387,county_prior_months,0.70771974,flood_events,0.5722961,property_damage,0.3790077,Medium
48115,Dawson County,TX,32.742528,-101.948771,12342.0,0.2478277295051001,0.29144922,0.2908716,0.30523574,flood_events,0.62983555,county_disaster_rate,0.56554574,property_damage,0.35194856,Medium
48119,Delta County,TX,33.385933,-95.67335,5278.0,0.1411313518696069,0.46097398,0.4453631,0.46346557,flood_events,0.3457789,total_population,0.34410477,property_damage,0.33143154,High
28021,Claiborne County,MS,31.97281,-90.915424,9044.0,0.3042384605709973,0.34128422,0.32703817,0.36015227,property_damage,1.0973538,county_prior_months,0.88415277,flood_events,0.4583813,Medium
45061,Lee County,SC,34.15864,-80.251209,16557.0,0.2778177536468895,0.10280077,0.10618928,0.12339087,county_prior_months,0.46390098,property_damage,0.3812604,flood_events,0.35365212,High
16069,Nez Perce County,ID,46.333791,-116.760909,42200.0,0.1414024645202548,0.87077343,0.87121433,0.89654624,property_damage,1.7828078,flood_events,0.37953842,county_disaster_rate,0.24462788,High
21147,McCreary County,KY,36.731136,-84.491052,16892.0,0.3365372041323395,0.07085733,0.06154383,0.06376967,county_prior_months,0.88435596,flood_events,0.37996474,property_damage,0.34575987,High
28011,Bolivar County,MS,33.799139,-90.88412,30688.0,0.3177176544899463,0.08127444,0.06718313,0.07281531,county_prior_months,1.0529631,flood_events,0.33450708,property_damage,0.24807185,High
53003,Asotin County,WA,46.181861,-117.227781,22370.0,0.1608738828202582,0.38716608,0.3630723,0.40758178,flood_events,0.48769093,county_disaster_rate,0.30996406,property_damage,0.25540313,Medium
21053,Clinton County,KY,36.727258,-85.136098,9295.0,0.2027619465146865,0.12351733,0.13078605,0.14303553,property_damage,0.37871888,flood_events,0.37621182,county_prior_months,0.35790476,High
13165,Jenkins County,GA,32.794563,-81.971524,8704.0,0.2789887785373404,0.08314467,0.089646325,0.09662695,property_damage,0.5749666,flood_events,0.37694988,county_prior_months,0.33689958,High
05001,Arkansas County,AR,34.28957,-91.376547,17024.0,0.1684311262635325,0.11400306,0.114619255,0.12504648,county_prior_months,1.0274199,flood_events,0.4054221,property_damage,0.38225847,High
21061,Edmonson County,KY,37.227514,-86.218015,12179.0,0.1695974664555379,0.18248013,0.17011142,0.19058065,county_prior_months,0.874539,flood_events,0.40188643,property_damage,0.29037204,Medium
16027,Canyon County,ID,43.625796,-116.709058,235006.0,0.1017262879811598,0.34613368,0.34714085,0.35541084,flood_events,0.38006946,total_population,0.32050252,property_damage,0.3066697,Medium
26127,Oceana County,MI,43.603954,-86.467177,26707.0,0.1392771451422478,0.19558907,0.19901757,0.21939917,property_damage,0.5917786,county_disaster_rate,0.49443415,flood_events,0.41500327,Medium
48419,Shelby County,TX,31.790139,-94.142579,24157.0,0.2326406276080788,0.23074949,0.22404002,0.2375409,county_prior_months,0.74259084,flood_events_prev1m,0.49487412,flood_events,0.34704298,Medium
27153,Todd County,MN,46.066569,-94.900576,25277.0,0.1200433891768109,0.08955038,0.08397409,0.09005631,county_prior_months,0.8125351,property_damage,0.40735772,flood_events,0.39712855,High
27139,Scott County,MN,44.651811,-93.533733,151347.0,0.0503075203619303,0.039896626,0.028899575,0.042792276,county_prior_months,1.0315121,flood_events,0.36493814,property_damage,0.3640364,High
48365,Panola County,TX,32.163978,-94.305156,22540.0,0.139718565592374,0.32499135,0.34920183,0.41572535,county_prior_months,0.66914386,flood_events,0.39256942,flood_events_prev1m,0.38303193,Low
01099,Monroe County,AL,31.580353,-87.383342,19816.0,0.2286064819548103,0.3912265,0.3590977,0.38829532,flood_events,0.6019651,property_damage,0.3477979,county_prior_months,0.3164742,Medium
48417,Shackelford County,TX,32.74382,-99.347005,3134.0,0.1130125928317726,0.3089845,0.30045506,0.32264072,property_damage,0.3674746,flood_events,0.35494578,total_population,0.2683954,Medium
27005,Becker County,MN,46.937629,-95.741757,35202.0,0.1087643053744748,0.09292774,0.095930316,0.09948819,county_prior_months,1.3673016,property_damage,0.38017973,flood_events,0.33334455,High
21085,Grayson County,KY,37.458577,-86.344011,26465.0,0.2106196737747271,0.14184552,0.13709234,0.14163622,county_prior_months,0.96038264,flood_events,0.42313445,county_disaster_rate,0.3836362,High
21093,Hardin County,KY,37.695836,-85.963183,111005.0,0.115127883767349,0.16851105,0.15339883,0.16827409,county_prior_months,1.1801336,flood_events,0.499726,property_damage,0.29959032,Medium
48373,Polk County,TX,30.784553,-94.837338,50536.0,0.1636939133410325,0.18095754,0.16653296,0.176965,property_damage,0.3351594,flood_events,0.27694577,county_disaster_rate,0.23245816,Medium
27087,Mahnomen County,MN,47.328387,-95.811089,5389.0,0.2056198974748433,0.21587938,0.22145522,0.25096542,county_prior_months,1.0158732,flood_events,0.37480325,total_population,0.24201247,Medium
48145,Falls County,TX,31.25193,-96.934127,17013.0,0.1584995377096816,0.5788751,0.54411674,0.5745294,property_damage,1.0731584,flood_events,0.40632883,total_population,0.2965675,High
13183,Long County,GA,31.749563,-81.74287,16804.0,0.1576899696048632,0.10121931,0.09791519,0.10842386,property_damage,0.3938609,flood_events,0.350668,county_prior_months,0.2956049,High
48161,Freestone County,TX,31.701749,-96.144957,19599.0,0.1265822784810126,0.5673052,0.57997084,0.6107211,property_damage,1.2006365,flood_events,0.4231545,total_population,0.2519592,High
48159,Franklin County,TX,33.175846,-95.219066,10445.0,0.0862369337979094,0.3421889,0.3486646,0.38283914,max_magnitude,0.39413363,flood_events,0.37410256,county_prior_months,0.28101653,Medium
21113,Jessamine County,KY,37.873291,-84.58396,53381.0,0.1210631254960413,0.085969314,0.09112232,0.09604116,county_prior_months,0.45831284,property_damage,0.34908727,flood_events,0.33678553,High
13187,Lumpkin County,GA,34.56814,-83.998925,33405.0,0.145317683082419,0.13384986,0.13577455,0.14265315,county_prior_months,0.41517922,flood_events,0.36187813,property_damage,0.28604305,High
13235,Pulaski County,GA,32.238803,-83.481845,9887.0,0.1891860465116279,0.16254206,0.172227,0.17440015,property_damage,0.5338667,flood_events,0.32374662,storm_count,0.19585373,Medium
21107,Hopkins County,KY,37.31107,-87.542196,45223.0,0.1918600678707267,0.05676476,0.05320072,0.056823324,county_prior_months,1.397633,property_damage,0.44838998,flood_events,0.33069366,High
37073,Gates County,NC,36.442135,-76.702355,10509.0,0.1431192660550458,0.08309039,0.09051907,0.095787115,property_damage,0.56641525,county_prior_months,0.3902036,flood_events,0.32236856,High
37077,Granville County,NC,36.299884,-78.657634,61161.0,0.1436210981047937,0.11999479,0.12570827,0.13250904,county_prior_months,0.8294688,flood_events,0.5068191,month,0.4027327,High
51147,Prince Edward County,VA,37.224881,-78.432957,21922.0,0.181101884962725,0.14332855,0.12281816,0.12635721,county_prior_months,0.8789594,property_damage,0.46310344,flood_events_prev1m,0.43500873,High
51167,Russell County,VA,36.93342,-82.095934,25763.0,0.1932206049668484,0.06009171,0.05895282,0.06777455,county_prior_months,0.9770496,property_damage,0.38489845,flood_events,0.36153266,High
01119,Sumter County,AL,32.597481,-88.200057,12196.0,0.3037447988904299,0.1826362,0.16831554,0.19839008,county_prior_months,0.7179079,flood_events,0.50008976,month,0.46496004,Medium
05003,Ashley County,AR,33.190835,-91.772267,19018.0,0.232718405428329,0.31304997,0.28669614,0.42821285,county_prior_months,1.2038598,property_damage_prev1m,1.020212,flood_events,0.4687742,Low
02222,02222,02,64.2,-149.5,,,0.031466875,0.026962541,0.028993478,county_disaster_rate,0.6740146,month,0.5720566,total_population,0.46345857,High
05021,Clay County,AR,36.367302,-90.418704,14537.0,0.194247109625296,0.0761875,0.07353008,0.082490124,county_prior_months,0.93002707,flood_events,0.37797678,property_damage,0.35235062,High
05023,Cleburne County,AR,35.593628,-92.008898,24948.0,0.1412171789130877,0.06775979,0.06575643,0.072974674,county_prior_months,0.9547597,property_damage,0.36399376,flood_events,0.33278406,High
05027,Columbia County,AR,33.223038,-93.232843,22707.0,0.2252360763152823,0.49609053,0.5159425,0.5449752,flood_events,0.95083416,storm_count,0.41836303,month,0.39012444,High
05031,Craighead County,AR,35.827729,-90.631421,111038.0,0.1911574199200365,0.07359287,0.06851531,0.085334525,county_prior_months,1.2598937,property_damage,0.32700408,month,0.32591924,High
05069,Jefferson County,AR,34.277239,-91.929673,66934.0,0.1950325934483043,0.04375453,0.036996465,0.044065453,county_prior_months,1.319238,month,0.399634,property_damage,0.3431463,High
05073,Lafayette County,AR,33.240629,-93.611514,6277.0,0.2161106590724166,0.813789,0.8044547,0.81318563,flood_events,1.3162147,storm_count,0.6355638,month,0.38082626,High
51077,Grayson County,VA,36.652229,-81.215324,15356.0,0.1868512110726643,0.031267483,0.030225515,0.038143627,county_prior_months,1.3644073,property_damage,0.46518418,month,0.39010394,High
05035,Crittenden County,AR,35.197559,-90.30512,47945.0,0.196977074027816,0.08300204,0.07461044,0.080695584,county_prior_months,0.8362714,flood_events,0.31183663,property_damage,0.30396822,High
05045,Faulkner County,AR,35.146548,-92.336928,124611.0,0.1550610073343067,0.084395446,0.08673255,0.09829065,county_prior_months,1.3643394,month,0.44192043,flood_events,0.40089452,High
05129,Searcy County,AR,35.896387,-92.695888,7880.0,0.2656836114344845,0.13792177,0.12948835,0.1427993,county_prior_months,0.40404356,property_damage,0.36415067,flood_events,0.32549003,High
05089,Marion County,AR,36.266664,-92.678577,16905.0,0.1776740847092605,0.074834555,0.073732555,0.07693486,county_prior_months,1.0510728,property_damage,0.3683305,flood_events,0.3660936,High
51063,Floyd County,VA,36.931433,-80.350266,15532.0,0.0942649539379784,0.12088999,0.09250036,0.1315958,county_prior_months,1.2944112,property_damage,0.44044623,flood_events_prev1m,0.41080084,High
05055,Greene County,AR,36.120607,-90.566346,45954.0,0.1756041119665346,0.04205209,0.04205288,0.04405664,county_prior_months,0.8525018,property_damage,0.55945265,flood_events,0.3343167,High
05149,Yell County,AR,34.997713,-93.408303,20342.0,0.1244792450936104,0.059395447,0.050304733,0.060628198,county_prior_months,1.1295962,property_damage,0.38672608,month,0.33872223,High
51049,Cumberland County,VA,37.520189,-78.252836,9697.0,0.079455164585698,0.07185022,0.07220764,0.085247554,county_prior_months,0.8806831,property_damage,0.508591,flood_events,0.36162865,High
51057,Essex County,VA,37.936389,-76.933747,10602.0,0.1711265593752975,0.061241087,0.06677231,0.07819807,property_damage,0.6374997,county_prior_months,0.3688518,flood_events,0.32828677,High
05105,Perry County,AR,34.946363,-92.926877,10055.0,0.1534439416792358,0.050666317,0.04860298,0.05758282,county_prior_months,1.3927866,property_damage,0.397672,month,0.36384502,High
05111,Poinsett County,AR,35.56887,-90.681104,22997.0,0.2095161935225909,0.27804777,0.25308305,0.28750342,property_damage_prev1m,0.8065859,county_prior_months,0.76035047,county_disaster_rate,0.45007196,Medium
05123,St. Francis County,AR,35.022838,-90.751506,23138.0,0.2810389352403655,0.058347546,0.064739406,0.069668815,property_damage,0.55297667,county_prior_months,0.4096824,month,0.31858748,High
99003,99003,99,39.5,-98.35,,,0.032282922,0.028881969,0.035193924,county_disaster_rate,0.7035923,month,0.5789258,total_population,0.40322718,High
05137,Stone County,AR,35.857001,-92.140482,12393.0,0.2118671658798632,0.07932401,0.07346609,0.07973387,county_prior_months,0.90263593,property_damage,0.39531654,county_disaster_rate,0.35288143,High
05139,Union County,AR,33.168219,-92.598145,38815.0,0.1861951983298538,0.5524833,0.4523966,0.49512082,property_damage_prev1m,1.0868759,county_prior_months,0.6925936,flood_events,0.56507784,High
05141,Van Buren County,AR,35.582953,-92.515976,15900.0,0.1891513338002164,0.07202354,0.062053382,0.068345144,county_prior_months,0.88377243,property_damage,0.45645136,flood_events,0.3407134,High
08011,Bent County,CO,37.931891,-103.077584,5561.0,0.2706660368445914,0.16309088,0.15564096,0.16440399,county_disaster_rate,0.70282555,flood_events,0.6039737,county_prior_months,0.48534533,Medium
51019,Bedford County,VA,37.312257,-79.527223,79761.0,0.0906627840729252,0.09222246,0.103392534,0.12794031,county_prior_months,1.2623794,flood_events,0.47552896,month,0.45598543,High
51023,Botetourt County,VA,37.565482,-79.797546,33734.0,0.0719344577156233,0.034765214,0.028408537,0.03828293,county_prior_months,1.2549951,property_damage,0.54983425,month,0.37011158,High
56041,Uinta County,WY,41.284726,-110.558947,20546.0,0.0651312530955918,0.14077243,0.1381019,0.15350528,county_disaster_rate,0.5303508,property_damage,0.4085147,flood_events,0.33971524,High
08061,Kiowa County,CO,38.387663,-102.756849,1347.0,0.1594533029612756,0.06455804,0.05188937,0.077726856,county_prior_months,0.88687116,county_disaster_rate,0.45540383,property_damage,0.38222748,High
50013,Grand Isle County,VT,44.801787,-73.300759,7335.0,0.0743677375256322,0.056100614,0.06681286,0.082514405,county_prior_months,1.0131497,flood_events,0.4012267,month,0.33094797,High
08119,Teller County,CO,38.869976,-105.187365,24758.0,0.0701433735429105,0.033687368,0.027983002,0.03862729,county_prior_months,1.3589157,month,0.50082254,property_damage,0.41618687,High
49041,Sevier County,UT,38.746824,-111.81193,21667.0,0.1174013049805191,0.16305862,0.1414006,0.16041024,month,0.4227859,property_damage,0.34559125,flood_events,0.30835694,Medium
49047,Uintah County,UT,40.125887,-109.517748,35951.0,0.1157218165929016,0.044048116,0.036491048,0.042464815,county_prior_months,1.1069665,month,0.4180069,property_damage,0.38892272,High
12033,Escambia County,FL,30.529998,-87.320322,321296.0,0.1485112142944608,0.51482505,0.4647896,0.515767,flood_events_prev1m,1.1263092,county_prior_months,0.87286264,flood_events,0.38708508,Low
12013,Calhoun County,FL,30.388801,-85.197915,13753.0,0.1990274983232729,0.53131735,0.48643172,0.49172753,flood_events,0.74158144,county_prior_months,0.37716845,property_damage,0.34766445,High
56027,Niobrara County,WY,43.062159,-104.468373,2460.0,0.1834080717488789,0.21322618,0.20104134,0.24950579,county_disaster_rate,0.56524557,flood_events_prev1m,0.41198003,county_prior_months,0.40073735,Medium
51191,Washington County,VA,36.747814,-81.950322,53985.0,0.1201280756256075,0.13754006,0.12027545,0.14475314,county_prior_months,0.87135375,flood_events,0.5222935,month,0.4288004,High
51193,Westmoreland County,VA,38.109311,-76.803933,18480.0,0.1604263459961738,0.24833801,0.28537318,0.29145694,flood_events,0.87742376,county_prior_months,0.7694036,month,0.42006695,Medium
51195,Wise County,VA,36.974561,-82.62156,36105.0,0.1991386320513206,0.053322963,0.0554545,0.057650886,county_prior_months,0.74045366,property_damage,0.38585886,month,0.36494952,High
13081,Crisp County,GA,31.920268,-83.75653,20255.0,0.2355325833586703,0.092870764,0.09711705,0.09879117,property_damage,0.516345,county_prior_months,0.48651397,month,0.3214542,High
48437,Swisher County,TX,34.526319,-101.743865,6989.0,0.2951617970468111,0.0107718725,0.015710637,0.016708348,county_prior_months,1.7437453,county_disaster_rate,0.8014836,month,0.49213117,High
51197,Wythe County,VA,36.899868,-81.08301,28275.0,0.1720918586349978,0.061026238,0.0581436,0.06905148,county_prior_months,0.9565834,month,0.40760213,flood_events,0.33610576,High
48449,Titus County,TX,33.214599,-94.966783,31301.0,0.1833516448006204,0.14574112,0.1413051,0.14958563,property_damage,0.36463174,month,0.2794602,flood_events,0.2663881,High
48389,Reeves County,TX,31.308366,-103.712706,14022.0,0.2096611615104288,0.11369771,0.11072708,0.12989739,county_disaster_rate,0.38807884,property_damage,0.34422624,month,0.3263909,High
48393,Roberts County,TX,35.838596,-100.836682,764.0,0.1473684210526315,0.04349122,0.035277154,0.051539242,county_disaster_rate,0.59488577,county_prior_months,0.5741708,property_damage,0.39685053,High
13133,Greene County,GA,33.576704,-83.166625,19020.0,0.1291657822118446,0.13897735,0.1260586,0.1674127,county_prior_months,0.43447548,flood_events,0.3191139,property_damage,0.30890396,High
13189,McDuffie County,GA,33.480613,-82.479533,21715.0,0.1613889803792405,0.23973429,0.1940756,0.21893889,storm_count,0.35285577,flood_events,0.3195381,month,0.29139078,Medium
48361,Orange County,TX,30.122323,-93.8941,84761.0,0.1192052190298997,0.05424382,0.052813213,0.06024294,county_prior_months,0.8367365,property_damage,0.33734116,month,0.3326445,High
13259,Stewart County,GA,32.073225,-84.834912,5121.0,0.2194117647058823,0.18510109,0.18549523,0.19395795,property_damage,0.5028244,flood_events,0.30625162,month,0.2862218,Medium
13227,Pickens County,GA,34.456746,-84.490351,33439.0,0.1348114630467571,0.44230467,0.39631024,0.40875292,property_damage,1.5416565,county_prior_months,0.7341988,flood_events,0.39304757,High
13231,Pike County,GA,33.081149,-84.389462,19145.0,0.0814275077119455,0.16048703,0.16284728,0.17917678,property_damage,0.42733344,flood_events,0.34290132,county_prior_months,0.31596226,Medium
48351,Newton County,TX,30.786718,-93.73925,12333.0,0.2421849292530437,0.07489285,0.07864941,0.09655647,property_damage,0.55981964,county_prior_months,0.50081986,flood_events,0.33602804,High
13261,Sumter County,GA,32.042266,-84.204294,29378.0,0.2420918830579262,0.06933123,0.0725904,0.07634444,county_prior_months,0.44605476,property_damage,0.38342762,month,0.3355095,High
51540,Charlottesville city,VA,38.037658,-78.485381,46289.0,0.2359628129602356,0.046266027,0.034533933,0.039758842,county_prior_months,0.7514511,property_damage,0.49122798,month,0.42537686,High
13249,Schley County,GA,32.263444,-84.322708,4565.0,0.1592552026286966,0.20378423,0.21836661,0.22905554,property_damage,0.5223316,total_population,0.28899905,flood_events,0.2809201,Medium
13301,Warren County,GA,33.419169,-82.688012,5197.0,0.2294921875,0.30497935,0.28769013,0.30742827,property_damage,0.31768832,flood_events,0.30160266,month,0.25797155,Medium
51570,Colonial Heights city,VA,37.261685,-77.396804,18158.0,0.1022740002240394,0.2906775,0.25812438,0.29761356,county_disaster_rate,0.69255877,flood_events,0.42765525,property_damage,0.34471443,Medium
48275,Knox County,TX,33.61189,-99.730356,3333.0,0.1142678738682485,0.11509679,0.10215202,0.12798548,property_damage,0.39277908,county_disaster_rate,0.34166172,flood_events,0.2690928,High
48277,Lamar County,TX,33.667263,-95.570348,50149.0,0.1596052338867878,0.056313217,0.045863997,0.057392165,county_prior_months,0.71582544,property_damage,0.48463556,month,0.354177,High
13281,Towns County,GA,34.902529,-83.732264,12546.0,0.1530288749892897,0.13616659,0.13100377,0.1389413,property_damage,0.3435275,month,0.3142776,flood_events,0.28726673,High
51580,Covington city,VA,37.78106,-79.985434,5722.0,0.1692170818505338,0.072279654,0.078583896,0.09090389,property_damage,0.53143126,county_prior_months,0.36475524,month,0.32609,High
48255,Karnes County,TX,28.908996,-97.852205,14805.0,0.2100053504547886,0.21500902,0.18636616,0.1909327,property_damage,0.33374855,flood_events,0.28609577,month,0.2755316,Medium
48257,Kaufman County,TX,32.598944,-96.288377,149773.0,0.0978592032642252,0.06236379,0.052766785,0.05839596,county_prior_months,0.8022701,month,0.36719042,property_damage,0.33942592,High
48259,Kendall County,TX,29.943525,-98.709269,45376.0,0.0509360618381663,0.7235137,0.69076645,0.71463126,property_damage,2.0251129,month,0.3013722,flood_events,0.28275466,High
13317,Wilkes County,GA,33.779031,-82.747921,9610.0,0.1783345615327929,0.10690056,0.10723683,0.11395057,property_damage,0.38550717,flood_events,0.30942786,month,0.29493144,High
17037,DeKalb County,IL,41.894612,-88.768991,100686.0,0.1539123671247083,0.07197119,0.069579996,0.074006006,county_prior_months,1.0097586,month,0.4222596,flood_events,0.303113,High
56005,Campbell County,WY,44.191999,-105.517014,46857.0,0.0952597599549373,0.013404334,0.015306728,0.024412297,county_prior_months,1.6601813,county_disaster_rate,0.87086415,month,0.43185344,High
17005,Bond County,IL,38.885924,-89.436592,16750.0,0.1489071968407435,0.093003206,0.10515287,0.10927496,county_prior_months,0.6928902,property_damage,0.3778656,flood_events,0.32753837,High
16041,Franklin County,ID,42.173609,-111.822965,14376.0,0.0961051743532058,0.26243573,0.22509935,0.23316039,flood_events_prev1m,0.46297103,month,0.39112118,county_prior_months,0.33710244,Medium
17045,Edgar County,IL,39.679037,-87.74711,16852.0,0.1179822965927003,0.13548903,0.12430921,0.14540358,county_prior_months,0.48166823,property_damage,0.37316552,flood_events,0.32785085,High
17051,Fayette County,IL,39.001125,-89.017923,21464.0,0.146856265173661,0.10113387,0.10498473,0.115413435,county_prior_months,0.5237316,property_damage,0.34529933,flood_events,0.30518913,High
17055,Franklin County,IL,37.991852,-88.926321,37810.0,0.1781518027585836,0.050151236,0.043308847,0.060535047,county_prior_months,1.388242,month,0.43554762,flood_events,0.35910502,High
48211,Hemphill County,TX,35.815956,-100.27921,3371.0,0.061408789885611,0.04231802,0.04271754,0.044943523,county_disaster_rate,0.96980727,county_prior_months,0.9276686,flood_events,0.3711583,High
17011,Bureau County,IL,41.401304,-89.528377,33203.0,0.1263389851257881,0.047271162,0.039787192,0.04814328,county_prior_months,1.2940394,property_damage,0.38579994,flood_events,0.34572032,High
17027,Clinton County,IL,38.606295,-89.426228,36998.0,0.0721473162110544,0.04710996,0.04181696,0.0565209,county_prior_months,0.94193804,property_damage,0.3712882,flood_events,0.34119982,High
48189,Hale County,TX,34.068436,-101.822888,32525.0,0.1851202487677395,0.014650061,0.017910214,0.02231145,county_prior_months,1.5819664,county_disaster_rate,0.61722255,month,0.5065874,High
17063,Grundy County,IL,41.29241,-88.401054,52624.0,0.0597582037996545,0.07128965,0.0703268,0.081527,county_prior_months,1.087502,month,0.37846807,flood_events,0.33466282,High
17065,Hamilton County,IL,38.085227,-88.539009,8008.0,0.1290444893832153,0.26808006,0.23715076,0.25243792,county_prior_months,0.76937586,flood_events,0.57893884,month,0.37313357,Medium
17073,Henry County,IL,41.350021,-90.130838,49157.0,0.0923545121421029,0.03711257,0.03352726,0.042042863,county_prior_months,1.4856919,month,0.40073684,property_damage,0.3789863,High
17081,Jefferson County,IL,38.30078,-88.92421,37043.0,0.1413367390378884,0.04344131,0.044603184,0.05200187,county_prior_months,1.2300637,property_damage,0.45501053,month,0.42167228,High
17083,Jersey County,IL,39.080195,-90.361385,21462.0,0.0807750500268436,0.0833269,0.078208424,0.08417005,county_prior_months,0.944346,property_damage,0.3714728,flood_events,0.34843978,High
17085,Jo Daviess County,IL,42.362391,-90.21147,21942.0,0.0777230684275919,0.053060554,0.040813137,0.056645032,county_prior_months,1.2662617,property_damage,0.3817277,month,0.33707845,High
17087,Johnson County,IL,37.460709,-88.882131,13313.0,0.1645346272606969,0.040689565,0.04077548,0.04222238,county_prior_months,1.1185726,property_damage,0.37624028,month,0.36768013,High
17089,Kane County,IL,41.939594,-88.42804,517254.0,0.0832769126607989,0.05306338,0.06251511,0.072605275,county_prior_months,1.4826071,month,0.6077614,flood_events,0.43417838,High
17127,Massac County,IL,37.216119,-88.705658,14135.0,0.1375244158286913,0.49931216,0.5045449,0.5679239,property_damage,1.4300003,county_prior_months,1.2404072,month,0.44782057,Low
48155,Foard County,TX,33.963306,-99.816828,1075.0,0.220703125,0.1301813,0.108854264,0.1250637,property_damage,0.36378327,month,0.33052284,flood_events,0.29688805,High
17091,Kankakee County,IL,41.13951,-87.861117,107421.0,0.1404146681107844,0.041165028,0.032883544,0.036792163,county_prior_months,1.2066164,month,0.41448918,flood_events,0.33845007,High
17093,Kendall County,IL,41.58814,-88.430626,132795.0,0.0474617773982179,0.1481111,0.10395245,0.1438378,county_prior_months,0.90737605,storm_count,0.52141476,month,0.414851,High
17101,Lawrence County,IL,38.718954,-87.730221,15302.0,0.1370985768571641,0.12281477,0.12912974,0.1367344,county_prior_months,0.46819565,property_damage,0.37718827,flood_events,0.31931832,High
48183,Gregg County,TX,32.486401,-94.816277,124245.0,0.1654463402674467,0.052052576,0.049813043,0.050848365,county_prior_months,0.7846172,month,0.41852656,property_damage,0.3186572,High
17145,Perry County,IL,38.084381,-89.368525,20996.0,0.1746942716155331,0.026164087,0.02969606,0.033355426,county_prior_months,1.4550502,month,0.4443297,flood_events,0.32538247,High
17151,Pope County,IL,37.417169,-88.542374,3799.0,0.1870344827586207,0.064045936,0.04898033,0.057054613,county_prior_months,1.1740922,property_damage,0.46866086,flood_events,0.3473166,High
17153,Pulaski County,IL,37.215615,-89.127755,5177.0,0.2499508357915437,0.23213652,0.27613896,0.31798357,county_prior_months,1.327207,property_damage,0.9050944,flood_events,0.5140823,Medium
17155,Putnam County,IL,41.198961,-89.298347,5628.0,0.0875444839857651,0.08247627,0.08567634,0.09820105,county_prior_months,0.5377725,property_damage,0.3883591,flood_events,0.34786987,High
17161,Rock Island County,IL,41.468421,-90.572125,143819.0,0.1516518136503895,0.035954792,0.03803344,0.04274561,county_prior_months,1.4685646,month,0.43502352,property_damage,0.34292132,High
17117,Macoupin County,IL,39.265914,-89.92633,44907.0,0.1466957648503034,0.06773631,0.06251436,0.06684762,county_prior_months,0.9343225,month,0.35760632,property_damage,0.35497758,High
17119,Madison County,IL,38.82712,-89.900227,265512.0,0.1200682481064609,0.051190708,0.04999098,0.056230437,county_prior_months,1.449068,month,0.4342871,storm_count,0.31102931,High
48107,Crosby County,TX,33.609144,-101.29871,5157.0,0.235759493670886,0.025189847,0.024069348,0.030818481,county_prior_months,1.4231192,month,0.4490455,property_damage,0.36352274,High
17177,Stephenson County,IL,42.349726,-89.665994,44482.0,0.1333958853010504,0.054341596,0.045698486,0.050062537,county_prior_months,1.351249,month,0.35130593,property_damage,0.34072986,High
17185,Wabash County,IL,38.445821,-87.839167,11321.0,0.133387299874078,0.081189685,0.099745065,0.13043508,county_prior_months,1.3644671,property_damage,0.59399915,month,0.35358587,High
17189,Washington County,IL,38.35314,-89.417187,13781.0,0.0797640987836343,0.18214235,0.16379584,0.20229185,county_prior_months,0.4898133,flood_events,0.35348213,property_damage,0.34143904,Medium
17193,White County,IL,38.087326,-88.178623,13834.0,0.1531733572549899,0.0326317,0.033832133,0.037891988,county_prior_months,1.5557271,month,0.4125259,flood_events,0.33076406,High
17195,Whiteside County,IL,41.750673,-89.911005,55569.0,0.116457140753557,0.045951925,0.042479668,0.046103567,county_prior_months,1.5958055,month,0.37028807,property_damage,0.3109152,High
17141,Ogle County,IL,42.041884,-89.320176,51672.0,0.0829805581687049,0.061188497,0.05930021,0.06711612,county_prior_months,1.3294514,month,0.3625578,flood_events,0.34690875,High
18049,Fulton County,IN,41.050384,-86.265006,20420.0,0.1478960703462666,0.13257504,0.13004875,0.13825396,county_prior_months,0.5249239,property_damage,0.35870242,flood_events,0.32364464,High
48087,Collingsworth County,TX,34.963358,-100.272135,2865.0,0.2234576757532281,0.14244036,0.14080362,0.17530346,county_prior_months,0.77885526,county_disaster_rate,0.43735594,flood_events_prev1m,0.41092968,High
17197,Will County,IL,41.448474,-87.978456,696774.0,0.0665142584569832,0.07526194,0.07722081,0.10542168,county_prior_months,1.4793652,month,0.6132262,total_population,0.44281143,High
17201,Winnebago County,IL,42.337396,-89.161205,284591.0,0.1607651302691015,0.031701993,0.032215428,0.034482222,county_prior_months,1.4307152,month,0.41199228,flood_events,0.27919564,High
18005,Bartholomew County,IN,39.205843,-85.897999,82371.0,0.1151092412164157,0.21840551,0.19477245,0.22058249,property_damage_prev1m,0.5908168,county_prior_months,0.32566267,flood_events,0.30165276,Medium
18011,Boone County,IN,40.050892,-86.469014,71235.0,0.0576430401366353,0.04444172,0.036625475,0.042406328,county_prior_months,0.74880326,property_damage,0.5217851,month,0.38319707,High
18013,Brown County,IN,39.195113,-86.230121,15513.0,0.081651376146789,0.10190672,0.106338345,0.10959641,property_damage,0.47177827,county_prior_months,0.3594738,flood_events,0.32478824,High
18017,Cass County,IN,40.753799,-86.355168,37820.0,0.1387811559219983,0.055854075,0.053983603,0.06285558,county_prior_months,0.9607658,property_damage,0.5014541,flood_events,0.34290522,High
18023,Clinton County,IN,40.305944,-86.477567,33020.0,0.0895396968659549,0.101826385,0.10033992,0.11350066,county_prior_months,0.6516571,property_damage,0.33337146,flood_events,0.31185216,High
55137,Waushara County,WI,44.112823,-89.239786,24672.0,0.1147018855104467,0.06529119,0.065667644,0.06782446,county_prior_months,0.89034325,property_damage,0.3808613,flood_events,0.352118,High
18085,Kosciusko County,IN,41.244293,-85.861575,80442.0,0.0890859273917345,0.06370149,0.05814007,0.062886484,county_prior_months,0.8135265,property_damage,0.40281132,month,0.33357698,High
48063,Camp County,TX,32.974581,-94.979085,12543.0,0.2153439577160246,0.10465447,0.09743629,0.11548104,county_disaster_rate,0.4200796,property_damage,0.35761055,month,0.3266174,High
18031,Decatur County,IN,39.30598,-85.499831,26432.0,0.0955522123211048,0.11190662,0.094655216,0.09593749,county_prior_months,0.66228217,property_damage,0.4489037,property_damage_prev1m,0.31412923,High
18033,DeKalb County,IN,41.39676,-85.002697,43312.0,0.0997898669157132,0.09423979,0.098601386,0.10800696,county_prior_months,0.41902855,property_damage,0.36868596,flood_events,0.300526,High
18035,Delaware County,IN,40.227543,-85.399262,112156.0,0.2062623542555934,0.030278686,0.028432086,0.030654732,county_prior_months,0.99700296,property_damage,0.50992066,month,0.40196446,High
18039,Elkhart County,IN,41.600693,-85.863986,206841.0,0.1201353471467424,0.106314935,0.09158325,0.102991916,county_prior_months,1.0494992,month,0.48448908,flood_events,0.43086675,High
18041,Fayette County,IN,39.639654,-85.185034,23391.0,0.1637210517151314,0.049441636,0.050115533,0.055763643,county_prior_months,0.7690439,property_damage,0.38509333,month,0.38382342,High
18097,Marion County,IN,39.782976,-86.135794,971737.0,0.1535529439907838,0.11329962,0.107724436,0.13075346,county_prior_months,1.3612789,property_damage_prev1m,1.1551967,total_population,0.5213152,High
18099,Marshall County,IN,41.325003,-86.269036,46208.0,0.1082812362419653,0.047113378,0.046128184,0.051540002,county_prior_months,0.881543,property_damage,0.5431466,month,0.36114892,High
18107,Montgomery County,IN,40.040296,-86.892715,38018.0,0.1271964692014583,0.24357115,0.212075,0.24894968,property_damage_prev1m,0.47498998,county_prior_months,0.4320274,property_damage,0.41453436,Medium
18109,Morgan County,IN,39.482646,-86.447457,71757.0,0.0850140413581822,0.17024258,0.16699873,0.20082259,county_prior_months,0.89063734,property_damage_prev1m,0.703699,property_damage,0.3752868,Medium
18111,Newton County,IN,40.962399,-87.402172,13829.0,0.126463010673537,0.23174262,0.22066273,0.2484174,county_prior_months,0.5548844,flood_events,0.34919897,property_damage,0.2993401,Medium
18113,Noble County,IN,41.404679,-85.417271,47431.0,0.0725290353164257,0.07833176,0.066081785,0.06911448,county_prior_months,0.8590829,property_damage,0.46658915,flood_events,0.31450287,High
18057,Hamilton County,IN,40.053513,-86.021709,349527.0,0.0423119110750282,0.19030009,0.13792835,0.17023695,property_damage_prev1m,1.0908382,county_prior_months,0.86571914,total_population,0.41269797,Medium
18059,Hancock County,IN,39.822529,-85.77315,80170.0,0.0490527484170429,0.09176183,0.08380182,0.08598009,county_prior_months,0.92824626,month,0.3576237,flood_events,0.32555,High
18065,Henry County,IN,39.929591,-85.397363,48913.0,0.1371519804037355,0.113964215,0.12644914,0.12857895,county_prior_months,0.49398607,flood_events,0.32487306,month,0.29123914,High
18071,Jackson County,IN,38.911957,-86.042516,46212.0,0.1244782878962792,0.09964721,0.089585885,0.099763766,county_prior_months,0.9858962,property_damage,0.38683286,property_damage_prev1m,0.325853,High
18073,Jasper County,IN,41.017688,-87.118814,33045.0,0.074995364934182,0.06708781,0.06480112,0.06732764,county_prior_months,0.93544096,property_damage,0.38903227,flood_events,0.35527864,High
18077,Jefferson County,IN,38.783604,-85.44009,33057.0,0.1285954366233598,0.06590108,0.0653837,0.066738404,county_prior_months,0.98455274,property_damage,0.37047747,flood_events,0.35807267,High
18133,Putnam County,IN,39.665548,-86.853373,36942.0,0.0891464437746636,0.32276145,0.28206334,0.29435834,property_damage_prev1m,1.0105867,county_prior_months,0.71988803,property_damage,0.31790322,Medium
18135,Randolph County,IN,40.164079,-85.00579,24586.0,0.1303552117128358,0.0673019,0.07616168,0.07991184,property_damage,0.56143993,county_prior_months,0.4976794,flood_events,0.31227323,High
18137,Ripley County,IN,39.100226,-85.260494,28990.0,0.096232250808379,0.12315898,0.13944021,0.1570696,county_prior_months,1.402098,flood_events,0.50549424,month,0.45461035,High
18139,Rush County,IN,39.622362,-85.466529,16716.0,0.1170918833343481,0.18416691,0.1831184,0.20575127,county_prior_months,0.7780335,flood_events,0.373845,month,0.22306107,Medium
18141,St. Joseph County,IN,41.617723,-86.288048,272388.0,0.1441659371208281,0.062416524,0.06551058,0.07447495,month,0.4059132,county_prior_months,0.37895814,property_damage,0.3705676,High
18087,LaGrange County,IN,41.642462,-85.427845,40364.0,0.0566368577941434,0.09892727,0.09551966,0.11740649,county_disaster_rate,0.47054386,county_prior_months,0.41502506,flood_events,0.353699,High
18091,LaPorte County,IN,41.549013,-86.744739,112215.0,0.1472280061230116,0.09437534,0.0916547,0.10203569,county_prior_months,0.43692034,property_damage,0.37711614,month,0.37310368,High
18093,Lawrence County,IN,38.839815,-86.48782,45113.0,0.1070670580266425,0.14980403,0.12007047,0.1425662,county_prior_months,0.7889129,property_damage_prev1m,0.49447912,property_damage,0.41447806,High
18095,Madison County,IN,40.166203,-85.722454,130545.0,0.1414131674942551,0.033972263,0.0313909,0.034733426,county_prior_months,1.101145,property_damage,0.41915244,month,0.35667413,High
18177,Wayne County,IN,39.863091,-85.006735,66522.0,0.1604572860386814,0.03934973,0.03511543,0.04248767,county_prior_months,1.2783024,property_damage,0.37396058,month,0.3680997,High
18183,Whitley County,IN,41.136426,-85.501892,34259.0,0.0914471737200355,0.25140116,0.24437128,0.2603811,county_prior_months,0.83801615,flood_events_prev1m,0.4294647,flood_events,0.28676105,Medium
19001,Adair County,IA,41.328528,-94.478164,7479.0,0.1007667031763417,0.06464671,0.058098096,0.062086143,county_prior_months,1.150091,property_damage,0.37725624,flood_events,0.33107007,High
19003,Adams County,IA,41.021656,-94.696906,3680.0,0.094669627984453,0.094680965,0.09334723,0.103125796,county_prior_months,0.8540272,flood_events,0.36995304,property_damage,0.3593373,High
51678,Lexington city,VA,37.782332,-79.44432,7346.0,0.1663082437275985,0.061086148,0.06796618,0.08465658,property_damage,0.45504802,county_prior_months,0.45397836,county_disaster_rate,0.41793573,High
18115,Ohio County,IN,38.940527,-84.964299,5974.0,0.1001692047377326,0.11879849,0.116625965,0.12443432,county_prior_months,0.50875586,property_damage,0.44087514,flood_events,0.35593557,High
18119,Owen County,IN,39.317339,-86.838845,21361.0,0.1229767263672062,0.087951,0.08005262,0.088642,county_prior_months,0.99132687,flood_events,0.36864644,property_damage,0.30286,High
18123,Perry County,IN,38.081436,-86.62654,19186.0,0.1210802870218656,0.0807976,0.07628928,0.0809604,county_prior_months,0.97416764,property_damage,0.3851544,flood_events,0.38156974,High
18127,Porter County,IN,41.509914,-87.071313,173355.0,0.09308265886406,0.028758204,0.02504759,0.030822001,county_prior_months,1.4017872,month,0.41546163,property_damage,0.33024794,High
18129,Posey County,IN,38.027614,-87.868653,25226.0,0.1001085514413219,0.03465245,0.037973218,0.03946269,county_prior_months,1.5387244,property_damage,0.38392836,month,0.36159185,High
55131,Washington County,WI,43.391156,-88.232917,136842.0,0.0473200499963238,0.028583018,0.0264068,0.035085957,county_prior_months,1.3172671,month,0.4428941,property_damage,0.39901683,High
19031,Cedar County,IA,41.77236,-91.132611,18479.0,0.0783252319929297,0.060245734,0.055244863,0.06887673,county_prior_months,1.3702905,property_damage,0.37804216,flood_events,0.3545615,High
51680,Lynchburg city,VA,37.399016,-79.195458,79166.0,0.1753289329894654,0.36020115,0.3049293,0.3256264,flood_events,1.2051191,county_prior_months,0.7052287,month,0.5169962,Medium
47167,Tipton County,TN,35.498763,-89.747145,61116.0,0.1080098899822444,0.35732296,0.2921305,0.39206994,county_prior_months,0.82529753,flood_events,0.4519145,month,0.3097487,Low
18147,Spencer County,IN,38.009697,-87.010375,19935.0,0.0721202854230377,0.09552075,0.088346384,0.12532738,county_prior_months,1.673597,property_damage,0.41810635,flood_events_prev1m,0.3024458,High
18151,Steuben County,IN,41.643467,-85.002405,34507.0,0.0930607036519414,0.05933708,0.058969613,0.062534995,county_prior_months,0.6804751,county_disaster_rate,0.64032316,property_damage,0.48955232,High
18153,Sullivan County,IN,39.089225,-87.415843,20791.0,0.1216535856359531,0.18725012,0.18134081,0.2164202,county_prior_months,0.8017351,flood_events,0.46543348,month,0.38789922,Medium
18155,Switzerland County,IN,38.825854,-85.029681,9896.0,0.1660701503221188,0.06632377,0.06246115,0.07182179,county_prior_months,0.93144685,property_damage,0.38451368,flood_events,0.3676856,High
18157,Tippecanoe County,IN,40.389133,-86.893554,186955.0,0.1914960925142649,0.037899025,0.037270136,0.04572372,county_prior_months,1.145017,property_damage,0.4795444,month,0.33164403,High
18161,Union County,IN,39.623094,-84.925145,7041.0,0.060369728480647,0.16507325,0.14655827,0.16737172,county_prior_months,0.468303,flood_events,0.3301961,property_damage,0.26410058,Medium
18165,Vermillion County,IN,39.854045,-87.462071,15488.0,0.1486566379820009,0.0543438,0.057060186,0.05852928,county_prior_months,0.8663265,property_damage,0.57120407,flood_events,0.35319585,High
19095,Iowa County,IA,41.683918,-92.059123,16575.0,0.0912878323734836,0.09086551,0.087494425,0.08869124,county_prior_months,0.98249084,property_damage,0.368953,flood_events,0.33158875,High
19097,Jackson County,IA,42.164226,-90.574582,19470.0,0.1023999167057108,0.079582416,0.0689562,0.074215405,county_prior_months,1.3524377,property_damage,0.36046594,flood_events,0.32960346,High
19015,Boone County,IA,42.038623,-93.938605,26700.0,0.0747420710737485,0.12643093,0.09787993,0.15384708,county_prior_months,1.3218851,flood_events,0.5465909,month,0.42355156,Low
19017,Bremer County,IA,42.780895,-92.327356,25012.0,0.0656470989179517,0.057163123,0.05395193,0.06919167,county_prior_months,1.2648295,property_damage,0.38100508,flood_events,0.34372595,High
19019,Buchanan County,IA,42.470328,-91.838666,20631.0,0.0862929263281479,0.05987705,0.048050392,0.06001547,county_prior_months,1.4095098,property_damage,0.35954088,month,0.34781194,High
19021,Buena Vista County,IA,42.741522,-95.141432,20687.0,0.07075999593041,0.066046774,0.05133789,0.060667403,county_prior_months,1.3294902,property_damage,0.36792898,flood_events,0.32666367,High
19029,Cass County,IA,41.333824,-94.933302,13116.0,0.1534453258671644,0.092971936,0.08851318,0.10258535,county_prior_months,1.2631894,property_damage,0.50871503,month,0.29172504,High
19143,Osceola County,IA,43.378542,-95.633788,6149.0,0.126392815566273,0.1743407,0.14093678,0.14941502,county_prior_months,0.9042623,flood_events,0.3114974,property_damage_prev1m,0.31001404,Medium
19041,Clay County,IA,43.081224,-95.149875,16423.0,0.1145322490533242,0.042555686,0.034625646,0.042977672,county_prior_months,1.6045858,property_damage,0.38502812,flood_events,0.3415644,High
19045,Clinton County,IA,41.898073,-90.534243,46488.0,0.1240856672158154,0.049915858,0.04871644,0.05031004,county_prior_months,1.6318003,month,0.36461022,flood_events,0.34161636,High
19055,Delaware County,IA,42.473014,-91.366767,17523.0,0.0664283242993887,0.0687477,0.06494047,0.07411443,county_prior_months,1.0960867,flood_events,0.36208582,property_damage,0.3562066,High
19059,Dickinson County,IA,43.389611,-95.196057,17692.0,0.0622313907512463,0.050114464,0.044725552,0.050742734,county_prior_months,1.4843054,property_damage,0.37746412,flood_events,0.3526604,High
19063,Emmet County,IA,43.377984,-94.66937,9349.0,0.1269694161260426,0.033630904,0.03536261,0.036443517,county_prior_months,1.4933201,property_damage,0.40350777,flood_events,0.33782163,High
19069,Franklin County,IA,42.736545,-93.271415,10015.0,0.1374860278426989,0.27333617,0.24522561,0.2622043,county_prior_months,1.124919,property_damage,0.6878997,flood_events,0.3460329,Medium
47109,McNairy County,TN,35.175375,-88.56374,25895.0,0.1672420557081208,0.074146755,0.07322354,0.08094957,county_prior_months,0.76670146,flood_events,0.3428635,property_damage,0.30731863,High
19103,Johnson County,IA,41.670668,-91.590529,153360.0,0.168849763650065,0.053291824,0.05126841,0.06361019,county_prior_months,1.3160136,month,0.45911342,property_damage,0.32299158,High
19105,Jones County,IA,42.125118,-91.116914,20733.0,0.1140535815292847,0.069050536,0.060545795,0.06429915,county_prior_months,1.525502,flood_events,0.37430274,month,0.32079065,High
19113,Linn County,IA,42.077951,-91.597674,229308.0,0.0948093456775794,0.035450533,0.038292836,0.044351485,county_prior_months,1.6387919,month,0.39868245,storm_count,0.38322163,High
19133,Monona County,IA,42.049432,-95.956566,8671.0,0.1226993865030674,0.09368948,0.088455155,0.10314762,county_prior_months,0.7779814,property_damage,0.39137402,flood_events,0.37315938,High
19137,Montgomery County,IA,41.021735,-95.15779,10285.0,0.1448829829432764,0.12077858,0.122797914,0.13318351,county_prior_months,0.49906003,property_damage,0.35648593,flood_events,0.32817134,High
19139,Muscatine County,IA,41.483776,-91.118699,42968.0,0.1171626560349328,0.045854747,0.043924894,0.047758676,county_prior_months,1.3537183,property_damage,0.3760669,month,0.32762644,High
20003,Anderson County,KS,38.215114,-95.292046,7799.0,0.1316721311475409,0.07025067,0.07364181,0.07608365,county_prior_months,1.0588572,property_damage,0.38420695,flood_events,0.36591735,High
47095,Lake County,TN,36.333905,-89.485536,6898.0,0.2793283907544701,0.090493545,0.091054894,0.09995352,county_prior_months,0.39148548,property_damage,0.37282893,flood_events,0.3363848,High
47103,Lincoln County,TN,35.142784,-86.593403,35365.0,0.119417168197656,0.076175556,0.09109305,0.117900446,county_prior_months,1.1420689,wind_events,0.34609526,property_damage,0.3323636,High
19151,Pocahontas County,IA,42.734033,-94.678279,7061.0,0.0906458152331306,0.08214243,0.106058896,0.12079878,county_prior_months,1.3010018,property_damage,0.36868677,flood_events,0.31259608,High
19153,Polk County,IA,41.684816,-93.568971,493378.0,0.1033460747810149,0.027529059,0.03576158,0.03770216,county_prior_months,1.5592202,month,0.47973558,property_damage,0.3453713,High
19163,Scott County,IA,41.642079,-90.622289,174315.0,0.1189692499955996,0.034523144,0.03491124,0.037790366,county_prior_months,1.7267306,month,0.40449086,property_damage,0.31715542,High
19165,Shelby County,IA,41.679014,-95.308917,11737.0,0.0878595637438081,0.097869806,0.09387636,0.10222441,county_prior_months,1.0347714,flood_events,0.3784894,property_damage,0.32179713,High
55125,Vilas County,WI,46.049848,-89.501254,23146.0,0.0978889278206026,0.025534509,0.026399912,0.033915147,county_prior_months,1.0746667,county_disaster_rate,0.6925339,flood_events,0.39969558,High
47075,Haywood County,TN,35.586678,-89.282691,17806.0,0.2192287976305747,0.1193109,0.11932935,0.12252271,county_prior_months,0.47221044,flood_events,0.3100232,property_damage,0.29259577,High
47079,Henry County,TN,36.325295,-88.300288,32305.0,0.1807145334720777,0.23290882,0.2304447,0.24396034,flood_events,0.8732861,county_prior_months,0.77078384,property_damage,0.51607436,Medium
47091,Johnson County,TN,36.453203,-81.861247,17982.0,0.2159147557328015,0.08358116,0.081482075,0.08979524,county_prior_months,0.47344485,property_damage,0.38149112,flood_events,0.32019392,High
19171,Tama County,IA,42.074848,-92.529411,17017.0,0.1515864398600555,0.049482845,0.04937007,0.049858738,county_prior_months,1.1969464,property_damage,0.3937754,flood_events,0.32522845,High
19175,Union County,IA,41.02855,-94.245091,12107.0,0.1189001103284392,0.069912195,0.060531087,0.070997514,county_prior_months,1.2535906,property_damage,0.37240618,flood_events,0.34860852,High
19179,Wapello County,IA,41.031275,-92.409466,35292.0,0.1744375327015871,0.058593642,0.05298541,0.063457094,county_prior_months,1.0943422,property_damage,0.4122189,month,0.40096378,High
19183,Washington County,IA,41.329401,-91.725052,22534.0,0.074866552067312,0.06781571,0.058782678,0.06235946,county_prior_months,1.1708926,property_damage,0.37165982,flood_events,0.3229876,High
20025,Clark County,KS,37.233831,-99.813869,1977.0,0.1173959445037353,0.21732609,0.20452015,0.22453214,county_prior_months,0.489795,property_damage,0.3799931,flood_events,0.35082644,Medium
20027,Clay County,KS,39.344964,-97.168853,8088.0,0.113538772417277,0.07407011,0.07770027,0.083155654,county_prior_months,0.9551526,property_damage,0.38259065,flood_events,0.37867394,High
20029,Cloud County,KS,39.487329,-97.64139,9008.0,0.1195005251487921,0.05725821,0.063830286,0.07466191,county_prior_months,1.3798674,flood_events,0.37618834,property_damage,0.36591306,High
20011,Bourbon County,KS,37.8561,-94.850928,14405.0,0.1279111429595127,0.10048553,0.10077569,0.111815296,county_prior_months,0.9464288,flood_events,0.36951843,month,0.2684028,High
20013,Brown County,KS,39.825931,-95.569905,9486.0,0.144932214331827,0.14741075,0.1329982,0.14016199,county_prior_months,0.87835556,flood_events,0.3761892,property_damage,0.32448435,High
20045,Douglas County,KS,38.896417,-95.290947,119094.0,0.1628758429911949,0.14756358,0.10171692,0.122638024,county_prior_months,1.2165216,flood_events,0.4735858,month,0.4308274,High
20047,Edwards County,KS,37.883595,-99.304746,2849.0,0.13611811307166,0.2365461,0.23365644,0.25349006,county_prior_months,0.5189415,property_damage,0.34727904,flood_events,0.3110258,Medium
20049,Elk County,KS,37.456026,-96.244642,2453.0,0.1481784690953745,0.17072463,0.15718757,0.19472526,county_prior_months,0.51374793,flood_events,0.36235395,property_damage,0.3524065,Medium
47045,Dyer County,TN,36.054196,-89.398306,36818.0,0.1633396835914851,0.048978187,0.051016223,0.05628645,county_prior_months,0.83662075,month,0.36061627,flood_events,0.3399551,High
47055,Giles County,TN,35.202723,-87.035319,30317.0,0.1352225893252495,0.1913764,0.1401247,0.15121311,deaths,0.84567845,county_prior_months,0.685672,property_damage,0.36896014,Medium
20075,Hamilton County,KS,37.995244,-101.793689,2520.0,0.078853046594982,0.04842205,0.044816542,0.060456857,county_prior_months,1.1719351,property_damage,0.4205666,flood_events,0.3291506,High
47033,Crockett County,TN,35.818795,-89.132494,13955.0,0.1562932226832641,0.06920049,0.075973034,0.08514673,property_damage,0.5592426,county_prior_months,0.47199887,flood_events,0.32519352,High
47039,Decatur County,TN,35.603136,-88.110292,11483.0,0.1924203425934144,0.3938836,0.39981717,0.4093393,flood_events,0.81386644,county_prior_months,0.67488205,property_damage,0.36325637,Medium
20059,Franklin County,KS,38.558019,-95.278962,25968.0,0.0833531793284115,0.06326858,0.052295856,0.058448005,county_prior_months,1.3235824,property_damage,0.36444846,flood_events,0.3488749,High
20061,Geary County,KS,39.002139,-96.7681,36247.0,0.1861894329530258,0.07514092,0.06594357,0.078477934,county_prior_months,0.87055755,month,0.39541557,property_damage,0.37113267,High
20093,Kearny County,KS,37.994461,-101.308136,3964.0,0.1564029889203813,0.1107008,0.0985996,0.10964141,county_prior_months,0.95382065,county_disaster_rate,0.40636766,flood_events_prev1m,0.40624705,High
20099,Labette County,KS,37.191468,-95.297473,20096.0,0.1517907035814071,0.05427573,0.04567492,0.055199236,county_prior_months,1.1881961,property_damage,0.3695722,month,0.35423797,High
47023,Chester County,TN,35.420253,-88.611353,17392.0,0.1582397003745318,0.12585546,0.12625319,0.13844319,county_prior_months,0.37801856,flood_events,0.3198941,property_damage,0.28540906,High
20071,Greeley County,KS,38.480404,-101.80597,1279.0,0.0806709265175718,0.06901666,0.048433494,0.06501052,county_prior_months,1.0580757,county_disaster_rate,0.3677931,flood_events,0.34996742,High
20103,Leavenworth County,KS,39.189511,-95.038977,82050.0,0.1009332827205256,0.03706233,0.03474311,0.042124126,county_prior_months,1.5009488,month,0.38333344,property_damage,0.34372172,High
20107,Linn County,KS,38.216549,-94.844932,9696.0,0.114996357581434,0.11771892,0.1155436,0.12017612,county_prior_months,0.80647457,property_damage,0.37406293,flood_events,0.37080413,High
20085,Jackson County,KS,39.411145,-95.794485,13274.0,0.0791806786915316,0.09533593,0.093375,0.10884979,county_prior_months,1.0433174,flood_events,0.36849132,property_damage,0.32493576,High
20087,Jefferson County,KS,39.239644,-95.375314,18387.0,0.060369044340402,0.1668705,0.14665332,0.15116704,county_prior_months,1.370292,flood_events,0.58350635,month,0.3730376,Medium
20131,Nemaha County,KS,39.791043,-96.005381,10219.0,0.0871365105008077,0.10678153,0.092920445,0.09692064,county_prior_months,0.9441462,property_damage,0.3554795,flood_events,0.3479715,High
20151,Pratt County,KS,37.647594,-98.74012,9175.0,0.116077616077616,0.0971091,0.09001878,0.10464554,county_prior_months,0.9423946,property_damage,0.38461173,flood_events,0.34909266,High
20157,Republic County,KS,39.828906,-97.650883,4686.0,0.1011749347258485,0.092392735,0.08859051,0.095759235,county_prior_months,1.0585619,property_damage,0.3685448,flood_events,0.35234624,High
20143,Ottawa County,KS,39.137963,-97.654802,5768.0,0.1040084760727529,0.07461597,0.06885337,0.071673065,county_prior_months,1.0364699,flood_events,0.3613437,property_damage,0.35274532,High
55111,Sauk County,WI,43.428001,-89.943318,65664.0,0.0860814630605026,0.05891996,0.05208534,0.06526243,county_prior_months,1.2335474,month,0.36526695,flood_events,0.35297155,High
55105,Rock County,WI,42.66988,-89.075284,163817.0,0.0986593138475327,0.032547392,0.026124703,0.028763488,county_prior_months,1.4080013,month,0.4008207,property_damage,0.39511913,High
20175,Seward County,KS,37.18096,-100.855257,21942.0,0.1355570008361981,0.057048805,0.05300322,0.062638886,county_prior_months,1.3311235,property_damage,0.37656665,month,0.3758192,High
55107,Rusk County,WI,45.472734,-91.136745,14179.0,0.1139576605669178,0.11315054,0.12381654,0.13057691,county_prior_months,0.47047648,property_damage,0.3900281,flood_events,0.34778702,High
20161,Riley County,KS,39.29121,-96.727488,72105.0,0.2272987051158537,0.06160882,0.04940749,0.05994837,county_prior_months,1.1512542,month,0.39093122,flood_events,0.34190595,High
55109,St. Croix County,WI,45.028959,-92.447284,93752.0,0.0594066874279372,0.07298845,0.06459037,0.08905582,county_prior_months,1.0097946,month,0.4211174,property_damage,0.33955362,High
20171,Scott County,KS,38.481877,-100.90636,5128.0,0.0760585992374071,0.0354846,0.03504017,0.04113146,county_prior_months,1.1901444,month,0.4231945,property_damage,0.40750217,High
20207,Woodson County,KS,37.888193,-95.758469,3134.0,0.1326397919375812,0.55914605,0.5476102,0.56290025,flood_events,0.6116524,county_disaster_rate,0.42312688,total_population,0.36248007,High
21003,Allen County,KY,36.75077,-86.192458,20773.0,0.1652088932323479,0.104710504,0.10457602,0.10832158,county_prior_months,0.44978377,property_damage,0.37724575,flood_events,0.32735896,High
21007,Ballard County,KY,37.051323,-89.010367,7742.0,0.1429700882856766,0.58440083,0.5994981,0.69938517,property_damage,1.5419844,county_prior_months,1.3423088,flood_events,0.68668526,Low
20185,Stafford County,KS,38.03563,-98.719889,4054.0,0.1105476673427992,0.07074015,0.070165165,0.072604075,county_prior_months,0.88571024,property_damage,0.40755042,flood_events,0.3748332,High
20187,Stanton County,KS,37.565932,-101.789383,2060.0,0.1320197044334975,0.06069906,0.060149956,0.082878664,county_prior_months,0.99223524,property_damage,0.41443557,month,0.34206104,High
20189,Stevens County,KS,37.2017,-101.317268,5275.0,0.1582008530438154,0.08767103,0.08284421,0.09200787,county_prior_months,0.8638181,property_damage,0.37404117,flood_events,0.35357755,High
20195,Trego County,KS,38.921302,-99.865423,2798.0,0.072901325478645,0.07793557,0.068511695,0.08686778,county_prior_months,1.0482055,flood_events,0.38283756,property_damage,0.3764336,High
21049,Clark County,KY,37.970314,-84.145115,36897.0,0.1505842702837095,0.05618302,0.058243237,0.061182905,county_prior_months,0.92384887,property_damage,0.37772655,flood_events,0.3598417,High
21019,Boyd County,KY,38.360003,-82.681406,48242.0,0.1741503937857374,0.04152122,0.037096933,0.043847978,county_prior_months,1.1327665,property_damage,0.3927415,month,0.38751578,High
21031,Butler County,KY,37.207013,-86.682471,12365.0,0.1975133511348464,0.06514802,0.06025991,0.07072458,county_prior_months,1.2392507,property_damage,0.39084387,flood_events,0.36397892,High
21077,Gallatin County,KY,38.755663,-84.865143,8720.0,0.1682188591385331,0.06927253,0.07000289,0.07091197,county_prior_months,0.8516084,flood_events,0.3568552,month,0.3228764,High
55099,Price County,WI,45.679072,-90.35965,14066.0,0.1355834415116111,0.16602023,0.17232023,0.19888476,county_disaster_rate,0.59320724,flood_events,0.34343016,month,0.2493043,Medium
21079,Garrard County,KY,37.630162,-84.545856,17175.0,0.1567829114297515,0.10116461,0.105888195,0.10922838,county_prior_months,0.4538773,property_damage,0.38732362,flood_events,0.32289675,High
21037,Campbell County,KY,38.946981,-84.379583,93122.0,0.1170263575879419,0.11476675,0.09616116,0.117562085,county_prior_months,1.0401893,month,0.44611618,flood_events,0.41592896,High
21041,Carroll County,KY,38.668394,-85.124024,10842.0,0.2029397818871503,0.06849425,0.07065444,0.07121382,county_prior_months,0.82035047,property_damage,0.55749273,flood_events,0.37569875,High
21045,Casey County,KY,37.321962,-84.92822,15942.0,0.2610289389067524,0.13190225,0.13043235,0.15507206,county_prior_months,0.8288069,property_damage,0.36657128,flood_events,0.31603497,High
21091,Hancock County,KY,37.843325,-86.792761,9058.0,0.151412810987279,0.42215732,0.4023203,0.43374988,flood_events_prev1m,0.4327528,county_prior_months,0.36412063,county_disaster_rate,0.32638505,High
21095,Harlan County,KY,36.859223,-83.221497,26589.0,0.3002040109319065,0.048685495,0.045668133,0.058579084,county_prior_months,1.0937343,property_damage,0.5206508,month,0.4271938,High
21097,Harrison County,KY,38.444578,-84.334131,18803.0,0.158390642768181,0.31528917,0.334597,0.34147334,flood_events,0.7849889,county_prior_months,0.6254062,property_damage,0.3700726,Medium
21109,Jackson County,KY,37.403458,-84.020576,13002.0,0.2264224473889322,0.074157014,0.08369568,0.08540711,county_prior_months,1.1570059,flood_events,0.35436594,month,0.34855717,High
46059,Hand County,SD,44.546713,-99.004575,3075.0,0.0768721007289595,0.04326756,0.04589717,0.057323724,county_prior_months,1.7244511,flood_events,0.35057423,property_damage,0.33450788,High
21071,Floyd County,KY,37.552456,-82.739724,35780.0,0.2928459231757818,0.044480313,0.039116725,0.051965423,county_prior_months,1.2114202,month,0.3817871,county_disaster_rate,0.37087592,High
21117,Kenton County,KY,38.930503,-84.533438,169066.0,0.1192163151973574,0.08914594,0.08097324,0.102257855,county_prior_months,1.0056324,flood_events,0.48989195,month,0.42976603,High
21119,Knott County,KY,37.354368,-82.952546,14282.0,0.2772869971526611,0.2874234,0.22315171,0.26983443,county_prior_months,0.6551779,flood_events,0.61454743,property_damage,0.59203905,Medium
21121,Knox County,KY,36.8885,-83.855551,30207.0,0.3403692140627121,0.02951522,0.030098084,0.030950474,county_prior_months,1.0697992,property_damage,0.61521393,month,0.40230152,High
21123,Larue County,KY,37.544462,-85.696841,14902.0,0.18839590443686,0.32882556,0.3249126,0.35141236,flood_events,0.5485453,county_prior_months,0.37428018,property_damage,0.36192763,Medium
21125,Laurel County,KY,37.113268,-84.119395,62442.0,0.2054892757024577,0.02408101,0.02374427,0.02857345,county_prior_months,1.5807387,property_damage,0.5930978,month,0.42427137,High
21129,Lee County,KY,37.608116,-83.719248,7338.0,0.3136014460009037,0.091463424,0.07749995,0.09140521,county_prior_months,1.3162019,county_disaster_rate,0.33804712,flood_events,0.32911578,High
21131,Leslie County,KY,37.087846,-83.388617,10468.0,0.3362840660433658,0.05990113,0.054408,0.07987312,county_prior_months,1.1323575,property_damage,0.4595602,flood_events,0.3939485,High
21133,Letcher County,KY,37.118536,-82.861251,21490.0,0.2901025518721679,0.07070486,0.071661614,0.08269502,county_prior_months,0.9793516,property_damage,0.36335397,month,0.33568606,High
21135,Lewis County,KY,38.535047,-83.370143,13063.0,0.2659425911559348,0.07033454,0.06427092,0.06752219,county_prior_months,0.83412635,property_damage,0.51074386,flood_events,0.3675038,High
21137,Lincoln County,KY,37.457174,-84.658335,24320.0,0.1737492149884865,0.14052533,0.14595853,0.15663387,county_prior_months,0.5072847,property_damage,0.36796254,flood_events,0.31839597,High
21087,Green County,KY,37.278065,-85.537925,11198.0,0.2134831460674157,0.1713141,0.17665273,0.18613514,county_prior_months,0.41410974,property_damage,0.36117834,flood_events,0.34022734,Medium
21193,Perry County,KY,37.241282,-83.217772,28136.0,0.2382883870496236,0.034968767,0.044879794,0.06122304,county_prior_months,1.527488,property_damage,0.4674815,month,0.43044683,High
51840,Winchester city,VA,39.173869,-78.176356,28103.0,0.1684917777200341,0.049557358,0.0470874,0.051132146,county_prior_months,0.8242151,property_damage,0.47379702,month,0.39535913,High
21139,Livingston County,KY,37.209517,-88.363426,8980.0,0.1683844947344835,0.06530879,0.058684416,0.06765254,county_prior_months,1.3597035,property_damage,0.38497186,flood_events,0.35078272,High
21143,Lyon County,KY,37.023976,-88.083391,8721.0,0.0996284574102105,0.35085872,0.33807006,0.34752017,property_damage,1.1114774,county_prior_months,0.97007513,flood_events,0.45309582,Medium
21155,Marion County,KY,37.552604,-85.268959,19627.0,0.2248037001183177,0.56092596,0.5641715,0.59790313,flood_events,1.0793725,storm_count,0.4794972,county_prior_months,0.38094217,High
21157,Marshall County,KY,36.882017,-88.332752,31706.0,0.12112193070428,0.2837933,0.2677467,0.29019463,county_prior_months,1.1726143,property_damage,0.5343796,flood_events,0.50381106,Medium
55091,Pepin County,WI,44.627436,-91.83489,7363.0,0.0782322261872083,0.18925263,0.20023158,0.23499954,county_prior_months,0.48840618,flood_events,0.3687333,property_damage,0.32533166,Medium
21167,Mercer County,KY,37.812085,-84.879695,22662.0,0.1120666607254255,0.08988065,0.093024224,0.1010071,county_prior_months,0.514017,property_damage,0.382694,flood_events,0.31463054,High
21173,Montgomery County,KY,38.038109,-83.912416,28188.0,0.1639314567257182,0.04723055,0.047887485,0.06172516,county_prior_months,1.2609063,month,0.3958569,flood_events,0.3809379,High
21177,Muhlenberg County,KY,37.213816,-87.134092,30735.0,0.1631497337018809,0.03682622,0.034946743,0.036608793,county_prior_months,1.4555318,month,0.41858587,property_damage,0.31244028,High
21179,Nelson County,KY,37.80312,-85.465931,46779.0,0.0876669047155316,0.067682676,0.06218938,0.06614475,county_prior_months,0.96811426,property_damage,0.3560731,flood_events,0.32328498,High
21185,Oldham County,KY,38.400127,-85.45615,67997.0,0.0398984233813173,0.044230014,0.039212704,0.04620695,county_prior_months,0.9118495,month,0.43071264,property_damage,0.36861688,High
55093,Pierce County,WI,44.725336,-92.426279,42187.0,0.0981804397270659,0.06991345,0.07075834,0.08380405,county_prior_months,0.91261166,month,0.4181859,property_damage,0.38566056,High
21237,Wolfe County,KY,37.743893,-83.49511,6573.0,0.3676836861768369,0.079541646,0.06418525,0.079233654,county_prior_months,1.0700266,flood_events,0.38829964,property_damage,0.35494962,High
55089,Ozaukee County,WI,43.501807,-87.847551,91745.0,0.0449919179532913,0.03346652,0.026220728,0.032676175,county_prior_months,1.0582974,property_damage,0.46804422,month,0.4465044,High
21199,Pulaski County,KY,37.107428,-84.576969,65145.0,0.2136868663125068,0.03238721,0.046819504,0.06605761,county_prior_months,1.7921782,property_damage,0.54810417,flood_events_prev1m,0.35248914,High
21203,Rockcastle County,KY,37.36105,-84.314368,16171.0,0.2355379807385675,0.093245074,0.109901324,0.11748577,county_prior_months,1.0360746,property_damage,0.51464885,flood_events,0.36127555,High
21205,Rowan County,KY,38.204266,-83.428079,24551.0,0.2458535691377256,0.050202914,0.050037984,0.061657563,county_prior_months,1.0694935,property_damage,0.57235473,flood_events,0.3644081,High
21207,Russell County,KY,36.990587,-85.05495,18021.0,0.2163007621431009,0.12457191,0.12026357,0.13167608,county_prior_months,0.43938363,property_damage,0.36502045,flood_events,0.3446134,High
22027,Claiborne Parish,LA,32.82716,-92.989728,14203.0,0.3261400651465798,0.3739612,0.33111805,0.395098,flood_events,0.86008024,county_prior_months,0.672147,month,0.4121045,Low
45089,Williamsburg County,SC,33.626462,-79.716474,30879.0,0.2353041462084015,0.071254134,0.08003712,0.08869772,county_prior_months,0.39519632,property_damage,0.39291146,month,0.32113758,High
21221,Trigg County,KY,36.807681,-87.858652,14154.0,0.1817276928546036,0.042724792,0.036745075,0.04079221,county_prior_months,1.3841796,property_damage,0.53976494,flood_events,0.33980438,High
21229,Washington County,KY,37.754209,-85.175416,12025.0,0.1413099096025925,0.15509506,0.15732783,0.16748099,property_damage,0.36726284,county_prior_months,0.3419564,flood_events,0.33672965,Medium
22073,Ouachita Parish,LA,32.480932,-92.151581,159585.0,0.2344227542885383,0.05878749,0.056025427,0.064349115,county_prior_months,1.2066133,month,0.4410566,county_disaster_rate,0.3566555,High
55083,Oconto County,WI,44.996575,-88.206516,39048.0,0.0827028572914229,0.025516136,0.024487337,0.033285517,county_prior_months,1.1522129,county_disaster_rate,0.64664584,flood_events,0.39151677,High
22049,Jackson Parish,LA,32.30429,-92.5617,15093.0,0.2620377571943718,0.08704594,0.08304801,0.095431834,county_prior_months,0.42335927,property_damage,0.38095468,flood_events,0.31307182,High
22053,Jefferson Davis Parish,LA,30.269529,-92.816221,32277.0,0.1601944812780198,0.22083913,0.22424929,0.24135962,property_damage,0.54314804,flood_events,0.51200616,month,0.32596788,Medium
22061,Lincoln Parish,LA,32.601823,-92.662303,48323.0,0.2970074420486993,0.061522927,0.057679936,0.06748186,county_prior_months,0.8464671,month,0.37886205,property_damage,0.36872035,High
55081,Monroe County,WI,43.945175,-90.619969,46208.0,0.1157503191442532,0.059899777,0.06400212,0.069560654,county_prior_months,1.0139339,flood_events,0.3394005,month,0.33130178,High
22111,Union Parish,LA,32.829349,-92.37565,21049.0,0.2682546641336645,0.049400575,0.04096037,0.05907535,county_prior_months,1.3723826,month,0.3902487,property_damage,0.38396356,High
22113,Vermilion Parish,LA,29.806638,-92.321394,57202.0,0.192973766605933,0.0768183,0.07851292,0.08471165,property_damage,0.43995678,county_prior_months,0.37180826,flood_events,0.2911849,High
22119,Webster Parish,LA,32.732152,-93.339825,36761.0,0.2759852629228536,0.038133685,0.03483388,0.039354064,county_prior_months,1.1016669,month,0.4448372,property_damage,0.3822616,High
22125,West Feliciana Parish,LA,30.873364,-91.421776,15358.0,0.1421061556723757,0.44954285,0.4114778,0.43386653,county_disaster_rate,0.8797342,property_damage,0.33951458,flood_events,0.26636723,High
24011,Caroline County,MD,38.871531,-75.831662,33320.0,0.1291899654719344,0.031198066,0.02579358,0.03137236,county_prior_months,1.4622037,property_damage,0.40854633,month,0.3997999,High
53017,Douglas County,WA,47.741763,-119.694622,43189.0,0.079123639408317,0.72209924,0.7362747,0.74985725,property_damage,2.09051,month,0.45596442,county_disaster_rate,0.4432124,High
55067,Langlade County,WI,45.254863,-89.06707,19512.0,0.1224034067303697,0.059793014,0.054001737,0.061882723,county_prior_months,0.9521333,county_disaster_rate,0.44841966,property_damage,0.37699047,High
55069,Lincoln County,WI,45.333148,-89.73224,28402.0,0.1036946608739363,0.054935623,0.05331202,0.0567529,county_prior_months,0.9902621,county_disaster_rate,0.48346293,property_damage,0.37803403,High
45033,Dillon County,SC,34.390209,-79.375294,28255.0,0.3160931899641577,0.06338365,0.06001551,0.06753939,county_prior_months,0.4506806,property_damage,0.40490246,month,0.3571075,High
26023,Branch County,MI,41.918455,-85.066885,44795.0,0.1501604929593964,0.03533386,0.033152416,0.04045251,county_prior_months,1.1515142,county_disaster_rate,0.64759713,month,0.38560686,High
55065,Lafayette County,WI,42.655578,-90.130292,16716.0,0.1052441011405467,0.055973586,0.048516866,0.056984253,county_prior_months,1.1317294,property_damage,0.33550653,flood_events,0.31206176,High
26027,Cass County,MI,41.917243,-86.000142,51604.0,0.1285672371638141,0.039895248,0.042866893,0.04667537,county_prior_months,0.86398613,county_disaster_rate,0.58776784,property_damage,0.37167156,High
26035,Clare County,MI,43.991137,-84.838325,30998.0,0.2212809106371843,0.07783992,0.06519997,0.07582679,month,0.35713056,property_damage,0.35164505,county_disaster_rate,0.33377093,High
26041,Delta County,MI,45.805229,-86.901938,36839.0,0.1324872396192578,0.043692846,0.04141117,0.051128443,county_prior_months,0.91624004,county_disaster_rate,0.50304466,property_damage,0.47349435,High
26005,Allegan County,MI,42.421251,-86.261403,120189.0,0.0951143188815424,0.031572226,0.025633803,0.029420584,county_prior_months,0.92951536,month,0.4077257,property_damage,0.4069884,High
26015,Barry County,MI,42.582811,-85.31455,62581.0,0.0833979453382438,0.10271874,0.101682134,0.10548157,property_damage,0.4071414,county_prior_months,0.38265494,flood_events,0.30227196,High
26019,Benzie County,MI,44.636844,-86.231999,18058.0,0.1044541680691125,0.04236161,0.038014933,0.044304825,property_damage,0.45647216,county_disaster_rate,0.42764437,flood_events,0.364383,High
26057,Gratiot County,MI,43.292326,-84.60469,41534.0,0.1411774657418372,0.074819885,0.07672923,0.08445243,county_disaster_rate,0.4839062,county_prior_months,0.34276432,month,0.3397239,High
26059,Hillsdale County,MI,41.927461,-84.637479,45698.0,0.1515295825112819,0.02943169,0.026208369,0.031036338,county_prior_months,1.1329207,county_disaster_rate,0.65569735,month,0.39665166,High
26071,Iron County,MI,46.170254,-88.540526,11585.0,0.1469482727760873,0.06849373,0.073767416,0.083131276,county_prior_months,0.8675817,flood_events,0.362433,property_damage,0.3590092,High
26113,Missaukee County,MI,44.325424,-85.085471,15089.0,0.1120395748378902,0.086230606,0.08726921,0.08861133,county_disaster_rate,0.4808389,property_damage,0.45770448,flood_events,0.31803438,High
26117,Montcalm County,MI,43.312782,-85.149468,66901.0,0.1229545277279463,0.055159573,0.05497403,0.07222894,county_disaster_rate,1.0231916,county_prior_months,0.45664686,property_damage_prev1m,0.40581945,High
26121,Muskegon County,MI,43.428739,-86.420908,175947.0,0.1292081191946815,0.047064487,0.04168781,0.046128437,county_prior_months,0.7658707,month,0.3893638,flood_events,0.30380756,High
26123,Newaygo County,MI,43.562712,-85.791372,50130.0,0.1521888377352394,0.090815276,0.09332773,0.11751666,county_disaster_rate,0.6203519,property_damage_prev1m,0.513091,county_prior_months,0.43651623,High
26151,Sanilac County,MI,43.449155,-82.642815,40759.0,0.1495206076453741,0.050871752,0.04900116,0.059232004,county_prior_months,1.0880939,month,0.38021728,flood_events,0.33490703,High
26159,Van Buren County,MI,42.28215,-86.306076,75636.0,0.1415379269792056,0.04246112,0.03264918,0.040435433,county_prior_months,1.0322677,county_disaster_rate,0.39509308,month,0.37721673,High
42105,Potter County,PA,41.748587,-77.894436,16390.0,0.1222910216718266,0.044214696,0.039193183,0.04760651,county_prior_months,1.1064165,property_damage,0.48136204,month,0.3431109,High
42117,Tioga County,PA,41.766858,-77.257288,41186.0,0.1215815973936222,0.044010032,0.041403584,0.049427442,county_prior_months,0.9869858,property_damage,0.5447243,month,0.33909336,High
26103,Marquette County,MI,46.656596,-87.584028,66376.0,0.1356505983884041,0.046344053,0.045635954,0.05479302,county_prior_months,1.4127134,month,0.37682647,county_disaster_rate,0.3652486,High
26107,Mecosta County,MI,43.635295,-85.332751,40128.0,0.1796781804204331,0.098308586,0.10007541,0.122005485,property_damage,0.35829312,county_prior_months,0.33134097,county_disaster_rate,0.3131511,High
27013,Blue Earth County,MN,44.03371,-94.064012,69022.0,0.1640409339779469,0.055302855,0.04553301,0.06524463,county_prior_months,1.1280991,property_damage,0.3683328,month,0.35597742,High
53047,Okanogan County,WA,48.548453,-119.742235,42336.0,0.1885202611868638,0.22281022,0.22794324,0.3026606,property_damage_prev1m,0.48212796,property_damage,0.4355831,county_prior_months,0.31342348,Low
26133,Osceola County,MI,43.997552,-85.322283,23022.0,0.1567770419426048,0.122232966,0.110178694,0.11999865,property_damage,0.36223763,county_prior_months,0.33499435,flood_events,0.29298604,High
26149,St. Joseph County,MI,41.911488,-85.52287,60887.0,0.1286975091342865,0.06078349,0.044086836,0.05379792,county_prior_months,1.0287294,month,0.3571163,flood_events,0.35381776,High
27109,Olmsted County,MN,43.9995,-92.410096,162307.0,0.0787237111979477,0.027491726,0.025304245,0.029148936,county_prior_months,1.3514863,month,0.42737234,property_damage,0.35751712,High
27061,Itasca County,MN,47.490817,-93.611102,45054.0,0.1176081854020919,0.14345236,0.15459636,0.16326256,county_prior_months,0.38571143,property_damage,0.3472577,flood_events,0.33224466,High
27037,Dakota County,MN,44.670893,-93.062481,439179.0,0.0564211125050744,0.031237802,0.023980165,0.035990942,county_prior_months,1.415515,month,0.46519437,property_damage,0.30477518,High
27161,Waseca County,MN,44.01846,-93.589844,18953.0,0.0661476450775771,0.062504135,0.063117966,0.07896887,county_prior_months,1.1480026,property_damage,0.42139262,flood_events,0.32828304,High
55049,Iowa County,WI,43.001021,-90.133691,23766.0,0.0798398091342876,0.032697376,0.03114205,0.03722528,county_prior_months,1.1505132,property_damage,0.59094673,month,0.3546691,High
27121,Pope County,MN,45.589623,-95.446705,11312.0,0.0961867844586676,0.08723651,0.093863025,0.107250385,county_prior_months,0.9828299,property_damage,0.3938613,flood_events,0.37285987,High
27127,Redwood County,MN,44.403536,-95.254241,15428.0,0.1007361230850852,0.097609445,0.10231756,0.10568282,county_prior_months,1.1632515,property_damage,0.36679682,flood_events,0.35480085,High
55051,Iron County,WI,46.32655,-90.261298,6136.0,0.1048239025204473,0.27390686,0.27363297,0.28637642,property_damage,0.35045013,flood_events,0.3389214,total_population,0.2559459,Medium
27097,Morrison County,MN,46.020484,-94.266619,34023.0,0.103073059906732,0.053003345,0.050229516,0.056102537,county_prior_months,0.8738203,property_damage,0.39220235,flood_events,0.323559,High
28001,Adams County,MS,31.486224,-91.351797,29425.0,0.2719320625432809,0.06476025,0.051488057,0.06896421,county_prior_months,1.131195,property_damage,0.36493972,month,0.3143435,High
28015,Carroll County,MS,33.440795,-89.918887,9930.0,0.2184486373165618,0.07319533,0.06864698,0.08525327,county_prior_months,0.9915698,property_damage,0.4428025,flood_events,0.3432502,High
28019,Choctaw County,MS,33.345964,-89.251332,8208.0,0.191344246031746,0.8520159,0.8036558,0.8336921,property_damage,2.1983883,county_prior_months,0.6074167,flood_events,0.46370685,High
42067,Juniata County,PA,40.530673,-77.400438,23535.0,0.0895137366180833,0.30759656,0.3025152,0.3192894,flood_events,0.97056407,county_prior_months,0.66022456,property_damage,0.47696853,Medium
27141,Sherburne County,MN,45.453166,-93.769164,97820.0,0.058154103153059,0.046718832,0.036244284,0.0383569,county_prior_months,1.0312355,month,0.39228046,flood_events,0.34699416,High
27145,Stearns County,MN,45.555235,-94.610482,158622.0,0.1267169157234025,0.065671265,0.053734995,0.06825101,county_prior_months,1.237976,month,0.38575947,flood_events,0.3011394,High
27149,Stevens County,MN,45.593461,-95.992315,9682.0,0.1171248261846186,0.84146523,0.8190907,0.8423633,property_damage,2.693934,county_prior_months,0.7944309,flood_events,0.35317418,High
27155,Traverse County,MN,45.769935,-96.474832,3345.0,0.0841294298921417,0.09471306,0.087647,0.0997098,county_prior_months,1.0839581,property_damage,0.37698132,flood_events,0.35423928,High
42047,Elk County,PA,41.427332,-78.653937,30886.0,0.0896241883649242,0.04236197,0.0368184,0.04679586,county_prior_months,0.9474206,property_damage,0.46095285,month,0.34790492,High
42053,Forest County,PA,41.513304,-79.249705,6959.0,0.1917718763604702,0.0681083,0.052605048,0.065338306,county_prior_months,0.9014249,month,0.38946724,flood_events,0.3844651,High
28033,DeSoto County,MS,34.874922,-89.991211,186214.0,0.0980156213582234,0.06312792,0.05065116,0.058354814,county_prior_months,0.9881722,property_damage,0.45546,month,0.2940778,High
28035,Forrest County,MS,31.18858,-89.259447,77917.0,0.2283749204586994,0.04095211,0.046616115,0.05274616,county_prior_months,1.4004384,property_damage,0.423149,month,0.34102258,High
28049,Hinds County,MS,32.267788,-90.466017,226541.0,0.2104467669691053,0.07054225,0.06289314,0.06791015,county_prior_months,1.3990518,property_damage_prev1m,1.0359111,total_population,0.3785832,High
28117,Prentiss County,MS,34.620566,-88.522184,24945.0,0.1631981088268816,0.2325115,0.23355077,0.24206159,county_prior_months,0.4661758,property_damage,0.33535182,flood_events,0.29093435,Medium
28075,Lauderdale County,MS,32.403998,-88.660449,72741.0,0.2484552378215261,0.08707312,0.093546204,0.114503935,county_prior_months,1.6267859,flood_events,0.41592988,flood_events_prev1m,0.37221745,High
28067,Jones County,MS,31.616601,-89.168532,67152.0,0.2126104405414066,0.23163244,0.29304695,0.32265434,county_prior_months,1.3428428,property_damage_prev1m,0.5780701,month,0.37394407,Medium
28123,Scott County,MS,32.411959,-89.533486,27943.0,0.2186366932559826,0.041260302,0.04007481,0.061306242,county_prior_months,1.3672155,property_damage,0.54112935,month,0.3920139,High
28139,Tippah County,MS,34.763618,-88.918819,21769.0,0.1889270749964691,0.19673528,0.1947223,0.20905805,property_damage_prev1m,0.5108686,property_damage,0.4915823,county_prior_months,0.39524123,Medium
28103,Noxubee County,MS,33.106606,-88.566152,10261.0,0.2320293884034948,0.16982846,0.2134069,0.224792,county_prior_months,0.9716684,flood_events,0.4585002,month,0.38970026,Medium
55035,Eau Claire County,WI,44.726355,-91.286414,105697.0,0.1208396332004634,0.036494654,0.032882072,0.03926048,county_prior_months,0.93202513,county_disaster_rate,0.5498409,month,0.40778512,High
28159,Winston County,MS,33.078724,-89.037391,17741.0,0.2597628001157072,0.8648842,0.8382652,0.8607105,property_damage,2.1675482,county_prior_months,0.6908543,flood_events,0.49958006,High
28163,Yazoo County,MS,32.765675,-90.387928,27467.0,0.2913340429306368,0.033056326,0.030032786,0.03701394,county_prior_months,1.6968123,property_damage,0.53779596,month,0.39680228,High
55037,Florence County,WI,45.871828,-88.406988,4574.0,0.0979564637938694,0.07791316,0.07243057,0.0884475,county_disaster_rate,0.59641206,homeownership_rate,0.4722348,property_damage,0.41225582,High
29011,Barton County,MO,37.500799,-94.344089,11683.0,0.2220871679110956,0.19607621,0.19498035,0.25674185,county_prior_months,1.2035975,property_damage,0.9547636,flood_events,0.4522162,Low
29013,Bates County,MO,38.257217,-94.339246,16101.0,0.1910019144862795,0.11319388,0.10646993,0.11934294,county_prior_months,0.5038929,property_damage,0.37822995,flood_events,0.33009717,High
29035,Carter County,MO,36.944858,-90.945705,5299.0,0.2059730250481695,0.032851156,0.031226192,0.034745835,county_prior_months,1.336907,property_damage,0.5410687,month,0.3514371,High
29041,Chariton County,MO,39.517968,-92.96162,7417.0,0.132877858337981,0.14051636,0.13569097,0.14988415,county_prior_months,0.85520995,flood_events,0.3980433,county_disaster_rate,0.37027484,High
29049,Clinton County,MO,39.608723,-94.395803,21155.0,0.1130438996026746,0.099913985,0.093823664,0.104064256,county_prior_months,0.7773167,property_damage,0.38098603,flood_events,0.33693054,High
29075,Gentry County,MO,40.208127,-94.405321,6219.0,0.15203426124197,0.32217097,0.2939679,0.3090019,county_disaster_rate,0.3255864,property_damage,0.32021928,flood_events,0.29422253,Medium
29059,Dallas County,MO,37.683583,-93.033815,17158.0,0.2060197504582815,0.060203437,0.05759186,0.06488459,county_prior_months,1.4401219,county_disaster_rate,0.45388386,property_damage,0.41171086,High
29061,Daviess County,MO,39.962839,-93.970053,8418.0,0.1377756121330247,0.13013585,0.103861555,0.112775296,county_prior_months,0.96120334,flood_events,0.34992796,property_damage,0.34392557,High
29063,DeKalb County,MO,39.894665,-94.40719,11838.0,0.1034296807592752,0.17630847,0.16657077,0.17813253,county_prior_months,0.50103974,flood_events,0.3416489,property_damage,0.3226093,Medium
55033,Dunn County,WI,44.947751,-91.897645,45221.0,0.109771877695773,0.056668468,0.05484789,0.06895362,county_prior_months,0.90807945,property_damage,0.3877053,month,0.3657353,High
29069,Dunklin County,MO,36.153025,-90.062254,28174.0,0.2198801782713523,0.06844155,0.06116721,0.085770495,county_prior_months,1.216522,month,0.36852342,flood_events,0.35802096,High
29087,Holt County,MO,40.095724,-95.219072,4274.0,0.0944216372856797,0.30768487,0.30065286,0.33035168,county_disaster_rate,0.5642278,property_damage,0.3514153,flood_events,0.30926478,Medium
29091,Howell County,MO,36.774369,-91.887368,39960.0,0.2296160318188771,0.034256846,0.036625795,0.042421132,county_prior_months,1.5709562,month,0.4314625,flood_events,0.3434437,High
40145,Wagoner County,OK,35.963388,-95.514201,82269.0,0.0917898033075643,0.26663968,0.23880881,0.27433962,property_damage_prev1m,1.2222891,county_prior_months,0.99117124,property_damage,0.3246442,Medium
40129,Roger Mills County,OK,35.708554,-99.741572,3423.0,0.135628125919388,0.21120547,0.17377555,0.1907499,county_prior_months,0.8879409,county_disaster_rate,0.52062917,property_damage,0.38048849,Medium
40135,Sequoyah County,OK,35.502435,-94.750757,39538.0,0.1953166986564299,0.20909183,0.19000062,0.21144626,county_prior_months,0.7489538,flood_events,0.5117883,month,0.4172986,Medium
29117,Livingston County,MO,39.778587,-93.548201,14402.0,0.1044210207022067,0.116688654,0.10443732,0.106171675,county_prior_months,0.85126626,property_damage,0.37010604,flood_events,0.36711514,High
55027,Dodge County,WI,43.429628,-88.701939,89032.0,0.076234923471187,0.03043191,0.029848073,0.032414917,county_prior_months,1.4013977,property_damage,0.47265285,month,0.3606458,High
29119,McDonald County,MO,36.627955,-94.343716,23381.0,0.1691163755836071,0.05390517,0.054607242,0.07113825,county_prior_months,1.3720052,month,0.45547882,county_disaster_rate,0.35205248,High
55025,Dane County,WI,43.067468,-89.417852,559891.0,0.1085337590205289,0.044165906,0.03596323,0.042031042,county_prior_months,1.465521,month,0.5514194,total_population,0.5188804,High
29133,Mississippi County,MO,36.826264,-89.295929,12305.0,0.236533308694447,0.049989186,0.039887115,0.047708582,county_prior_months,1.382204,month,0.39948586,flood_events,0.3395861,High
29173,Ralls County,MO,39.553455,-91.524787,10356.0,0.1233835683033544,0.115545794,0.099920735,0.12231143,county_prior_months,0.8703687,county_disaster_rate,0.5537403,flood_events,0.3867606,High
29175,Randolph County,MO,39.439249,-92.492959,24652.0,0.1718577910921186,0.15961705,0.15074734,0.15315522,county_prior_months,0.39775348,property_damage,0.32495457,flood_events,0.30948612,Medium
29179,Reynolds County,MO,37.366464,-90.972282,6102.0,0.1810970464135021,0.16797751,0.15668812,0.1768928,county_disaster_rate,0.4097407,county_prior_months,0.4041974,property_damage,0.3594407,Medium
29181,Ripley County,MO,36.65017,-90.874834,10839.0,0.2058440349897636,0.034114312,0.03769127,0.051277135,county_prior_months,1.4743336,property_damage,0.45471948,month,0.40105745,High
40099,Murray County,OK,34.485766,-97.071557,13837.0,0.1462005851023929,0.57893443,0.5533426,0.58816016,flood_events,0.8284275,storm_count,0.41266578,property_damage,0.30941966,High
40079,Le Flore County,OK,34.897356,-94.695074,48525.0,0.203995906008785,0.056767758,0.05278854,0.06634911,county_prior_months,1.2442479,property_damage,0.47397208,month,0.31561592,High
29186,Ste. Genevieve County,MO,37.885845,-90.161531,18494.0,0.0921556653528007,0.2517124,0.2591645,0.28150702,county_disaster_rate,0.69344294,property_damage,0.35859025,flood_events,0.30976832,Medium
29159,Pettis County,MO,38.727367,-93.285207,43059.0,0.1478531366357166,0.07219792,0.06871277,0.076865226,county_prior_months,0.8919423,property_damage,0.35659483,month,0.34056193,High
40045,Ellis County,OK,36.224258,-99.750139,3755.0,0.1469310157523085,0.14723766,0.112916775,0.1494242,county_prior_months,1.0462555,flood_events,0.3572085,total_population,0.292168,High
29211,Sullivan County,MO,40.209587,-93.109783,5983.0,0.1512388162422574,0.17454506,0.16096443,0.18032682,county_disaster_rate,0.4134719,county_prior_months,0.38632023,property_damage,0.36748633,Medium
29217,Vernon County,MO,37.850196,-94.341597,19777.0,0.1814456818659382,0.18400766,0.1565258,0.17647284,county_prior_months,1.0446403,property_damage,0.57786274,flood_events,0.39422938,Medium
55021,Columbia County,WI,43.471882,-89.330472,58272.0,0.0751996333444975,0.052329328,0.04870552,0.055832263,county_prior_months,1.4090405,month,0.3882258,flood_events,0.32570866,High
30019,Daniels County,MT,48.794429,-105.541739,1535.0,0.1219187208527648,0.22170901,0.18612513,0.20217407,county_prior_months,0.8762935,flood_events_prev1m,0.5075298,flood_events,0.34521592,Medium
40043,Dewey County,OK,35.97796,-99.014385,4504.0,0.1423713443663568,0.11868937,0.10472353,0.12856269,county_prior_months,1.1612333,county_disaster_rate,0.46996108,flood_events,0.3884802,High
29510,St. Louis city,MO,38.635699,-90.244582,298018.0,0.201784405635984,0.33626413,0.34278172,0.39103577,property_damage,0.8358396,deaths,0.7381493,total_population,0.6491528,Medium
40013,Bryan County,OK,33.964004,-96.265135,46528.0,0.1631064964839186,0.077550106,0.07010567,0.07781027,county_prior_months,0.7929076,property_damage,0.379681,month,0.36675858,High
40017,Canadian County,OK,35.543354,-97.979889,156681.0,0.0796701331304183,0.14844076,0.1484294,0.15389119,county_prior_months,1.2912145,county_disaster_rate,0.49921426,flood_events,0.486449,High
39159,Union County,OH,40.295901,-83.367042,63411.0,0.0517153097798259,0.12579949,0.11245827,0.12595764,county_prior_months,0.8382281,flood_events,0.53322256,month,0.4225909,High
39161,Van Wert County,OH,40.85552,-84.585775,28833.0,0.083691138171324,0.21501304,0.1888635,0.23051134,deaths,0.92422867,county_prior_months,0.8075653,property_damage,0.3970396,Medium
39163,Vinton County,OH,39.252042,-82.485961,12790.0,0.1906676125167494,0.06745894,0.06397772,0.069728225,county_prior_months,0.93641794,property_damage,0.39508632,flood_events,0.36444095,High
39165,Warren County,OH,39.425663,-84.16994,243189.0,0.0513517979484702,0.05744104,0.06265495,0.07786671,county_prior_months,1.4363705,month,0.6242561,flood_events,0.6068789,High
39171,Williams County,OH,41.564959,-84.584324,36973.0,0.1118794971582159,0.050375998,0.056203753,0.06450809,county_disaster_rate,0.7551699,county_prior_months,0.5000846,property_damage,0.4319464,High
39173,Wood County,OH,41.360183,-83.622682,131564.0,0.1292250159134309,0.025507305,0.023853816,0.025708506,county_prior_months,1.3467994,month,0.49583602,property_damage,0.43132386,High
40003,Alfalfa County,OK,36.729703,-98.323445,5683.0,0.1178807947019867,0.12846288,0.10985382,0.11422202,county_prior_months,0.95336485,flood_events,0.36357856,property_damage,0.35727325,High
39145,Scioto County,OH,38.814889,-82.998675,73716.0,0.2378889662126656,0.02455198,0.022841057,0.028578237,county_prior_months,1.4845908,month,0.43761948,flood_events,0.32023224,High
55005,Barron County,WI,45.437192,-91.852892,46683.0,0.1175510381752492,0.08044326,0.082298405,0.09064222,county_prior_months,1.0008708,flood_events,0.34322882,property_damage,0.34305197,High
39127,Perry County,OH,39.743187,-82.237952,35451.0,0.1533868525554952,0.08169931,0.072085015,0.08225786,county_prior_months,0.940371,property_damage,0.52119917,month,0.337336,High
39131,Pike County,OH,39.071341,-83.052911,27151.0,0.1984341050423316,0.039546948,0.04147982,0.049446255,county_prior_months,1.1919863,property_damage,0.40208083,month,0.36157253,High
39135,Preble County,OH,39.73881,-84.644758,40929.0,0.1033233075292145,0.070468135,0.07077396,0.07827983,county_prior_months,1.0725261,flood_events,0.38988376,month,0.3544119,High
39141,Ross County,OH,39.323895,-83.059538,76957.0,0.1611094059544072,0.024165342,0.025425302,0.0273508,county_prior_months,1.3560328,property_damage,0.43947592,month,0.40107003,High
31025,Cass County,NE,40.909878,-96.140609,26749.0,0.0563562383541848,0.11824967,0.12027986,0.12964173,county_prior_months,1.276278,county_disaster_rate,0.4827754,flood_events,0.3777832,High
55001,Adams County,WI,43.973757,-89.767228,20730.0,0.1455259580039277,0.27978033,0.24036947,0.27939352,property_damage,0.9661938,county_prior_months,0.80037314,flood_events,0.43428057,Medium
31045,Dawes County,NE,42.713038,-103.135436,8279.0,0.1296744686575195,0.061545398,0.0661643,0.071246356,county_prior_months,1.1309706,property_damage,0.3911138,flood_events,0.3634078,High
39107,Mercer County,OH,40.535333,-84.632059,42321.0,0.0635912028552136,0.050079506,0.046451673,0.053039983,county_prior_months,1.0333922,month,0.3787152,property_damage,0.3708136,High
39109,Miami County,OH,40.053326,-84.228413,108818.0,0.0845714285714285,0.07702058,0.06816677,0.087101884,county_prior_months,0.9947231,property_damage,0.32349703,flood_events,0.28787625,High
39113,Montgomery County,OH,39.753736,-84.290591,536121.0,0.1511891924217316,0.029834883,0.029397767,0.032759003,county_prior_months,1.4188603,month,0.44879133,total_population,0.33725965,High
39081,Jefferson County,OH,40.399384,-80.763527,65280.0,0.1816410272659579,0.06245411,0.061022945,0.07700765,county_prior_months,1.0118935,property_damage,0.32295555,flood_events,0.32106847,High
39083,Knox County,OH,40.40362,-82.422393,62657.0,0.1289163940507908,0.039840836,0.036099568,0.04115696,county_prior_months,1.1508509,month,0.37803704,property_damage,0.3663684,High
39089,Licking County,OH,40.091505,-82.483435,178844.0,0.0981409746579771,0.030616673,0.028582789,0.034274615,county_prior_months,1.2494999,month,0.37074345,property_damage,0.36284253,High
31043,Dakota County,NE,42.391624,-96.561327,21308.0,0.1119406533834228,0.088337064,0.081858434,0.089666635,county_prior_months,0.90945214,flood_events,0.34955755,property_damage,0.33286226,High
39059,Guernsey County,OH,40.056665,-81.497875,38409.0,0.1698227501382707,0.03430243,0.03953601,0.041886613,county_prior_months,0.88432866,property_damage,0.5552425,month,0.36280942,High
39061,Hamilton County,OH,39.196927,-84.544187,827671.0,0.1488045677691606,0.07768733,0.077426165,0.08131252,county_prior_months,1.2919574,total_population,0.70064014,flood_events,0.6356916,High
39069,Henry County,OH,41.331584,-84.0689,27601.0,0.0951029883193927,0.05712871,0.053181067,0.05621897,county_prior_months,0.8011195,property_damage,0.4502173,month,0.32630217,High
39073,Hocking County,OH,39.490342,-82.483447,28104.0,0.1659987725188635,0.03252504,0.033147335,0.036009848,county_prior_months,1.1276797,property_damage,0.59092396,month,0.3571088,High
31055,Douglas County,NE,41.297091,-96.154066,582638.0,0.1100630197289048,0.120069355,0.08850939,0.11749495,county_prior_months,1.6432201,flood_events,0.6213839,month,0.5172688,High
39037,Darke County,OH,40.131467,-84.621191,51751.0,0.1104821967174585,0.04076177,0.038889248,0.041827954,county_prior_months,1.2975885,month,0.3346301,property_damage,0.32274044,High
39039,Defiance County,OH,41.321679,-84.486433,38300.0,0.1052463297007806,0.055706695,0.05668823,0.07598856,county_prior_months,0.9107214,county_disaster_rate,0.7070477,flood_events,0.38140738,High
39041,Delaware County,OH,40.278941,-83.007462,216074.0,0.0452659868340965,0.044621263,0.033969764,0.040777616,county_prior_months,1.1177794,month,0.45635703,flood_events,0.29617932,High
39045,Fairfield County,OH,39.747694,-82.626685,159371.0,0.087148779955588,0.040334124,0.03484703,0.048012473,county_prior_months,1.1896285,month,0.39325163,flood_events,0.3059812,High
39049,Franklin County,OH,39.969875,-83.009086,1318149.0,0.1453104727891631,0.07332399,0.07505061,0.08167913,county_prior_months,1.4656621,total_population,0.5818266,month,0.48869818,High
39051,Fulton County,OH,41.597264,-84.124267,42602.0,0.0849482283651562,0.06257149,0.06354882,0.07948906,property_damage,0.5112593,county_disaster_rate,0.45932505,county_prior_months,0.43063545,High
54021,Gilmer County,WV,38.915867,-80.849413,7444.0,0.1114135365632371,0.17917758,0.17554492,0.19828543,storm_count,0.45042565,property_damage,0.44087526,county_prior_months,0.4341696,Medium
39057,Greene County,OH,39.687479,-83.894894,167567.0,0.1059506077029953,0.020950994,0.021210963,0.02288717,county_prior_months,1.3851341,property_damage,0.51375204,month,0.40984502,High
39025,Clermont County,OH,39.052054,-84.149485,208851.0,0.0837587646925038,0.09811895,0.06623681,0.09362643,county_prior_months,1.3902292,flood_events,0.8671852,month,0.5042355,High
39031,Coshocton County,OH,40.29671,-81.930109,36629.0,0.1886070686070686,0.18683942,0.19938712,0.21376231,county_prior_months,1.0475146,flood_events,0.83746576,month,0.40889955,Medium
39011,Auglaize County,OH,40.561309,-84.224018,46263.0,0.0660178390966211,0.078978986,0.07255749,0.07618667,county_prior_months,0.92009383,property_damage,0.45609295,flood_events,0.30006012,High
39015,Brown County,OH,38.931377,-83.866772,43715.0,0.1589951339898954,0.40963137,0.3614432,0.397425,county_prior_months,1.0704595,flood_events,0.9164729,property_damage,0.5269468,High
31147,Richardson County,NE,40.123743,-95.718603,7850.0,0.1086025690930323,0.08933674,0.08161214,0.09577164,county_prior_months,1.1383723,flood_events,0.38843414,property_damage,0.3756261,High
31151,Saline County,NE,40.516802,-97.131755,14275.0,0.113224368499257,0.07339819,0.06111969,0.07009617,county_prior_months,1.3316975,flood_events,0.38804945,property_damage,0.3404261,High
39001,Adams County,OH,38.834468,-83.478082,27509.0,0.1964140480591497,0.03845472,0.03891273,0.045248024,county_prior_months,1.1779642,property_damage,0.3916757,month,0.38129765,High
31127,Nemaha County,NE,40.387389,-95.852721,7019.0,0.1532690246516613,0.13094264,0.12838575,0.14037895,county_prior_months,0.9979273,county_disaster_rate,0.56688243,property_damage,0.3618567,High
31131,Otoe County,NE,40.637992,-96.131027,15995.0,0.11447426867187,0.09759521,0.09679472,0.11337673,county_prior_months,1.0797477,county_disaster_rate,0.4496295,property_damage,0.37117642,High
31159,Seward County,NE,40.871944,-97.140383,17644.0,0.0676926850205408,0.25844294,0.2798806,0.31437433,flood_events,0.85909075,county_prior_months,0.84853685,month,0.38034472,Medium
38075,Renville County,ND,48.712781,-101.658152,2282.0,0.0641952983725135,0.088205345,0.080511965,0.09978942,county_prior_months,1.0237107,county_disaster_rate,0.4014057,flood_events,0.3988118,High
32009,Esmeralda County,NV,37.778966,-117.632382,980.0,0.1613566289825282,0.40764368,0.3793289,0.46650383,property_damage,1.3843914,county_prior_months,0.7966793,county_disaster_rate,0.55358076,Low
54029,Hancock County,WV,40.516958,-80.570164,28907.0,0.1342154344230566,0.13002487,0.13650165,0.1621415,county_prior_months,0.7389828,flood_events,0.5272297,property_damage,0.39730126,High
33013,Merrimack County,NH,43.299579,-71.680041,153918.0,0.0724748379421526,0.14113103,0.117893845,0.1335251,county_prior_months,1.5285912,flood_events,0.9493345,month,0.49195015,High
35006,Cibola County,NM,34.928272,-107.99268,27211.0,0.2726816462049262,0.23314108,0.23407361,0.24024025,property_damage,0.34820879,month,0.27382022,flood_events,0.23244359,Medium
54075,Pocahontas County,WV,38.332606,-80.010121,7940.0,0.203273495248152,0.09452291,0.10483288,0.13854347,property_damage,0.5432004,flood_events,0.33648482,county_disaster_rate,0.2996077,High
38009,Bottineau County,ND,48.794412,-100.831257,6411.0,0.0819510592872392,0.4421104,0.43796217,0.5628069,property_damage,1.1481885,county_prior_months,0.841303,county_disaster_rate,0.4868604,Low
34033,Salem County,NJ,39.573828,-75.357356,64840.0,0.1303299612366455,0.06835284,0.07009422,0.07809242,county_prior_months,1.493299,flood_events,0.47762027,month,0.46361053,High
37197,Yadkin County,NC,36.158765,-80.665164,37280.0,0.138168228348589,0.06991131,0.07528556,0.08159457,county_prior_months,0.9301963,month,0.39227086,property_damage,0.32294852,High
35017,Grant County,NM,32.732087,-108.381504,28006.0,0.2045958327176001,0.06301249,0.062345378,0.07121185,month,0.39824113,property_damage,0.3889887,county_prior_months,0.35882846,High
35021,Harding County,NM,35.859352,-103.853424,671.0,0.1430700447093889,0.097589724,0.06725162,0.088045076,month,0.445367,county_disaster_rate,0.44325203,property_damage,0.38344738,High
54073,Pleasants County,WV,39.368133,-81.161172,7622.0,0.0771859868983195,0.08280876,0.092248626,0.09479511,property_damage,0.5386524,county_prior_months,0.35579816,flood_events,0.3476463,High
35061,Valencia County,NM,34.71684,-106.806582,76613.0,0.1775865754595981,0.109966815,0.10806081,0.12470974,county_disaster_rate,0.40983573,month,0.35084736,property_damage,0.3204393,High
54069,Ohio County,WV,40.100323,-80.6199,42224.0,0.1472984831390247,0.0704309,0.06599407,0.071333736,county_prior_months,0.7847618,month,0.35522178,flood_events,0.33963376,High
37181,Vance County,NC,36.365481,-78.405434,42492.0,0.1872930414274483,0.052152652,0.046191044,0.051025264,county_prior_months,0.80060136,property_damage,0.37875363,month,0.36030543,High
35043,Sandoval County,NM,35.685091,-106.883119,149460.0,0.1008953493075875,0.1577501,0.13961133,0.17406432,county_prior_months,0.32960325,property_damage,0.29855764,month,0.23769782,Medium
36009,Cattaraugus County,NY,42.239099,-78.662332,77000.0,0.1742366437760197,0.020286143,0.027414262,0.031154176,county_prior_months,1.5444769,month,0.45346072,wind_events,0.43080786,High
54067,Nicholas County,WV,38.291432,-80.797515,24624.0,0.1667551996077309,0.14936423,0.14504643,0.15134835,property_damage,0.37486473,flood_events,0.28623077,county_disaster_rate,0.2736061,High
36033,Franklin County,NY,44.594376,-74.31067,47459.0,0.1787550368208976,0.20029032,0.1921776,0.21544729,county_prior_months,1.2102776,property_damage,0.61386544,flood_events,0.50496393,Medium
36035,Fulton County,NY,43.115609,-74.423678,53280.0,0.1392288861689106,0.029409429,0.029073374,0.033019144,county_prior_months,1.3931265,month,0.39716035,property_damage,0.3764093,High
36037,Genesee County,NY,43.00091,-78.192778,58204.0,0.1044697817571348,0.10330268,0.09528749,0.11136292,county_prior_months,0.8201331,property_damage,0.53812766,flood_events,0.5071797,High
36051,Livingston County,NY,42.729042,-77.778463,61980.0,0.1170737703478673,0.041663315,0.04205421,0.043263502,county_prior_months,1.0460154,property_damage,0.52682704,month,0.35613698,High
54037,Jefferson County,WV,39.307398,-77.86322,58043.0,0.0912180701350657,0.04081733,0.034649815,0.047110558,county_prior_months,1.488024,month,0.45777592,flood_events,0.32369757,High
36073,Orleans County,NY,43.339906,-78.207028,40148.0,0.1258024788407619,0.16338883,0.15355131,0.16263236,county_prior_months,0.7787144,flood_events,0.43250445,property_damage,0.37818417,Medium
54055,Mercer County,WV,37.403448,-81.106456,59530.0,0.1877266917682821,0.20846578,0.17232467,0.20597279,flood_events,0.9480525,county_prior_months,0.87707067,month,0.33878818,Medium
36121,Wyoming County,NY,42.701365,-78.228576,40338.0,0.1069914131241386,0.09990534,0.09935279,0.11663465,county_prior_months,1.0164924,property_damage,0.5239715,flood_events,0.51869315,High
54041,Lewis County,WV,38.988877,-80.495477,16920.0,0.1683126833063985,0.06785534,0.07216433,0.07504447,county_prior_months,0.69834465,property_damage,0.41823986,flood_events,0.35898855,High
54051,Marshall County,WV,39.854426,-80.671794,30509.0,0.146678345236491,0.06191306,0.06416394,0.06949262,county_prior_months,0.9710232,flood_events,0.34885374,month,0.3257107,High
51159,Richmond County,VA,37.942894,-76.730561,8968.0,0.0754716981132075,0.21746086,0.21677989,0.24981456,county_prior_months,0.89954555,flood_events,0.6416059,month,0.40141195,Medium
01003,Baldwin County,AL,30.659218,-87.746067,233420.0,0.1021395057049129,0.073314846,0.06543203,0.10156897,county_prior_months,1.6818731,flood_events_prev1m,0.82677954,month,0.32428175,High
01045,Dale County,AL,31.430654,-85.609476,49455.0,0.17518927640561,0.026041973,0.032019503,0.037449136,county_prior_months,1.9097443,property_damage,0.39483756,flood_events,0.28803605,High
01001,Autauga County,AL,32.532237,-86.64644,58761.0,0.1137396853716697,0.063817576,0.06590683,0.07131606,county_prior_months,1.3275182,property_damage,0.33979625,flood_events,0.29784384,High
01031,Coffee County,AL,31.402258,-85.989602,53559.0,0.1629958454271242,0.052757688,0.063865945,0.06507508,county_prior_months,1.496182,property_damage,0.49362764,flood_events,0.30596834,High
01059,Franklin County,AL,34.441989,-87.842814,32011.0,0.1662336016224095,0.06300109,0.062477876,0.06868266,county_prior_months,1.4167802,property_damage,0.3837224,flood_events,0.2826838,High
01057,Fayette County,AL,33.716157,-87.764292,16297.0,0.2218118074250297,0.08476004,0.0716336,0.08164802,county_prior_months,1.2630179,property_damage,0.3780436,flood_events,0.3627767,High
01055,Etowah County,AL,34.047641,-86.034263,103348.0,0.1586565389566362,0.064494334,0.055534005,0.07506228,county_prior_months,1.5964127,injuries,0.34220606,flood_events,0.2779193,High
01051,Elmore County,AL,32.597229,-86.142735,87694.0,0.0960028851355412,0.041309144,0.044888325,0.04999463,county_prior_months,1.8170987,property_damage,0.34295338,flood_events,0.29182938,High
37039,Cherokee County,NC,35.13715,-84.061449,28868.0,0.1673566767244403,0.03809144,0.037051085,0.041840196,county_prior_months,1.3764802,county_disaster_rate,0.6149066,property_damage,0.3737545,High
37037,Chatham County,NC,35.704994,-79.251454,76754.0,0.1038045412015866,0.063138776,0.07092644,0.0785041,county_prior_months,1.7130288,flood_events,0.24215902,flood_events_prev1m,0.237269,High
37059,Davie County,NC,35.929355,-80.542552,43030.0,0.116109692981429,0.07886263,0.073996596,0.08030851,county_prior_months,1.2078292,property_damage,0.45882162,flood_events,0.32361612,High
37057,Davidson County,NC,35.795131,-80.207107,169498.0,0.1393154486586494,0.039115492,0.04166698,0.0531904,county_prior_months,1.6962826,wind_events,0.36595866,flood_events,0.28523397,High
37045,Cleveland County,NC,35.33463,-81.557114,99527.0,0.1838168189415613,0.058386073,0.05734435,0.059587404,county_prior_months,1.4777932,property_damage,0.33223048,flood_events,0.2944888,High
37043,Clay County,NC,35.052997,-83.752264,11186.0,0.1348324753905897,0.08333495,0.078325585,0.08639149,county_prior_months,0.6668288,county_disaster_rate,0.45424426,property_damage,0.35334304,High
01037,Coosa County,AL,32.931445,-86.243482,10329.0,0.110542682315177,0.26581565,0.2463489,0.28804234,county_prior_months,0.41529968,property_damage,0.31970608,flood_events,0.30562234,Medium
37051,Cumberland County,NC,35.050192,-78.828719,335207.0,0.1755490621170704,0.054369755,0.062309418,0.06422523,county_prior_months,1.4769812,property_damage,0.3148579,flood_events,0.22797866,High
01027,Clay County,AL,33.2704,-85.863525,14209.0,0.1757038957298192,0.10080439,0.11188486,0.11427365,county_prior_months,0.82920957,property_damage,0.38255256,flood_events,0.30725685,High
01017,Chambers County,AL,32.915504,-85.394032,34612.0,0.1787814631851329,0.1320132,0.13428393,0.13920422,county_prior_months,0.6877779,property_damage,0.34517634,flood_events,0.28806645,High
01015,Calhoun County,AL,33.770516,-85.827909,116162.0,0.1803916332888295,0.06700045,0.062459957,0.07005959,county_prior_months,1.3186809,flood_events,0.30702233,property_damage,0.30155322,High
01011,Bullock County,AL,32.101759,-85.717261,10328.0,0.2794301164725457,0.17681246,0.16242915,0.18085098,county_prior_months,0.4546152,property_damage,0.34222823,flood_events,0.29446146,Medium
01049,DeKalb County,AL,34.460915,-85.804021,71680.0,0.2022192896570317,0.036866892,0.040009037,0.045453236,county_prior_months,1.7314626,flood_events,0.30515578,wind_events,0.2546598,High
18037,Dubois County,IN,38.373344,-86.873385,43584.0,0.0965386060492203,0.06527336,0.06427415,0.07128992,county_prior_months,1.6278514,property_damage,0.35056227,flood_events,0.29277375,High
18027,Daviess County,IN,38.69609,-87.076943,33337.0,0.0963685868999908,0.057855744,0.05527195,0.059261117,county_prior_months,1.2330215,property_damage,0.43041885,flood_events,0.293616,High
18025,Crawford County,IN,38.289433,-86.440871,10511.0,0.2194559261751417,0.0780052,0.080359794,0.08869642,county_prior_months,1.316695,property_damage,0.35825244,flood_events,0.33551523,High
48075,Childress County,TX,34.524624,-100.208166,6781.0,0.1508369381230017,0.03911694,0.030609027,0.03537859,county_prior_months,1.5031385,county_disaster_rate,0.48451543,property_damage,0.32793173,High
48069,Castro County,TX,34.533621,-102.258786,7381.0,0.1244006028223044,0.026808929,0.028607814,0.030155817,county_prior_months,1.742927,county_disaster_rate,0.5608245,property_damage,0.37997973,High
18083,Knox County,IN,38.688381,-87.420358,36148.0,0.1320710612435717,0.21962278,0.20010357,0.23343527,county_prior_months,1.2878207,flood_events,0.46203917,month,0.1387464,Medium
18081,Johnson County,IN,39.496092,-86.094264,161952.0,0.0749125516024327,0.054265954,0.044980865,0.050960004,county_prior_months,1.1750298,property_damage,0.509312,flood_events,0.2756238,High
18075,Jay County,IN,40.434956,-85.002331,20451.0,0.1351016360932077,0.13052513,0.14146484,0.16321984,county_prior_months,0.6782718,property_damage,0.50206923,flood_events,0.25758454,High
54049,Marion County,WV,39.505839,-80.243402,56194.0,0.1491213663984233,0.17607768,0.1672705,0.19881839,county_prior_months,1.1020435,flood_events,0.47739327,property_damage,0.39586788,Medium
37027,Caldwell County,NC,35.966396,-81.51254,80716.0,0.1325302718183188,0.13566941,0.11889401,0.13405868,county_prior_months,1.1001797,flood_events_prev1m,0.38702956,flood_events,0.27924103,High
37025,Cabarrus County,NC,35.388346,-80.552728,226396.0,0.0841106077899843,0.060059134,0.046484187,0.053110708,county_prior_months,1.5591925,flood_events,0.27202132,property_damage,0.24009998,High
01077,Lauderdale County,AL,34.904168,-87.651108,94329.0,0.1326310749341632,0.036182564,0.029290019,0.0444728,county_prior_months,1.44775,wind_events_prev3m,0.67590916,flood_events,0.3803245,High
01075,Lamar County,AL,33.787085,-88.087431,13885.0,0.1533925451368666,0.040731333,0.04718951,0.05184351,county_prior_months,1.7154832,property_damage,0.39127925,flood_events,0.302366,High
37087,Haywood County,NC,35.558882,-82.981307,62152.0,0.1211627717612572,0.14168741,0.13701545,0.15605387,county_prior_months,0.705484,property_damage,0.31992027,flood_events,0.2847283,High
37085,Harnett County,NC,35.36866,-78.871665,134718.0,0.1437998538634841,0.08357715,0.09146498,0.10716784,county_prior_months,1.3538475,property_damage,0.26173174,flood_events,0.25544995,High
37021,Buncombe County,NC,35.609371,-82.530423,269449.0,0.1124488055906578,0.054814983,0.04218981,0.057823673,county_prior_months,1.4951878,property_damage,0.3128719,flood_events,0.24408214,High
55139,Winnebago County,WI,44.085707,-88.668149,171197.0,0.1081834938538347,0.08219979,0.06330166,0.07276642,county_prior_months,1.200437,flood_events,0.28454113,property_damage,0.27332407,High
18047,Franklin County,IN,39.409762,-85.066964,22850.0,0.0735307075513261,0.70513225,0.5674388,0.6457138,county_prior_months,0.8793621,property_damage_prev1m,0.8664585,flood_events_prev1m,0.69349945,Low
18043,Floyd County,IN,38.318081,-85.911847,80191.0,0.0937010581000038,0.07862618,0.077067874,0.085359246,county_prior_months,1.222153,property_damage,0.3117781,flood_events,0.29472485,High
17133,Monroe County,IL,38.277983,-90.179078,34905.0,0.0428865143485941,0.07533812,0.061776847,0.075337455,county_prior_months,1.2946038,property_damage,0.3566171,flood_events,0.32584253,High
17191,Wayne County,IL,38.431857,-88.43243,16127.0,0.1393769470404984,0.16841212,0.14805524,0.18498951,county_prior_months,1.3839989,flood_events,0.38828102,property_damage,0.37469146,Medium
17181,Union County,IL,37.485652,-89.244639,17122.0,0.200953516090584,0.048912704,0.055008244,0.07169683,county_prior_months,1.6223875,property_damage,0.30177385,flood_events,0.29992777,High
17173,Shelby County,IL,39.384917,-88.798865,21042.0,0.1027094542659492,0.08246523,0.07191115,0.083412215,county_prior_months,1.2300004,flood_events,0.32895377,property_damage,0.30364677,High
17165,Saline County,IL,37.751508,-88.545024,23662.0,0.1797811134662802,0.03786669,0.05094017,0.05356554,county_prior_months,1.7042572,property_damage,0.4254256,flood_events,0.2844776,High
37011,Avery County,NC,36.07209,-81.920285,17679.0,0.1122047244094488,0.09614735,0.087603666,0.10000028,county_prior_months,1.183883,property_damage,0.3640866,flood_events,0.3225575,High
37009,Ashe County,NC,36.443469,-81.499334,26759.0,0.14117202268431,0.12021896,0.11397501,0.143139,county_prior_months,1.617889,flood_events,0.623903,property_damage,0.37895194,High
37003,Alexander County,NC,35.920951,-81.177467,36505.0,0.1224937968799018,0.3307772,0.25613305,0.30438662,county_prior_months,0.9465501,deaths_prev1m,0.38613713,flood_events_prev1m,0.38466015,Medium
37001,Alamance County,NC,36.043954,-79.400573,171779.0,0.1421767771349252,0.0631711,0.058921732,0.06997962,county_prior_months,1.7575558,property_damage,0.25467202,flood_events,0.23547016,High
51169,Scott County,VA,36.712776,-82.613624,21536.0,0.1699551353176709,0.09478877,0.1013231,0.10303445,county_prior_months,1.0646065,property_damage,0.372263,flood_events,0.3120712,High
37099,Jackson County,NC,35.285454,-83.123966,42388.0,0.1934632404316435,0.06541113,0.06680094,0.0696465,county_prior_months,1.2219576,property_damage,0.3725206,flood_events,0.31736904,High
37093,Hoke County,NC,35.017233,-79.241964,52612.0,0.1728216457156262,0.06478379,0.067520656,0.070743054,county_prior_months,1.215921,property_damage,0.34858733,flood_events,0.3074575,High
36123,Yates County,NY,42.638237,-77.104324,24713.0,0.1422016399711093,0.08568376,0.09588664,0.10444958,county_prior_months,0.80952644,property_damage,0.52791345,flood_events,0.28726444,High
54053,Mason County,WV,38.770914,-82.029007,25488.0,0.1632048681541582,0.07753631,0.06949239,0.075600825,county_prior_months,1.1990294,property_damage,0.38996524,flood_events,0.31965265,High
36117,Wayne County,NY,43.218114,-77.049402,91324.0,0.1101487749571373,0.06425632,0.058040872,0.06797154,county_prior_months,1.5231075,property_damage,0.38266313,flood_events,0.2782751,High
18063,Hendricks County,IN,39.768963,-86.509908,175639.0,0.0522117814184744,0.058003236,0.044778913,0.060968056,county_prior_months,1.4226642,property_damage,0.3378602,flood_events,0.26357704,High
18053,Grant County,IN,40.515758,-85.654946,66560.0,0.190630206801921,0.050083905,0.05220251,0.058060985,county_prior_months,1.2189388,property_damage,0.4963557,flood_events,0.29808328,High
18051,Gibson County,IN,38.317398,-87.580523,33006.0,0.0996956332691471,0.07195301,0.08840799,0.09950951,county_prior_months,1.6975329,flood_events,0.39380184,property_damage,0.39190564,High
48059,Callahan County,TX,32.29315,-99.372249,13869.0,0.0879064669345999,0.20136474,0.20638153,0.2266554,county_prior_months,0.6451186,flood_events,0.31957212,property_damage,0.28095952,Medium
17135,Montgomery County,IL,39.228068,-89.478141,28352.0,0.1397634771924435,0.068379566,0.058361124,0.0687259,county_prior_months,1.2406663,property_damage,0.33912674,flood_events,0.31288117,High
48047,Brooks County,TX,27.034994,-98.215276,7059.0,0.3321630285452602,0.9312696,0.9159799,0.9255643,tropical_events,1.822071,month,0.4802581,county_prior_months,0.37857234,High
48035,Bosque County,TX,31.900819,-97.637641,18404.0,0.115444272102814,0.117366195,0.12315323,0.12915811,county_prior_months,0.63633347,property_damage,0.4476456,flood_events,0.28863046,High
55135,Waupaca County,WI,44.478004,-88.967005,51822.0,0.0883875592369877,0.06703962,0.059357554,0.072585404,county_prior_months,1.3038858,property_damage,0.34023583,flood_events,0.3008606,High
18105,Monroe County,IN,39.160729,-86.52331,140065.0,0.2069095035642361,0.059001602,0.050401397,0.056331277,county_prior_months,1.1604805,property_damage,0.38262218,property_damage_prev3m,0.2712827,High
18101,Martin County,IN,38.705322,-86.801847,9863.0,0.1414432989690721,0.18758094,0.1839439,0.20359105,county_prior_months,0.5902505,flood_events,0.31060714,property_damage_prev3m,0.20979282,Medium
48025,Bee County,TX,28.416077,-97.742586,30977.0,0.1996179966044142,0.18008171,0.17703086,0.18124346,county_prior_months,0.4966147,property_damage,0.41108784,flood_events,0.22691937,Medium
36101,Steuben County,NY,42.266725,-77.385525,93584.0,0.1343455156707515,0.045049593,0.048451245,0.06090797,county_prior_months,1.8786596,property_damage,0.38140416,flood_events,0.26756015,High
36097,Schuyler County,NY,42.419776,-76.938603,17855.0,0.1575458871515975,0.15371001,0.16766196,0.19407287,county_prior_months,0.7219226,property_damage,0.48093626,flood_events_prev1m,0.34594238,Medium
54057,Mineral County,WV,39.404781,-78.95669,26957.0,0.1387890834034095,0.10692013,0.093067616,0.09959871,county_prior_months,1.4238485,property_damage,0.3588767,flood_events_prev1m,0.31506598,High
37105,Lee County,NC,35.476336,-79.172117,63560.0,0.1598699668479835,0.07771719,0.0718212,0.07402679,county_prior_months,1.1129028,property_damage,0.43908542,flood_events,0.29476616,High
01089,Madison County,AL,34.764238,-86.55108,389781.0,0.1068716008012727,0.03754585,0.021295043,0.02949626,county_prior_months,1.8116845,wind_events_prev3m,0.54663086,flood_events_prev1m,0.5323109,High
01087,Macon County,AL,32.387027,-85.692887,19198.0,0.2501363719013273,0.18083708,0.18845093,0.19540419,county_prior_months,0.54261696,property_damage,0.3480713,flood_events,0.30815652,Medium
01083,Limestone County,AL,34.810239,-86.981399,104199.0,0.1119397804246709,0.038689774,0.0346987,0.050687157,county_prior_months,1.9392135,wind_events,0.32511705,flood_events,0.25541556,High
36089,St. Lawrence County,NY,44.488112,-75.074311,108670.0,0.1703949721526748,0.1958216,0.15554948,0.17519952,county_prior_months,1.3565081,flood_events,0.3553625,total_population,0.19165868,Medium
37117,Martin County,NC,35.847301,-77.119602,21992.0,0.2051175079961062,0.12461788,0.12751156,0.14135882,county_prior_months,0.81120867,property_damage,0.3692596,flood_events,0.2781823,High
37115,Madison County,NC,35.864206,-82.712631,21414.0,0.125006089540605,0.08087133,0.07483655,0.07856475,county_prior_months,1.1761926,property_damage,0.3854794,flood_events,0.324993,High
37111,McDowell County,NC,35.682271,-82.048044,44629.0,0.1493782646882078,0.088306986,0.10618624,0.11117312,county_prior_months,1.2412794,property_damage,0.37638837,flood_events,0.27765208,High
37109,Lincoln County,NC,35.488491,-81.226893,87933.0,0.0926666666666666,0.07044559,0.06987864,0.07297594,county_prior_months,1.2836903,property_damage,0.32000166,flood_events,0.29776073,High
37107,Lenoir County,NC,35.240066,-77.635514,55071.0,0.224197704814698,0.3144796,0.2490178,0.30673718,flood_events,0.9817929,county_prior_months,0.9683999,property_damage,0.32116523,Low
48111,Dallam County,TX,36.28637,-102.59402,7165.0,0.0856286570572284,0.060377803,0.05618128,0.07129587,county_prior_months,0.8609849,county_disaster_rate,0.6724678,property_damage,0.32475215,High
48007,Aransas County,TX,28.122621,-96.967501,24048.0,0.1787113901647634,0.909363,0.9128787,0.9237623,tropical_events,2.346076,county_prior_months,0.32824466,wind_events,0.16657948,High
47189,Wilson County,TN,36.149431,-86.291181,149096.0,0.0829059305121341,0.042874146,0.026014341,0.047727205,county_prior_months,1.8952664,property_damage,0.27591303,flood_events_prev1m,0.22099683,High
47187,Williamson County,TN,35.894845,-86.897888,248897.0,0.0417135777958024,0.11449654,0.11424252,0.16221705,county_prior_months,1.4213524,total_population,0.56192654,property_damage,0.45310682,High
47185,White County,TN,35.927049,-85.455785,27420.0,0.1705050355450237,0.18423267,0.15262237,0.16921082,county_prior_months,1.0170164,flood_events_prev1m,0.38942495,flood_events,0.28148186,Medium
18143,Scott County,IN,38.679431,-85.751898,24403.0,0.1576528658354963,0.19750553,0.1857465,0.18719849,county_prior_months,0.59678954,property_damage,0.3234612,flood_events,0.2993714,Medium
55133,Waukesha County,WI,43.018368,-88.30424,407290.0,0.049497869297017,0.050280698,0.041682463,0.073246576,county_prior_months,1.6834915,property_damage,0.5227533,flood_events,0.34499973,High
18121,Parke County,IN,39.77425,-87.19695,16327.0,0.1555248800368106,0.142418,0.1317209,0.17409559,county_prior_months,1.0734185,flood_events,0.44937336,property_damage,0.3936214,High
18117,Orange County,IN,38.547381,-86.489257,19768.0,0.1469800041228612,0.1325965,0.13770321,0.1667284,county_prior_months,1.3731153,property_damage,0.3313278,flood_events,0.33016613,High
01097,Mobile County,AL,30.684572,-88.196568,413878.0,0.1756602059581633,0.02316888,0.022189017,0.029773695,county_prior_months,1.8911983,flood_events_prev3m,0.3120347,property_damage,0.29348227,High
01095,Marshall County,AL,34.309564,-86.321668,97923.0,0.1660040483728655,0.039603088,0.04267938,0.055495102,county_prior_months,1.7679354,wind_events,0.377181,flood_events,0.29263246,High
01093,Marion County,AL,34.138219,-87.881551,29203.0,0.1644596624855875,0.046899207,0.052543018,0.05388217,county_prior_months,1.6235949,property_damage,0.3798067,flood_events,0.31989163,High
18173,Warrick County,IN,38.097728,-87.272049,64065.0,0.0606017283009276,0.14422354,0.13215864,0.16202575,county_prior_months,1.4712272,flood_events,0.48357344,month,0.14937216,High
18167,Vigo County,IN,39.430874,-87.390989,106355.0,0.199544234567276,0.041215874,0.037067614,0.04839715,county_prior_months,1.37153,property_damage,0.47928277,flood_events,0.25894466,High
18163,Vanderburgh County,IN,38.02007,-87.586166,179900.0,0.1425897988092084,0.030716391,0.035309877,0.04539999,county_prior_months,1.8942001,property_damage,0.42200527,flood_events,0.2532509,High
47171,Unicoi County,TN,36.100129,-82.418218,17845.0,0.1667052558462607,0.100124836,0.103789456,0.112563685,county_prior_months,0.7599837,property_damage,0.34421775,flood_events,0.3055329,High
37125,Moore County,NC,35.308273,-79.492723,100759.0,0.0947273810605831,0.072604865,0.08097961,0.10307083,county_prior_months,1.5179776,property_damage,0.28366756,flood_events,0.26867655,High
37123,Montgomery County,NC,35.327548,-79.910752,25839.0,0.1618402053585753,0.08033027,0.078295074,0.0849091,county_prior_months,1.2230676,property_damage,0.3604803,flood_events,0.32605454,High
37121,Mitchell County,NC,36.013102,-82.163554,14989.0,0.1339853635182272,0.3736047,0.40921044,0.41648054,property_damage,0.953216,county_prior_months,0.61690944,flood_events,0.37162614,Medium
01101,Montgomery County,AL,32.202881,-86.204461,228132.0,0.1955790923728852,0.07672419,0.07321903,0.07625683,county_prior_months,1.2471843,flood_events,0.2860542,property_damage,0.25540167,High
36069,Ontario County,NY,42.856357,-77.303497,112288.0,0.0900439978322571,0.09374312,0.09286768,0.13283703,county_prior_months,1.54915,flood_events_prev1m,0.65373003,property_damage,0.40488952,High
36063,Niagara County,NY,43.272672,-78.812943,212230.0,0.1296890359394854,0.035966784,0.037804924,0.045699846,county_prior_months,1.9929144,property_damage,0.4676106,flood_events_prev1m,0.2940357,High
47177,Warren County,TN,35.67825,-85.777343,41163.0,0.1680262217512383,0.3415126,0.31823343,0.33337906,property_damage,0.9668684,county_prior_months,0.79190135,flood_events,0.37253726,Medium
47175,Van Buren County,TN,35.699234,-85.458409,6182.0,0.1700268817204301,0.55626,0.53342426,0.56590647,property_damage,0.9746587,flood_events,0.3622786,total_population,0.28642628,High
47173,Union County,TN,36.28414,-83.836088,19860.0,0.1589085892391804,0.07314701,0.068940125,0.07147292,county_prior_months,1.2683392,property_damage,0.36906424,flood_events,0.34098148,High
18175,Washington County,IN,38.600613,-86.104751,28133.0,0.1310965689287392,0.10244622,0.09240037,0.11540417,county_prior_months,1.3174373,flood_events,0.35970137,property_damage,0.2778671,High
37135,Orange County,NC,36.062525,-79.120033,145919.0,0.1227646026125509,0.03988229,0.039679088,0.046352938,county_prior_months,1.6326299,property_damage,0.36461416,flood_events,0.24429514,High
54061,Monongalia County,WV,39.633645,-80.059074,105988.0,0.2064871910562992,0.22370146,0.18208514,0.19672988,county_prior_months,0.96486115,flood_events,0.43985787,property_damage,0.40828937,Medium
36055,Monroe County,NY,43.250347,-77.700518,756406.0,0.1344821981942117,0.0588128,0.05605583,0.063715175,county_prior_months,1.767181,flood_events,0.4817856,property_damage,0.47752112,High
01113,Russell County,AL,32.289811,-85.18698,58849.0,0.2202780976607483,0.101615824,0.09928548,0.11762349,county_prior_months,0.7045131,property_damage,0.34149924,flood_events,0.27985355,High
01109,Pike County,AL,31.798653,-85.941608,32997.0,0.236365416625869,0.14633282,0.13578409,0.15184003,county_prior_months,0.62869406,property_damage,0.5142136,flood_events,0.29547298,High
01107,Pickens County,AL,33.2968,-88.096864,18925.0,0.2233396913473209,0.0767503,0.08583753,0.08999841,county_prior_months,1.1009821,property_damage,0.3848967,flood_events,0.31547502,High
19025,Calhoun County,IA,42.386061,-94.643602,9893.0,0.0903954802259887,0.053013053,0.05127004,0.063197725,county_prior_months,1.6397448,property_damage,0.350213,flood_events,0.338298,High
19023,Butler County,IA,42.734757,-92.780153,14376.0,0.1182513816069151,0.032871675,0.036333524,0.040748477,county_prior_months,1.7617393,property_damage,0.37936306,flood_events,0.3152625,High
51683,Manassas city,VA,38.746808,-77.482633,42620.0,0.0474060822898032,0.39337894,0.3577279,0.40758756,month,0.6275038,county_prior_months,0.43025887,property_damage,0.30927494,Medium
47153,Sequatchie County,TN,35.372336,-85.410082,16065.0,0.222601656864605,0.08106544,0.07410626,0.08427246,county_prior_months,1.2564191,property_damage,0.37732205,flood_events,0.34133735,High
47151,Scott County,TN,36.430592,-84.504091,21917.0,0.2570466975178797,0.17778794,0.17461881,0.18047513,county_prior_months,1.0796396,flood_events,0.51125693,property_damage,0.36324453,Medium
47145,Roane County,TN,35.84725,-84.523929,53777.0,0.1215185115579778,0.058792572,0.048280552,0.05479995,county_prior_months,1.7554616,flood_events,0.31362087,property_damage,0.28032368,High
19085,Harrison County,IA,41.688584,-95.827149,14623.0,0.0761081683858377,0.0717551,0.07694497,0.08726938,county_prior_months,1.5488161,property_damage,0.37359473,flood_events,0.28418213,High
19073,Greene County,IA,42.042513,-94.388727,8801.0,0.1153446484239695,0.0717444,0.0675306,0.07454718,county_prior_months,1.3332349,property_damage,0.3801242,flood_events,0.3295408,High
37153,Richmond County,NC,35.004636,-79.755695,43149.0,0.2301039302353363,0.08306235,0.07379497,0.08017409,county_prior_months,1.2302006,property_damage,0.3368772,flood_events,0.29720393,High
37151,Randolph County,NC,35.709915,-79.806215,144403.0,0.1473473136599148,0.03802126,0.035445433,0.04883689,county_prior_months,2.0142968,property_damage,0.43785864,flood_events_prev1m,0.26765803,High
37149,Polk County,NC,35.277901,-82.167621,19538.0,0.1100535704998179,0.066812105,0.06806955,0.07324619,county_prior_months,1.1468685,property_damage,0.38260403,flood_events,0.3252327,High
54063,Monroe County,WV,37.554062,-80.550329,12438.0,0.1317365269461078,0.104570866,0.09129098,0.12337144,county_prior_months,1.1730182,property_damage,0.35268918,flood_events,0.33660722,High
01125,Tuscaloosa County,AL,33.29022,-87.522783,231558.0,0.1669333357784369,0.039256744,0.03931088,0.041500956,county_prior_months,1.8193271,property_damage,0.2967964,flood_events,0.26213676,High
01123,Tallapoosa County,AL,32.863308,-85.799618,41251.0,0.1684475483059003,0.07581283,0.07872102,0.090806454,county_prior_months,1.331435,property_damage,0.3491401,flood_events,0.34746724,High
37159,Rowan County,NC,35.641355,-80.521721,147067.0,0.1641781637369563,0.07116885,0.06721106,0.07775097,county_prior_months,1.6089242,flood_events,0.2869775,county_disaster_rate,0.20028318,High
37155,Robeson County,NC,34.63921,-79.100881,117573.0,0.2711544869434068,0.12989357,0.12099315,0.13320953,county_prior_months,1.1671826,flood_events,0.41686872,property_damage,0.33295435,High
19039,Clarke County,IA,41.029726,-93.785259,9737.0,0.1691516169676606,0.081470236,0.07366446,0.08464115,county_prior_months,1.3553513,property_damage,0.35045397,flood_events,0.29489875,High
47131,Obion County,TN,36.361892,-89.148078,30670.0,0.1614529772764969,0.83704275,0.81103987,0.84048986,property_damage,1.9663723,county_prior_months,0.83847564,flood_events,0.7403751,High
47129,Morgan County,TN,36.138697,-84.639262,21124.0,0.2090328809740921,0.08476734,0.07943232,0.087521575,county_prior_months,1.2886603,property_damage,0.36861193,flood_events,0.33825803,High
55129,Washburn County,WI,45.892489,-91.796422,16685.0,0.1235354823043768,0.45836273,0.44062626,0.46033242,month,0.63595855,county_prior_months,0.3464792,property_damage,0.31527793,High
19141,O'Brien County,IA,43.083746,-95.625624,14138.0,0.1213585232189212,0.1425787,0.14119431,0.1640147,county_prior_months,1.417338,flood_events,0.5280082,property_damage,0.32295904,High
19111,Lee County,IA,40.647588,-91.477157,33442.0,0.1276555919513336,0.17696023,0.16359563,0.22966425,county_prior_months,1.1922394,flood_events,0.6607037,property_damage,0.38174978,Low
47123,Monroe County,TN,35.447818,-84.249705,46489.0,0.1601017924319539,0.80250275,0.7560069,0.8167941,property_damage,2.8498125,county_prior_months,1.3611141,flood_events,0.5777241,Low
47121,Meigs County,TN,35.512203,-84.816102,12839.0,0.1543418467583497,0.16631745,0.14675452,0.16688068,county_prior_months,1.0131323,flood_events_prev1m,0.4601303,flood_events,0.30875593,Medium
19061,Dubuque County,IA,42.463481,-90.878771,98812.0,0.0995181051769572,0.06759814,0.079144545,0.09123687,county_prior_months,1.7409875,property_damage,0.31076476,flood_events,0.24663945,High
19047,Crawford County,IA,42.043119,-95.38909,16450.0,0.1698473282442748,0.061008766,0.05904503,0.06455082,county_prior_months,1.2590946,property_damage,0.3865428,flood_events,0.3235406,High
47143,Rhea County,TN,35.60059,-84.949548,33031.0,0.1570656226696495,0.13453935,0.10989538,0.117015,county_prior_months,1.1297178,flood_events_prev1m,0.39276093,property_damage,0.30952814,High
47141,Putnam County,TN,36.14094,-85.49618,80157.0,0.1632143976595967,0.07611743,0.06438551,0.07161095,county_prior_months,1.5957794,property_damage,0.2839063,flood_events,0.22610843,High
48131,Duval County,TX,27.681123,-98.497393,9960.0,0.2157911629399807,0.9120489,0.90197074,0.9136678,tropical_events,1.7510773,flood_events_prev1m,0.27249554,county_disaster_rate,0.15788503,High
36015,Chemung County,NY,42.148697,-76.752471,83584.0,0.1517785571142284,0.15665364,0.15001045,0.16073966,county_prior_months,1.0123581,flood_events,0.4311733,property_damage,0.36344966,Medium
37173,Swain County,NC,35.568849,-83.465614,14130.0,0.1980390743277341,0.07026275,0.0668496,0.07518464,county_prior_months,1.1623763,property_damage,0.37850562,flood_events,0.33430323,High
54035,Jackson County,WV,38.834234,-81.677717,27868.0,0.19605358435916,0.058685035,0.05769788,0.06691967,county_prior_months,1.2086655,property_damage,0.4127471,flood_events,0.3191332,High
37165,Scotland County,NC,34.840023,-79.477337,34222.0,0.2613643469017695,0.07701727,0.07617134,0.078664,county_prior_months,1.157165,property_damage,0.35591856,flood_events,0.304707,High
17149,Pike County,IL,39.625106,-90.889034,14776.0,0.134502515371716,0.050647784,0.054914627,0.06578399,county_prior_months,1.3233575,property_damage,0.3925875,flood_events,0.33798644,High
17143,Peoria County,IL,40.785972,-89.766993,181186.0,0.1547018966348198,0.059014432,0.051433146,0.06223608,county_prior_months,1.8427553,property_damage,0.28435585,flood_events,0.24218917,High
47139,Polk County,TN,35.109437,-84.541112,17620.0,0.1287071362372567,0.076177716,0.07648774,0.08669107,county_prior_months,1.2616804,property_damage,0.38469082,flood_events,0.30782124,High
47133,Overton County,TN,36.34485,-85.283076,22576.0,0.1727473120698187,0.061257314,0.058095653,0.06809647,county_prior_months,1.2826625,property_damage,0.48596138,flood_events,0.3141004,High
55127,Walworth County,WI,42.66811,-88.541731,105127.0,0.095608421669679,0.042730905,0.03461373,0.039786562,county_prior_months,1.729926,property_damage,0.40511796,flood_events,0.26552662,High
19161,Sac County,IA,42.387526,-95.105224,9778.0,0.0867975767704198,0.09829567,0.10026843,0.110883296,county_prior_months,1.5177501,flood_events,0.32350653,month,0.18724671,High
19155,Pottawattamie County,IA,41.340184,-95.544905,93543.0,0.1132902148967243,0.10507101,0.10881241,0.118116796,county_prior_months,1.3076221,property_damage,0.32857966,flood_events,0.27114195,High
47107,McMinn County,TN,35.424472,-84.619949,53532.0,0.1363889261938108,0.14337578,0.13193986,0.17059502,county_prior_months,1.5404208,flood_events,0.73772484,property_damage,0.34407428,High
47105,Loudon County,TN,35.735085,-84.314085,55507.0,0.1182263329706202,0.2980821,0.28104234,0.33525237,property_damage,1.2976712,county_prior_months,0.9381445,flood_events,0.41559932,Low
17131,Mercer County,IL,41.205605,-90.74177,15692.0,0.0802321831667204,0.06005986,0.059391994,0.067984134,county_prior_months,1.2799245,property_damage,0.38312092,flood_events,0.322626,High
17125,Mason County,IL,40.236993,-89.913575,13074.0,0.1373067060377651,0.068041764,0.07064948,0.077199,county_prior_months,1.2571205,property_damage,0.37122834,flood_events,0.33708647,High
01121,Talladega County,AL,33.369314,-86.17593,81105.0,0.1869318623261595,0.08678362,0.07392646,0.08686126,county_prior_months,1.4536908,property_damage,0.3992977,flood_events_prev1m,0.3615883,High
01117,Shelby County,AL,33.266893,-86.661007,223916.0,0.0685364201991555,0.059392687,0.06447965,0.07895812,county_prior_months,1.8841715,storm_count,0.27729398,flood_events,0.26241294,High
37175,Transylvania County,NC,35.210103,-82.816666,33131.0,0.1338494543419457,0.053576775,0.042020503,0.05589884,county_prior_months,1.3706889,property_damage,0.3924459,flood_events,0.28695357,High
35031,McKinley County,NM,35.584062,-108.253294,72073.0,0.3358104318564218,0.28757122,0.23054405,0.26274568,month,0.31102678,property_damage,0.28951433,flood_events,0.22446609,Medium
01133,Winston County,AL,34.154566,-87.365346,23655.0,0.1819633225458468,0.07183125,0.07046178,0.08049663,county_prior_months,1.3342713,property_damage,0.36561465,flood_events,0.35798317,High
35045,San Juan County,NM,36.511624,-108.324578,121798.0,0.2450300277819367,0.33722147,0.32780203,0.33829704,month,0.44443414,property_damage,0.3490114,flood_events,0.22104265,Medium
47119,Maury County,TN,35.615696,-87.077763,102002.0,0.0887666226375743,0.08343789,0.0822719,0.098977484,county_prior_months,1.5246503,flood_events,0.26676494,winter_events,0.15699224,High
47117,Marshall County,TN,35.468329,-86.765868,34567.0,0.1558678269049858,0.07236166,0.07423698,0.07563121,county_prior_months,1.1433113,property_damage,0.37821323,flood_events,0.2982,High
47115,Marion County,TN,35.133422,-85.618399,28852.0,0.1628714781937476,0.054978043,0.05283566,0.066404365,county_prior_months,1.5859565,property_damage,0.38274026,flood_events,0.3018231,High
47113,Madison County,TN,35.606056,-88.833424,98644.0,0.1815378115758344,0.2521197,0.21590924,0.2401021,county_prior_months,0.9450141,flood_events_prev1m,0.52274996,flood_events,0.39878437,Medium
35011,De Baca County,NM,34.359273,-104.368696,1695.0,0.1625967837998808,0.07852477,0.0723785,0.07819711,county_disaster_rate,0.57021624,county_prior_months,0.3670914,property_damage,0.355716,High
54033,Harrison County,WV,39.279182,-80.386498,65862.0,0.1371139303405332,0.7821724,0.7625973,0.78451914,property_damage,1.8271029,county_prior_months,1.0020082,flood_events,0.82926124,High
02131,02131,02,64.2,-149.5,,,0.04047614,0.037561562,0.042107992,total_population,0.9267343,county_disaster_rate,0.75136423,median_home_value,0.35614023,High
99099,99099,99,39.5,-98.35,,,0.1163762,0.06259538,0.07752541,county_disaster_rate,0.5837565,month,0.5486525,total_population,0.47005442,High
37199,Yancey County,NC,35.889326,-82.303954,18538.0,0.1528132644740418,0.17003964,0.17228158,0.17327823,county_prior_months,0.7807112,property_damage,0.31793195,flood_events,0.3082461,Medium
17121,Marion County,IL,38.648236,-88.920362,37543.0,0.1696049804418489,0.17755394,0.15149899,0.1757253,county_prior_months,0.97518826,flood_events,0.47018072,property_damage,0.34592107,Medium
17115,Macon County,IL,39.860237,-88.961529,103542.0,0.1547085872741962,0.082278475,0.06746816,0.085008875,county_prior_months,1.2431298,property_damage,0.31627315,flood_events,0.2842109,High
17113,McLean County,IL,40.494559,-88.844539,171284.0,0.1415867705572331,0.060311586,0.05399385,0.06447784,county_prior_months,1.4517509,property_damage,0.29737005,flood_events,0.2446781,High
17111,McHenry County,IL,42.324298,-88.452245,311133.0,0.0603620231850268,0.06035851,0.045646094,0.06148514,county_prior_months,1.5636384,property_damage,0.28757656,flood_events,0.26351348,High
47101,Lewis County,TN,35.523244,-87.496983,12637.0,0.188994828700711,0.1280836,0.12918232,0.1368388,county_prior_months,0.81911314,flood_events,0.29278237,property_damage,0.27534574,High
47097,Lauderdale County,TN,35.762951,-89.627732,25171.0,0.1796684118673647,0.06056553,0.060719904,0.06552278,county_prior_months,1.2320919,property_damage,0.35497206,flood_events,0.31822053,High
20001,Allen County,KS,37.884228,-95.300945,12554.0,0.1518851579902648,0.17617065,0.18927976,0.19410805,county_prior_months,1.0607313,flood_events,0.4651313,property_damage,0.37067795,Medium
47089,Jefferson County,TN,36.048452,-83.441216,55017.0,0.1114206128133704,0.2963567,0.27597418,0.31522477,county_prior_months,1.0773584,flood_events,0.78295445,storm_count,0.46662065,Medium
47083,Houston County,TN,36.285782,-87.705598,8253.0,0.1338187296008034,0.11097278,0.120595396,0.13043088,county_prior_months,0.8679758,property_damage,0.34001055,flood_events,0.30343094,High
47081,Hickman County,TN,35.802327,-87.467116,24996.0,0.1425451742742142,0.07085421,0.060783558,0.08443758,county_prior_months,1.360792,property_damage,0.3864218,flood_events,0.31158042,High
47071,Hardin County,TN,35.201893,-88.185696,26824.0,0.1937999239254469,0.09049794,0.09600373,0.09937893,county_prior_months,1.1481522,property_damage,0.43597522,flood_events,0.30487454,High
17103,Lee County,IL,41.747447,-89.299362,34221.0,0.124956292316984,0.08828286,0.09107565,0.10775657,county_prior_months,1.3771962,property_damage,0.34335035,flood_events,0.27674156,High
38005,Benson County,ND,48.071743,-99.351152,5960.0,0.2720377549300522,0.020831253,0.018125065,0.021347018,county_prior_months,1.9276147,county_prior_disasters,0.5372199,property_damage,0.4175527,High
47069,Hardeman County,TN,35.218785,-88.988697,25519.0,0.1608327613818348,0.18820876,0.15560381,0.19644918,county_prior_months,1.0154229,flood_events_prev1m,0.36182478,flood_events,0.34037063,Medium
47067,Hancock County,TN,36.521353,-83.227493,6726.0,0.3233578882750153,0.11427045,0.10612831,0.12894201,county_prior_months,0.71930057,property_damage,0.3759214,flood_events,0.29780808,High
47063,Hamblen County,TN,36.218397,-83.266071,64531.0,0.1713898433313369,0.06991742,0.06048566,0.07035205,county_prior_months,1.136674,county_disaster_rate,0.600017,property_damage,0.31182867,High
20031,Coffey County,KS,38.23645,-95.729137,8334.0,0.1124375685223535,0.08058286,0.07212074,0.08541802,county_prior_months,1.4091702,flood_events,0.36836207,property_damage,0.34349746,High
55123,Vernon County,WI,43.599366,-90.821983,30811.0,0.145860752829692,0.05577679,0.05692814,0.06447822,county_prior_months,1.2997386,property_damage,0.53231555,flood_events,0.31917572,High
04003,Cochise County,AZ,31.840129,-109.775163,125504.0,0.1470248266157402,0.08786515,0.06927538,0.08664463,county_prior_months,1.1020544,flood_events,0.31593326,county_disaster_rate,0.25915205,High
04019,Pima County,AZ,32.128038,-111.783657,1042393.0,0.1494909349575073,0.04999673,0.06344007,0.082724184,county_prior_months,1.4457321,total_population,0.9180769,county_disaster_rate,0.47842485,High
05005,Baxter County,AR,36.280268,-92.329949,41801.0,0.135268624555117,0.08585366,0.077835366,0.09792035,county_prior_months,1.413077,property_damage,0.3280687,property_damage_prev1m,0.25851953,High
04023,Santa Cruz County,AZ,31.525733,-110.845228,47838.0,0.2020834208426093,0.17989922,0.17862174,0.19371326,county_prior_months,0.6653282,property_damage,0.495431,flood_events,0.4500454,Medium
51173,Smyth County,VA,36.842318,-81.539786,29799.0,0.1879647480033048,0.162097,0.14525048,0.16162801,county_prior_months,1.2464176,flood_events,0.4688378,property_damage,0.3165136,Medium
17099,LaSalle County,IL,41.343341,-88.885931,109495.0,0.1365018975600109,0.052431982,0.053936377,0.062767245,county_prior_months,2.0207934,property_damage,0.31206498,flood_events,0.23506574,High
17097,Lake County,IL,42.185968,-87.805939,713159.0,0.0784982542025125,0.035207614,0.029121147,0.045123037,county_prior_months,1.6857767,property_damage,0.3114516,flood_events,0.25751895,High
17095,Knox County,IL,40.930945,-90.213792,49751.0,0.1629398547088723,0.07105544,0.075164415,0.07904168,county_prior_months,1.3002905,property_damage,0.34346727,flood_events,0.2929106,High
51600,Fairfax city,VA,38.853183,-77.299025,24242.0,0.0999828869684264,0.087504864,0.08936179,0.106420405,county_prior_months,0.7951962,property_damage,0.508238,flood_events,0.28202707,High
20019,Chautauqua County,KS,37.154259,-96.245396,3389.0,0.175801138065289,0.051213972,0.054696888,0.060581632,county_prior_months,1.3833013,property_damage,0.39887506,flood_events,0.31356522,High
47057,Grainger County,TN,36.277509,-83.509546,23648.0,0.1756076759061833,0.19812936,0.1694473,0.20693272,county_prior_months,1.0858172,flood_events,0.5372439,property_damage,0.35490027,Medium
47051,Franklin County,TN,35.155926,-86.099203,42980.0,0.1446505203965866,0.05460868,0.051936034,0.063491546,county_prior_months,1.2253097,property_damage,0.5371755,flood_events,0.295618,High
47049,Fentress County,TN,36.369892,-84.937764,18642.0,0.2016695957820738,0.12534834,0.09488758,0.12237832,county_prior_months,1.5008153,flood_events_prev1m,0.476217,property_damage_prev1m,0.2743036,High
47047,Fayette County,TN,35.196993,-89.413803,42228.0,0.0969227448252704,0.15711722,0.14755237,0.15024842,county_prior_months,1.1338501,flood_events_prev1m,0.38858014,flood_events,0.26460427,Medium
20051,Ellis County,KS,38.914597,-99.317313,28921.0,0.1529019877620478,0.046076883,0.035108402,0.04683236,county_prior_months,1.65616,property_damage,0.33992034,flood_events,0.30510473,High
20037,Crawford County,KS,37.505821,-94.853897,39012.0,0.2090285652573033,0.10416956,0.08539176,0.10991618,county_prior_months,1.6847236,property_damage_prev1m,0.4128481,month,0.35129243,High
20035,Cowley County,KS,37.234507,-96.837247,34661.0,0.1395830115830116,0.04313258,0.039271828,0.055426136,county_prior_months,1.8693404,property_damage,0.33131555,flood_events,0.3262786,High
54079,Putnam County,WV,38.510518,-81.906109,57347.0,0.1094535231066596,0.073171064,0.063386574,0.08938881,county_prior_months,1.5539286,property_damage,0.46500814,flood_events,0.42675903,High
17049,Effingham County,IL,39.047945,-88.592849,34594.0,0.1080446271285966,0.15354303,0.13925362,0.14620239,county_prior_months,1.0985671,flood_events,0.5109018,property_damage,0.3468206,Medium
17047,Edwards County,IL,38.417095,-88.047941,6182.0,0.1417399804496578,0.12924136,0.13430363,0.13721627,county_prior_months,1.0956794,flood_events,0.45468232,property_damage,0.37424806,High
17079,Jasper County,IL,39.004886,-88.150725,9295.0,0.0919077659343049,0.16495964,0.15737043,0.17381024,county_prior_months,0.74642473,property_damage,0.32561785,flood_events,0.27317747,Medium
17077,Jackson County,IL,37.786096,-89.381212,53176.0,0.2295722965250345,0.03284427,0.044582427,0.06103924,county_prior_months,2.115637,property_damage,0.3290851,flood_events,0.21809599,High
17075,Iroquois County,IL,40.748867,-87.833601,27043.0,0.1071469237484343,0.17833932,0.15133959,0.16110657,county_prior_months,1.0569044,flood_events,0.4327842,property_damage,0.3673692,Medium
17071,Henderson County,IL,40.814471,-90.941246,6374.0,0.0910098132320354,0.15490575,0.13885583,0.16880055,county_prior_months,1.1798501,flood_events,0.5345205,property_damage,0.3752168,Medium
17067,Hancock County,IL,40.401318,-91.168801,17582.0,0.1310870066928225,0.07508136,0.08105484,0.09459562,county_prior_months,1.4158599,property_damage,0.35079286,flood_events,0.2933226,High
38023,Divide County,ND,48.814754,-103.509326,2195.0,0.0661625708884688,0.043829177,0.042563345,0.048624605,county_prior_months,1.3454629,property_damage,0.4017231,flood_events,0.35197055,High
20021,Cherokee County,KS,37.169392,-94.845698,19380.0,0.1369755382117228,0.07836306,0.08902775,0.10938247,county_prior_months,1.595012,flood_events,0.43620273,month,0.40888622,High
05051,Garland County,AR,34.578852,-93.146932,100021.0,0.1686284466561722,0.040882543,0.038580664,0.04784084,county_prior_months,1.790106,property_damage,0.32186943,flood_events,0.26641107,High
05049,Fulton County,AR,36.381322,-91.819285,12183.0,0.1532889258950874,0.053582035,0.055652197,0.064734824,county_prior_months,1.2570885,property_damage,0.38524857,flood_events,0.35234544,High
05047,Franklin County,AR,35.508558,-93.887665,17160.0,0.202204575085931,0.0465868,0.04694083,0.05678233,county_prior_months,1.6662825,property_damage,0.31769285,flood_events,0.30710447,High
05037,Cross County,AR,35.285692,-90.763984,16827.0,0.2020949972909518,0.092946306,0.09643152,0.1103738,county_prior_months,0.7752285,property_damage,0.3795529,flood_events,0.29357684,High
47041,DeKalb County,TN,35.982219,-85.833596,20209.0,0.202122820318423,0.14552367,0.16855772,0.17326137,county_prior_months,0.8592517,property_damage,0.31610975,flood_events,0.2934667,High
38049,McHenry County,ND,48.233842,-100.633267,5326.0,0.1028179741051028,0.051503748,0.049710467,0.06252599,county_prior_months,1.5678604,county_prior_disasters,0.45352152,flood_events,0.36098734,High
51590,Danville city,VA,36.583334,-79.408071,42507.0,0.2529634608334352,0.057230495,0.054702353,0.066245236,county_prior_months,1.1887062,property_damage,0.53724545,flood_events,0.27504632,High
47035,Cumberland County,TN,35.952398,-84.994761,61552.0,0.1263667706452142,0.21003197,0.20506227,0.25683486,county_prior_months,0.9914975,property_damage,0.6839766,flood_events,0.38903138,Low
47031,Coffee County,TN,35.488765,-86.078202,58080.0,0.1689601114788364,0.19095738,0.14644887,0.17865546,county_prior_months,1.2722626,property_damage,0.49981466,flood_events,0.3051524,Medium
47029,Cocke County,TN,35.916198,-83.119224,36186.0,0.2010843610416608,0.066041216,0.06409349,0.068936765,county_prior_months,1.2424397,property_damage,0.37145332,flood_events,0.3080485,High
47017,Carroll County,TN,35.965748,-88.452379,28381.0,0.1644806547075371,0.10457984,0.09935466,0.11715533,county_prior_months,1.1521691,flood_events,0.31924796,winter_events,0.13860719,High
47015,Cannon County,TN,35.808394,-86.062404,14481.0,0.1512909979064899,0.4242988,0.43050608,0.46826452,property_damage,1.1875534,county_prior_months,0.7299169,flood_events,0.38473263,High
55117,Sheboygan County,WI,43.738713,-87.731531,117741.0,0.0769445583782038,0.044232845,0.03451274,0.043671444,county_prior_months,1.602078,property_damage,0.33913666,flood_events,0.26152313,High
05071,Johnson County,AR,35.573359,-93.466322,25925.0,0.2115651932165693,0.062250394,0.06430406,0.06991054,county_prior_months,1.2782508,property_damage,0.380606,flood_events,0.31309462,High
05067,Jackson County,AR,35.596467,-91.223205,16784.0,0.2044103414903912,0.17429475,0.14787768,0.17083989,county_prior_months,1.3782933,flood_events,0.68284523,month,0.40664813,Medium
05063,Independence County,AR,35.737499,-91.559942,37910.0,0.193361018375268,0.1292188,0.11673855,0.12285723,county_prior_months,1.4866955,flood_events,0.7256581,property_damage,0.35810658,High
54085,Ritchie County,WV,39.177112,-81.066317,8507.0,0.2031570068682973,0.07475777,0.060733493,0.07785144,county_prior_months,1.2172676,property_damage,0.525849,flood_events,0.34176666,High
17057,Fulton County,IL,40.46524,-90.202269,33691.0,0.1338086185044359,0.14288513,0.1342622,0.18932301,county_prior_months,1.4980744,flood_events,0.43248376,property_damage,0.33215967,Low
17053,Ford County,IL,40.596539,-88.224588,13484.0,0.1212819921604796,0.19619921,0.19258338,0.21161513,county_prior_months,0.9604814,flood_events,0.45408255,property_damage,0.37014544,Medium
47011,Bradley County,TN,35.153914,-84.859414,108859.0,0.1340913620789476,0.058901444,0.051694233,0.060406774,county_prior_months,1.4365749,property_damage,0.3188107,flood_events,0.26650602,High
47009,Blount County,TN,35.688185,-83.922973,135951.0,0.0859633123533017,0.08996957,0.07617666,0.09018499,county_prior_months,1.6737154,flood_events,0.45861685,property_damage,0.3038046,High
47007,Bledsoe County,TN,35.593561,-85.20591,14816.0,0.2600762128096145,0.07785061,0.077550955,0.082975715,county_prior_months,1.3533366,flood_events,0.3426311,property_damage,0.32247865,High
47005,Benton County,TN,36.070948,-88.071232,15933.0,0.1796236456947348,0.08010127,0.103344694,0.11381095,county_prior_months,1.2440404,flood_events,0.3055491,property_damage,0.30126214,High
47003,Bedford County,TN,35.51366,-86.458294,50533.0,0.1239163589661261,0.1536804,0.13762581,0.1570117,county_prior_months,1.4449756,property_damage,0.27021974,flood_events,0.26065966,Medium
47001,Anderson County,TN,36.116731,-84.195418,77337.0,0.1539761772706864,0.06998602,0.066235,0.07349821,county_prior_months,1.2579666,property_damage,0.3083401,flood_events,0.29278544,High
54087,Roane County,WV,38.74295,-81.354494,14027.0,0.2107571726468685,0.12733646,0.118097834,0.12337826,county_prior_months,1.1524436,flood_events_prev1m,0.41609183,property_damage,0.36355114,High
20069,Gray County,KS,37.744513,-100.451716,5719.0,0.0411255411255411,0.060028836,0.047160156,0.05911859,county_prior_months,1.5393325,property_damage,0.38570705,flood_events,0.31877476,High
05053,Grant County,AR,34.285568,-92.422979,18022.0,0.1354780753466958,0.06220666,0.063011214,0.06979468,county_prior_months,1.3193257,property_damage,0.3631715,flood_events,0.31739077,High
05093,Mississippi County,AR,35.766944,-90.052207,40361.0,0.2186816540359086,0.05459925,0.051640242,0.0681563,county_prior_months,1.498056,property_damage,0.3810616,flood_events,0.28418103,High
54089,Summers County,WV,37.655999,-80.856325,11985.0,0.2118590610074795,0.16632468,0.1432165,0.18628846,county_prior_months,1.0600204,property_damage,0.55489135,flood_events,0.38529304,Medium
48203,Harrison County,TX,32.547991,-94.374434,69098.0,0.1633877660686031,0.0707572,0.06259121,0.081936,county_prior_months,1.6814677,property_damage,0.32492524,flood_events,0.25784287,High
17059,Gallatin County,IL,37.768677,-88.227964,4967.0,0.1917255297679112,0.027209805,0.031331144,0.04062551,county_prior_months,1.8781966,property_damage,0.29357702,flood_events,0.28975868,High
20111,Lyon County,KS,38.455403,-96.161641,32182.0,0.1621673861220282,0.0456098,0.052279294,0.0602292,county_prior_months,1.784738,property_damage,0.36017784,flood_events,0.28085005,High
20105,Lincoln County,KS,39.04728,-98.214284,2929.0,0.1282229965156794,0.07116472,0.08187161,0.08436036,county_prior_months,1.3521503,property_damage,0.39076802,flood_events,0.33518127,High
20127,Morris County,KS,38.688204,-96.651448,5385.0,0.1097698981516408,0.10055533,0.099402346,0.12006687,county_prior_months,1.1334544,property_damage,0.37341836,flood_events,0.3344835,High
20125,Montgomery County,KS,37.189537,-95.742403,31448.0,0.1690372170942417,0.038381185,0.047926024,0.053124014,county_prior_months,1.754607,property_damage,0.3743535,flood_events,0.28982854,High
17039,De Witt County,IL,40.181499,-88.901853,15535.0,0.1019045749067347,0.10051582,0.10058923,0.118591346,county_prior_months,1.1409597,property_damage,0.37864643,flood_events,0.32291508,High
17035,Cumberland County,IL,39.273121,-88.240619,10447.0,0.0974753874646651,0.18102166,0.1912866,0.20604864,county_prior_months,0.57066876,flood_events,0.32931527,property_damage,0.28680196,Medium
17029,Coles County,IL,39.51368,-88.220782,47076.0,0.1937824783096399,0.0766708,0.07632557,0.0809924,county_prior_months,1.2350448,property_damage,0.34904054,flood_events,0.3005775,High
05135,Sharp County,AR,36.173399,-91.471069,17422.0,0.159161263944863,0.0562295,0.0647686,0.077738754,county_prior_months,1.3562689,property_damage,0.37151167,flood_events,0.3088199,High
31155,Saunders County,NE,41.22339,-96.6421,22374.0,0.0666545833522135,0.055601645,0.055013362,0.06147379,county_prior_months,1.8469443,property_damage,0.37335107,flood_events,0.3034758,High
31153,Sarpy County,NE,41.115064,-96.109125,191272.0,0.0548814280360809,0.10441461,0.08762241,0.09929468,county_prior_months,1.2350619,property_damage,0.2920488,flood_events,0.28232396,High
31177,Washington County,NE,41.533973,-96.224577,20884.0,0.0796859095535844,0.22393829,0.21737039,0.24019104,county_prior_months,1.1244596,flood_events,0.50546616,property_damage,0.34706035,Medium
31169,Thayer County,NE,40.173429,-97.596235,5006.0,0.0967141971481711,0.08334081,0.09605398,0.1106541,county_prior_months,1.4288169,property_damage,0.47327897,flood_events,0.42983794,High
05087,Madison County,AR,36.012545,-93.724053,16737.0,0.1645081621589061,0.042625982,0.04659693,0.054928835,county_prior_months,1.4940974,property_damage,0.37104383,flood_events,0.31679672,High
05075,Lawrence County,AR,36.041098,-91.101153,16258.0,0.1778386644577545,0.050284352,0.054087244,0.060666934,county_prior_months,1.6437633,property_damage,0.3709109,flood_events,0.31418175,High
99025,99025,99,39.5,-98.35,,,0.226982,0.19369845,0.22045033,month,0.78246915,county_prior_months,0.65364057,county_disaster_rate,0.5031033,Medium
05113,Polk County,AR,34.49096,-94.230894,19384.0,0.1778301886792452,0.081424624,0.08458727,0.09646187,county_prior_months,1.3170805,property_damage,0.39161107,flood_events,0.31149855,High
54091,Taylor County,WV,39.332478,-80.046554,16602.0,0.1685240217929668,0.28311422,0.2302092,0.2768914,county_prior_months,0.6304596,flood_events,0.54996717,property_damage,0.5206154,Medium
17025,Clay County,IL,38.746819,-88.482325,13248.0,0.1574900030759766,0.42323974,0.39685887,0.41503972,flood_events,1.2463,county_prior_months,0.9355278,storm_count,0.33565474,High
17023,Clark County,IL,39.332334,-87.791683,15467.0,0.0904234269885239,0.13559566,0.13618213,0.14159179,county_prior_months,0.7257705,property_damage,0.35092667,flood_events,0.29313493,High
17021,Christian County,IL,39.545524,-89.279593,33893.0,0.1185277216959155,0.20467381,0.18394259,0.22691777,county_prior_months,1.163416,flood_events,0.4528922,property_damage,0.29840568,Medium
17007,Boone County,IL,42.318983,-88.824295,53459.0,0.0975267961974018,0.080098376,0.08232104,0.095351875,county_prior_months,1.2155652,property_damage,0.3510108,flood_events,0.3202009,High
16059,Lemhi County,ID,44.928506,-113.887042,8043.0,0.1072787217854425,0.061095245,0.04797664,0.066116326,county_prior_months,0.89308894,county_disaster_rate,0.55157185,property_damage,0.3339815,High
16049,Idaho County,ID,45.849644,-115.467337,16787.0,0.1039216893431016,0.076282024,0.05447608,0.06725386,county_prior_months,1.167635,property_damage,0.3368134,flood_events,0.29495373,High
51043,Clarke County,VA,39.115307,-77.990748,14882.0,0.053985631200821,0.06806689,0.068155706,0.09741722,county_prior_months,1.3484228,property_damage,0.36912984,median_home_value,0.28178585,High
99021,99021,99,39.5,-98.35,,,0.23387745,0.18500666,0.20370276,month,0.78970337,county_prior_months,0.7099534,county_disaster_rate,0.5084623,Medium
05145,White County,AR,35.255118,-91.753034,77118.0,0.1608670308666241,0.036039207,0.03578921,0.046819165,county_prior_months,2.1321886,property_damage,0.3214368,flood_events,0.28604835,High
16037,Custer County,ID,44.273351,-114.252267,4344.0,0.115742897065673,0.2463411,0.22314547,0.26411653,property_damage,0.4489577,month,0.30628052,county_disaster_rate,0.28723875,Medium
16033,Clark County,ID,44.290218,-112.354613,756.0,0.0916334661354581,0.30109638,0.28183627,0.30374238,county_disaster_rate,0.39490786,month,0.2914857,flood_events,0.280032,Medium
06027,Inyo County,CA,36.56216,-117.404209,18829.0,0.1192904415753499,0.94925463,0.9195713,0.93908376,property_damage,3.2284813,flood_events,0.8684137,county_prior_months,0.77045155,High
06043,Mariposa County,CA,37.574343,-119.911721,17130.0,0.1599056603773584,0.11315835,0.107130125,0.11884651,county_prior_months,0.6442733,property_damage,0.49420482,flood_events,0.27639642,High
99005,99005,99,39.5,-98.35,,,0.05477148,0.052484863,0.085243784,county_disaster_rate,0.6096491,county_prior_months,0.5908856,total_population,0.56449556,High
06039,Madera County,CA,37.209821,-119.749802,157243.0,0.2006067299120507,0.21815059,0.21711765,0.23515959,property_damage,0.3770618,month,0.30575082,max_magnitude,0.26199,Medium
38101,Ward County,ND,48.216686,-101.540537,69532.0,0.090327431410417,0.3169533,0.28527248,0.33571097,county_disaster_rate,0.48951072,flood_events,0.26246452,property_damage,0.24840985,Low
54095,Tyler County,WV,39.465634,-80.877219,8336.0,0.1202439024390243,0.05572235,0.04586359,0.06279683,county_prior_months,1.2354176,property_damage,0.51624393,flood_events,0.38929892,High
17003,Alexander County,IL,37.183658,-89.349516,5261.0,0.2142579642579642,0.07107557,0.07904128,0.09114351,county_prior_months,1.9454625,flood_events,0.32023978,month,0.2737492,High
17001,Adams County,IL,39.986052,-91.194961,65583.0,0.1205839689298582,0.13087383,0.10560726,0.13513225,county_prior_months,1.4538544,flood_events_prev1m,0.3718844,flood_events,0.28382334,High
16087,Washington County,ID,44.448223,-116.797792,10612.0,0.1812787136294027,0.2464626,0.26279622,0.28196046,property_damage,0.3115496,month,0.31005785,flood_events,0.28046778,Medium
06053,Monterey County,CA,36.240104,-121.315578,437609.0,0.1232373636182355,0.22357945,0.2707411,0.30649593,median_home_value,0.37890744,deaths,0.2593965,month,0.25321546,Medium
31133,Pawnee County,NE,40.137797,-96.245214,2553.0,0.1332798073063026,0.1868556,0.17340414,0.19987774,county_prior_months,0.500229,property_damage,0.3556047,flood_events,0.2593315,Medium
54025,Greenbrier County,WV,37.924418,-80.45059,32995.0,0.2001866832607343,0.14060509,0.11758312,0.14917724,county_prior_months,1.1053456,flood_events_prev1m,0.38909668,flood_events,0.28737375,High
06047,Merced County,CA,37.194806,-120.722802,282290.0,0.1852292063308562,0.48891568,0.4109923,0.4614202,flood_events,0.4001951,property_damage,0.3947954,max_magnitude,0.38221365,Low
39019,Carroll County,OH,40.579884,-81.090787,26761.0,0.1219104114381321,0.2189758,0.15968215,0.18644156,county_prior_months,1.2077854,flood_events,0.50260246,storm_count,0.19764131,Medium
39017,Butler County,OH,39.439747,-84.565734,388327.0,0.1184908543054789,0.046173554,0.037731923,0.05671247,county_prior_months,1.7522211,property_damage,0.45137212,flood_events,0.22685775,High
39013,Belmont County,OH,40.017682,-80.967727,66554.0,0.1401385460625846,0.24027693,0.19638976,0.27867907,county_prior_months,1.0424764,property_damage,0.9192434,flood_events,0.40067202,Low
39009,Athens County,OH,39.332755,-82.045885,61276.0,0.244454852004496,0.059225053,0.049654476,0.06264185,county_prior_months,1.6210443,property_damage,0.3368508,flood_events,0.28056228,High
39005,Ashland County,OH,40.843273,-82.270127,52522.0,0.1174264850996645,0.63890296,0.6299932,0.6622973,property_damage,1.2505605,county_prior_months,1.1126369,flood_events,0.861325,High
39003,Allen County,OH,40.771627,-84.106103,102087.0,0.1232541293857188,0.062166616,0.057226557,0.06613269,county_prior_months,1.2398925,property_damage,0.47270483,flood_events,0.28846908,High
54097,Upshur County,WV,38.90253,-80.231606,23875.0,0.178296642205915,0.07316133,0.0776058,0.08235725,county_prior_months,1.2102131,property_damage,0.52163583,flood_events,0.33478123,High
31097,Johnson County,NE,40.394955,-96.265264,5294.0,0.0613142063859324,0.13077998,0.12337373,0.16027962,county_prior_months,0.8469392,property_damage,0.3446717,flood_events,0.2974741,High
39035,Cuyahoga County,OH,41.555037,-81.604957,1256620.0,0.1649730270200518,0.16952322,0.16769023,0.23237658,county_prior_months,1.5429883,total_population,1.2184253,property_damage,1.0748309,Low
39033,Crawford County,OH,40.848524,-82.924783,41861.0,0.1405662680009763,0.1032117,0.087948196,0.116212815,county_prior_months,1.3058987,property_damage_prev1m,0.47654954,property_damage,0.32706589,High
39029,Columbiana County,OH,40.770073,-80.778455,101723.0,0.1318372500305461,0.3192212,0.24072823,0.31914985,county_prior_months,1.3426263,property_damage_prev1m,1.1462084,flood_events_prev1m,0.452621,Low
39027,Clinton County,OH,39.416681,-83.804583,42077.0,0.1446453066823437,0.04486911,0.05434529,0.07461273,county_prior_months,1.6036636,property_damage,0.5389152,flood_events,0.27942958,High
39023,Clark County,OH,39.917032,-83.783676,135877.0,0.1559134913083533,0.058607273,0.05027167,0.068465196,county_prior_months,1.5291957,property_damage,0.30146185,flood_events,0.25867385,High
39021,Champaign County,OH,40.132775,-83.767604,38715.0,0.0924818959842001,0.066978976,0.058949605,0.07067413,county_prior_months,1.2436241,property_damage,0.46259037,flood_events,0.2943259,High
54099,Wayne County,WV,38.143642,-82.422666,38933.0,0.1673931546774651,0.06319968,0.06226833,0.07523921,county_prior_months,1.4199371,property_damage,0.5077914,flood_events,0.32054362,High
39043,Erie County,OH,41.394143,-82.586835,75299.0,0.1147233468286099,0.6054425,0.6253508,0.6725365,property_damage,1.8594749,county_prior_months,1.2306224,flood_events,0.57474554,High
54103,Wetzel County,WV,39.59818,-80.635399,14431.0,0.1699758899446887,0.1242312,0.12848687,0.13661665,county_prior_months,0.7225149,property_damage,0.5586014,flood_events,0.3028681,High
16023,Butte County,ID,43.685101,-113.177631,2605.0,0.2213561964146531,0.056986265,0.04736596,0.06162609,county_prior_months,0.69975287,county_disaster_rate,0.6480645,property_damage,0.35402867,High
16019,Bonneville County,ID,43.395171,-111.621878,124490.0,0.094598438122171,0.03769507,0.03706844,0.041194983,county_prior_months,1.0533146,county_disaster_rate,0.74660707,property_damage,0.40649137,High
39071,Highland County,OH,39.184422,-83.601359,43285.0,0.1484863384139917,0.062122706,0.058175236,0.066444136,county_prior_months,1.3262534,property_damage,0.54833007,flood_events,0.2817799,High
39067,Harrison County,OH,40.292318,-81.091565,14528.0,0.1543222902159386,0.06579884,0.07441101,0.08523628,county_prior_months,1.3728681,property_damage,0.5002004,flood_events,0.31895322,High
39065,Hardin County,OH,40.660415,-83.664077,30622.0,0.1815545653865195,0.3910862,0.34744963,0.40873367,property_damage,1.1054726,county_prior_months,0.90007114,flood_events,0.38263863,Low
39063,Hancock County,OH,41.000217,-83.665947,75072.0,0.1053998988117214,0.047926612,0.05137395,0.053231567,county_prior_months,1.5881294,property_damage,0.33375007,flood_events,0.28368095,High
08009,Baca County,CO,37.30978,-102.543741,3496.0,0.2303155411383073,0.041042272,0.03991253,0.044061642,county_prior_months,1.4748068,property_damage,0.3742585,county_disaster_rate,0.2994675,High
39053,Gallia County,OH,38.817046,-82.301746,29276.0,0.1716480446927374,0.16792065,0.1434427,0.16174132,county_prior_months,1.2126526,property_damage,0.47534412,flood_events,0.47487256,Medium
39047,Fayette County,OH,39.555246,-83.461893,28901.0,0.1581259665401377,0.054647934,0.059874453,0.060475696,county_prior_months,1.2816635,property_damage,0.55801266,flood_events,0.28173175,High
20177,Shawnee County,KS,39.041805,-95.755664,178625.0,0.1286714009928295,0.02936286,0.027011769,0.04129264,county_prior_months,1.8439698,property_damage,0.3325499,wind_events_prev1m,0.28602538,High
48261,Kenedy County,TX,26.890213,-97.591143,116.0,0.0258620689655172,0.8942194,0.880068,0.8885011,tropical_events,1.6956444,month,0.40233788,property_damage,0.3113735,High
48253,Jones County,TX,32.743709,-99.87443,19758.0,0.1419611894045598,0.14288954,0.1382473,0.15621497,county_prior_months,0.8604681,property_damage,0.3434614,flood_events,0.2830247,High
48249,Jim Wells County,TX,27.733516,-98.090814,39060.0,0.226226874643727,0.711558,0.60298187,0.6823776,tropical_events,1.1998196,county_prior_months,0.38698074,county_prior_disasters,0.2760568,Low
16013,Blaine County,ID,43.394192,-113.955371,24248.0,0.0693081604769593,0.11551743,0.09997144,0.11319058,county_prior_months,0.6132694,property_damage,0.35522455,county_disaster_rate,0.27389917,High
39075,Holmes County,OH,40.565597,-81.930001,44273.0,0.089482163406214,0.07149602,0.05742041,0.06763898,county_prior_months,1.4849209,property_damage,0.35485315,flood_events,0.26708248,High
51007,Amelia County,VA,37.331927,-77.977462,13309.0,0.1112794485266267,0.18945022,0.17184098,0.1970101,county_prior_months,1.089542,flood_events,0.53335625,property_damage,0.36344856,Medium
51005,Alleghany County,VA,37.787905,-80.008669,15159.0,0.1369171768821906,0.071504846,0.0720778,0.08725217,county_prior_months,1.2960927,property_damage,0.4280378,flood_events,0.30999306,High
39101,Marion County,OH,40.588034,-83.168803,65366.0,0.1607503126302626,0.06554622,0.05761039,0.06344801,county_prior_months,1.7006348,property_damage,0.25930837,flood_events,0.24557509,High
39099,Mahoning County,OH,41.01088,-80.770396,227979.0,0.1758536453450638,0.048246495,0.03849584,0.050703704,county_prior_months,1.6423812,property_damage,0.27384573,flood_events,0.2684569,High
54107,Wood County,WV,39.211602,-81.516234,84272.0,0.1478296527685646,0.42580643,0.29983634,0.33618507,county_prior_months,0.9571775,flood_events,0.9216896,property_damage,0.32463077,High
39095,Lucas County,OH,41.682321,-83.468903,430014.0,0.1784240056463744,0.12459292,0.107679285,0.15041858,county_prior_months,1.2894145,total_population,0.39017373,flood_events,0.34699816,High
39093,Lorain County,OH,41.438805,-82.179722,313101.0,0.1349987515933611,0.5443969,0.49757984,0.5474496,property_damage,1.9639496,county_prior_months,1.446322,flood_events,0.6926868,High
39091,Logan County,OH,40.387553,-83.766343,46098.0,0.1091606399298707,0.093431495,0.07933768,0.110268004,county_prior_months,1.4189618,property_damage,0.5174044,flood_events,0.25708032,High
39087,Lawrence County,OH,38.603866,-82.517186,57994.0,0.1792728865527814,0.050738003,0.045459624,0.06183419,county_prior_months,1.306322,property_damage,0.5347611,flood_events,0.2843258,High
39085,Lake County,OH,41.778142,-81.19733,232236.0,0.0762531415805641,0.24752545,0.20283176,0.25190416,county_prior_months,1.3476303,property_damage,0.76039726,flood_events,0.6079358,Medium
39077,Huron County,OH,41.14508,-82.594641,58518.0,0.109915023969817,0.20639038,0.17136143,0.18737702,county_prior_months,1.3198111,flood_events,0.7026401,property_damage,0.29105428,Medium
31053,Dodge County,NE,41.577008,-96.645852,37175.0,0.090562573034333,0.080717154,0.061147157,0.07135026,county_prior_months,1.5131248,property_damage,0.35617933,flood_events,0.2645156,High
16003,Adams County,ID,44.877004,-116.461624,4464.0,0.1458286231064888,0.44678688,0.44414422,0.46493265,month,0.65132105,county_prior_months,0.6340817,property_damage,0.3186634,High
16001,Ada County,ID,43.451477,-116.244376,497494.0,0.0876908556570515,0.057288177,0.070326194,0.07200089,county_prior_months,0.6858768,rain_events,0.3847477,median_home_value,0.29120848,High
21011,Bath County,KY,38.152249,-83.737641,12739.0,0.2312817258883248,0.047828663,0.0758625,0.081198536,county_prior_months,1.351698,property_damage,0.55121136,flood_events,0.3118732,High
21005,Anderson County,KY,38.005396,-84.986417,23839.0,0.1337056782601337,0.18212685,0.17433462,0.18160051,county_prior_months,0.67285913,property_damage,0.3448926,flood_events,0.2774768,Medium
31029,Chase County,NE,40.53039,-101.694192,3704.0,0.0820258739333883,0.046051756,0.052764922,0.075138494,county_prior_months,1.5916433,property_damage,0.3838363,flood_events,0.30249396,High
08065,Lake County,CO,39.205341,-106.350079,7403.0,0.0725695400716056,0.038963586,0.031021232,0.037463874,county_prior_months,1.4120373,county_disaster_rate,0.49112576,property_damage,0.42587802,High
39105,Meigs County,OH,39.089807,-82.028397,22242.0,0.195860745614035,0.06438707,0.07202181,0.07454029,county_prior_months,1.2363114,property_damage,0.550379,flood_events,0.30197346,High
54015,Clay County,WV,38.459826,-81.081866,8049.0,0.2455542943624669,0.5268178,0.43175173,0.45659682,flood_events,0.5375485,county_prior_months,0.5250525,property_damage,0.39226523,High
39139,Richland County,OH,40.774159,-82.542781,125008.0,0.1387430335830074,0.09857859,0.09517267,0.09998703,county_prior_months,1.7513256,flood_events,0.59160113,property_damage,0.30142942,High
08075,Logan County,CO,40.728091,-103.090464,21302.0,0.1168922305764411,0.037224934,0.03502749,0.045485083,county_prior_months,1.6674384,property_damage,0.3650872,flood_events,0.2913639,High
39123,Ottawa County,OH,41.545495,-83.012613,40367.0,0.087656124093473,0.64967847,0.6862498,0.69298345,property_damage,1.7900614,county_prior_months,1.1547806,flood_events,0.7494078,High
39121,Noble County,OH,39.767232,-81.452493,14216.0,0.1662512462612163,0.069743045,0.07629209,0.086340435,county_prior_months,1.0753984,property_damage,0.5733924,flood_events,0.30985773,High
39117,Morrow County,OH,40.525266,-82.797729,35049.0,0.1057575582403607,0.06047289,0.05336929,0.06163041,county_prior_months,1.2713383,property_damage,0.51373535,flood_events,0.30380076,High
39155,Trumbull County,OH,41.306374,-80.7704,201749.0,0.1713679316792157,0.044011086,0.0358861,0.043126278,county_prior_months,1.8288685,flood_events,0.2749108,property_damage,0.2189245,High
39151,Stark County,OH,40.814131,-81.365667,374199.0,0.1317045274200874,0.03749738,0.029039633,0.03820787,county_prior_months,1.6850047,flood_events,0.2617909,property_damage,0.22518912,High
39149,Shelby County,OH,40.33668,-84.204142,48145.0,0.1092352061975033,0.08411069,0.09845513,0.106006466,county_prior_months,1.2433735,property_damage,0.5071254,flood_events,0.27290446,High
39147,Seneca County,OH,41.119992,-83.127547,55062.0,0.116283084004603,0.1569883,0.13843197,0.14732574,county_prior_months,1.2793229,flood_events,0.4626842,property_damage,0.34994116,Medium
39143,Sandusky County,OH,41.355319,-83.142776,58885.0,0.129579704133831,0.40458387,0.31031984,0.3672545,county_prior_months,1.1241202,property_damage,0.65255845,flood_events,0.52968806,Low
08087,Morgan County,CO,40.263159,-103.81221,29045.0,0.1282886670169907,0.052752968,0.047368478,0.053934038,county_prior_months,1.3523183,property_damage,0.36643854,flood_events,0.2874463,High
55003,Ashland County,WI,46.544424,-90.679691,16041.0,0.1663637543814098,0.16903357,0.18736114,0.18945523,county_prior_months,0.62135977,property_damage,0.3554266,flood_events,0.28064126,Medium
13313,Whitfield County,GA,34.801726,-84.968541,103033.0,0.1345403817626312,0.0514227,0.06423634,0.07143638,county_prior_months,1.2109451,property_damage,0.38181257,county_disaster_rate,0.37240684,High
13311,White County,GA,34.644182,-83.743,28165.0,0.1296228887594641,0.076151215,0.07369466,0.08514735,county_prior_months,1.2101382,property_damage,0.42844456,flood_events,0.34079647,High
13309,Wheeler County,GA,32.105258,-82.733849,7550.0,0.2668583752695902,0.9105729,0.9208683,0.9266772,tropical_events,2.2403202,county_prior_months,0.30462867,storm_count,0.1757572,High
13307,Webster County,GA,32.046691,-84.553828,2354.0,0.2787234042553191,0.31178805,0.29445603,0.32097033,property_damage,0.25379696,flood_events,0.2303541,median_household_income,0.21239541,Medium
39157,Tuscarawas County,OH,40.447439,-81.471166,92840.0,0.1247254248401726,0.32588702,0.28647962,0.36691734,county_prior_months,1.3790768,flood_events,0.7763554,flood_events_prev1m,0.2957351,Low
54013,Calhoun County,WV,38.844159,-81.115478,6279.0,0.3367493995196157,0.48149505,0.4385955,0.47355732,county_prior_months,0.5943728,flood_events,0.58952165,flood_events_prev1m,0.3605408,High
13293,Upson County,GA,32.881837,-84.292283,27638.0,0.2244348963198206,0.07245016,0.07717934,0.090534486,county_prior_months,1.0934143,property_damage,0.51147455,flood_events,0.32868803,High
13321,Worth County,GA,31.551773,-83.84996,20706.0,0.1958296449296744,0.756093,0.75889575,0.83136517,tropical_events,2.3102252,county_prior_months,0.670722,property_damage,0.33040407,Low
21025,Breathitt County,KY,37.517807,-83.317158,13580.0,0.2850393700787401,0.023189362,0.032940656,0.04081694,county_prior_months,2.0879962,property_damage,0.37807354,flood_events,0.31447902,High
21023,Bracken County,KY,38.680365,-84.115235,8420.0,0.1696342637151106,0.09207236,0.087913185,0.09411001,county_prior_months,1.0752009,property_damage,0.5256473,flood_events,0.31799376,High
21015,Boone County,KY,38.9589,-84.736371,136150.0,0.0573624415237246,0.052337773,0.050453342,0.052410312,county_prior_months,1.6791748,property_damage,0.50918835,flood_events_prev1m,0.26720756,High
21051,Clay County,KY,37.164273,-83.715454,20322.0,0.3121721159451009,0.052585836,0.05991752,0.080904365,county_prior_months,1.4488652,property_damage,0.40579996,county_disaster_rate,0.3826539,High
55101,Racine County,WI,42.780392,-87.771599,197068.0,0.1132837329498681,0.05703107,0.0524515,0.061307356,county_prior_months,1.684562,property_damage,0.3827005,flood_events,0.2528248,High
21039,Carlisle County,KY,36.85718,-88.976614,4782.0,0.2008465608465608,0.20575365,0.1916284,0.22972575,county_prior_months,1.5791625,property_damage_prev1m,0.6224446,month,0.3946253,Medium
21035,Calloway County,KY,36.620978,-88.274086,37345.0,0.1873738407980575,0.15179685,0.12149297,0.15218781,county_prior_months,1.719924,property_damage_prev1m,0.6650251,property_damage,0.31911406,Medium
21033,Caldwell County,KY,37.148642,-87.870509,12635.0,0.1617647058823529,0.31882963,0.28076455,0.31826916,county_prior_months,1.1597753,flood_events,0.4465939,flood_events_prev1m,0.3886714,Medium
54011,Cabell County,WV,38.419578,-82.243397,93965.0,0.2011335545509208,0.04338618,0.043081842,0.04814778,county_prior_months,1.5643001,property_damage,0.34810677,flood_events,0.2771044,High
39169,Wayne County,OH,40.829661,-81.887194,116680.0,0.0878626817303668,0.07996265,0.06999108,0.08487612,county_prior_months,1.377091,property_damage,0.34541944,flood_events,0.3279422,High
55013,Burnett County,WI,45.866897,-92.37573,16561.0,0.116453382084095,0.5395933,0.4937744,0.51770526,flood_events_prev1m,0.35343754,flood_events,0.25792778,property_damage,0.21509327,High
55009,Brown County,WI,44.474024,-87.99613,268393.0,0.0969779946612003,0.063631855,0.052767284,0.054868247,county_prior_months,1.2009169,flood_events,0.29256624,county_disaster_rate,0.24536103,High
30083,Richland County,MT,47.785633,-104.563408,11366.0,0.083289124668435,0.062086225,0.05409535,0.062245917,county_prior_months,1.413955,property_damage,0.37090707,flood_events,0.32735196,High
50001,Addison County,VT,44.031248,-73.141581,37434.0,0.0749694536568336,0.6371423,0.64815587,0.7182086,property_damage,1.8185482,county_prior_months,1.4592263,property_damage_prev1m,0.42595288,Low
55103,Richland County,WI,43.376199,-90.435693,17256.0,0.1451279323996927,0.15334544,0.17682374,0.22809392,county_prior_months,0.82798856,property_damage,0.3019212,flood_events,0.26895759,Low
21029,Bullitt County,KY,37.969945,-85.702635,82482.0,0.1058177156461754,0.09479617,0.09143832,0.09669318,county_prior_months,1.269159,property_damage,0.33051205,flood_events,0.28495017,High
13303,Washington County,GA,32.971843,-82.798112,19975.0,0.168046357615894,0.13596886,0.12750581,0.15560864,county_prior_months,1.0088022,storm_count,0.4172098,flood_events,0.3531977,High
13299,Ware County,GA,31.050881,-82.421507,35917.0,0.236728837876614,0.7134695,0.6740771,0.732951,tropical_events,2.2270074,county_prior_months,0.54917794,county_disaster_rate,0.3425325,Low
13297,Walton County,GA,33.783887,-83.731829,97752.0,0.1306756294152428,0.06228971,0.04434559,0.056164052,county_prior_months,0.92998534,wind_events_prev3m,0.607156,flood_events,0.40731102,High
21081,Grant County,KY,38.649167,-84.625924,25085.0,0.1282342905885698,0.100796394,0.10504922,0.121291675,county_prior_months,1.1508087,property_damage,0.50816274,flood_events,0.30641717,High
21075,Fulton County,KY,36.552511,-89.187659,6480.0,0.2737636211232188,0.74731827,0.69631493,0.8108826,property_damage,1.9642181,county_prior_months,1.2545207,flood_events,0.5609483,Low
21069,Fleming County,KY,38.367848,-83.699205,15111.0,0.2098740888005301,0.24054597,0.19917972,0.26992777,county_prior_months,1.0602992,property_damage,0.6313707,flood_events,0.33556658,Low
12007,Bradford County,FL,29.952386,-82.166698,27816.0,0.1818105861219033,0.80154157,0.80953306,0.8176485,tropical_events,2.267141,county_prior_months,0.51300836,property_damage,0.3446814,High
12027,DeSoto County,FL,27.190581,-81.806253,34258.0,0.2638829232374056,0.88601273,0.8702096,0.8948275,tropical_events,1.6365095,month,0.5008971,county_prior_months,0.4067078,High
40025,Cimarron County,OK,36.74839,-102.517698,2272.0,0.1091877496671105,0.041716278,0.04592102,0.05548273,county_prior_months,1.8525596,property_damage,0.33265686,flood_events,0.30763444,High
40021,Cherokee County,OK,35.904367,-94.996796,47412.0,0.2076862332192682,0.028180113,0.03905721,0.0453395,county_prior_months,1.7777512,property_damage,0.36262354,flood_events,0.2892457,High
40015,Caddo County,OK,35.16792,-98.381045,26910.0,0.1862308268601396,0.029111216,0.037179675,0.049430512,county_prior_months,1.8896931,property_damage,0.3889757,county_disaster_rate,0.37724563,High
40011,Blaine County,OK,35.877795,-98.429031,8661.0,0.1366518278699582,0.07895458,0.07745477,0.088082895,county_prior_months,1.2535436,flood_events,0.37300605,county_disaster_rate,0.308228,High
40009,Beckham County,OK,35.270601,-99.690057,22295.0,0.2193520841116507,0.08752314,0.08182382,0.11868493,county_prior_months,1.2369876,property_damage,0.3320195,flood_events,0.30115387,High
48293,Limestone County,TX,31.547543,-96.593623,22222.0,0.2149532710280373,0.10268861,0.103072256,0.119709484,county_prior_months,0.75668615,property_damage,0.44118083,flood_events,0.2779734,High
48289,Leon County,TX,31.300493,-95.995622,15928.0,0.1436955698599015,0.19450639,0.18080622,0.20695487,property_damage,0.38974613,month,0.3506643,flood_events,0.25458705,Medium
48273,Kleberg County,TX,27.438735,-97.66062,30860.0,0.3056625842851245,0.84271693,0.8352885,0.8549687,tropical_events,1.834877,storm_count,0.3236654,property_damage,0.25082874,High
12043,Glades County,FL,26.95481,-81.19082,12179.0,0.2186524692491279,0.8353672,0.815226,0.8378568,tropical_events,1.7814033,property_damage,0.33517036,month,0.20607023,High
12041,Gilchrist County,FL,29.723456,-82.795801,18070.0,0.1243459345052619,0.6971692,0.72776973,0.79284155,tropical_events,1.8626302,county_prior_months,0.4830955,property_damage,0.37966698,Low
30055,McCone County,MT,47.629628,-105.757222,1746.0,0.024376088218224,0.03859982,0.031709317,0.03878984,county_prior_months,1.5915912,property_damage,0.41419724,flood_events,0.36261195,High
55097,Portage County,WI,44.476246,-89.49807,70281.0,0.1041227314581043,0.062708035,0.06081021,0.06328904,county_prior_months,1.2424235,property_damage,0.33010763,flood_events,0.2997209,High
21105,Hickman County,KY,36.675896,-88.972084,4491.0,0.1671270718232044,0.4613681,0.42654428,0.5020202,county_prior_months,1.2648804,flood_events,0.47990242,property_damage,0.43206334,Low
21101,Henderson County,KY,37.792542,-87.572577,44770.0,0.1700340937693064,0.09068794,0.090534426,0.10427482,county_prior_months,1.566251,flood_events,0.43819547,property_damage,0.3645497,High
21089,Greenup County,KY,38.563562,-82.93382,35853.0,0.1506736865942029,0.049522255,0.057297543,0.062094018,county_prior_months,1.2498908,property_damage,0.53461206,flood_events,0.29973614,High
13269,Taylor County,GA,32.554667,-84.251426,7799.0,0.2896253602305475,0.16040477,0.15111318,0.16318531,county_prior_months,0.6034307,property_damage,0.39556226,flood_events,0.3036205,Medium
13267,Tattnall County,GA,32.043768,-82.059208,24309.0,0.2005918081295748,0.0807153,0.07668734,0.087114446,county_prior_months,1.0652558,property_damage,0.5207228,flood_events,0.345616,High
13265,Taliaferro County,GA,33.559319,-82.875272,1635.0,0.1887254901960784,0.52068794,0.5720631,0.60948086,county_prior_months,0.55523485,month,0.35522574,property_damage,0.32911974,High
13263,Talbot County,GA,32.704603,-84.530029,5793.0,0.1840822013235806,0.1817785,0.16861752,0.17583525,county_prior_months,0.5415058,property_damage,0.3543643,flood_events,0.2668367,Medium
13291,Union County,GA,34.833333,-83.989257,24880.0,0.1171022844206626,0.31817997,0.32002425,0.3213965,county_prior_months,0.5940198,flood_events,0.48849267,property_damage,0.2362371,Medium
12055,Highlands County,FL,27.34108,-81.342353,102339.0,0.1563412454066938,0.8306541,0.8178614,0.83377004,tropical_events,1.7608634,property_damage,0.27294955,month,0.27286837,High
12053,Hernando County,FL,28.555995,-82.525969,196621.0,0.1246906500095582,0.7799557,0.75288916,0.78351235,tropical_events,2.0447433,county_prior_months,0.4349008,property_damage,0.2536032,High
12051,Hendry County,FL,26.539967,-81.152114,39902.0,0.2229344911250159,0.8149436,0.8101085,0.82517874,tropical_events,1.0577523,property_damage,0.31438643,county_prior_months,0.27954945,High
12049,Hardee County,FL,27.492846,-81.82158,25528.0,0.2847413173146072,0.7909618,0.7612907,0.7858914,tropical_events,1.6614423,property_damage,0.2826615,month,0.21232589,High
49027,Millard County,UT,38.956744,-113.133092,13027.0,0.1118799564608925,0.7540036,0.7542175,0.77696973,county_prior_months,0.71538866,month,0.638256,flood_events_prev1m,0.34583086,High
55017,Chippewa County,WI,45.069092,-91.283505,66254.0,0.0993255671367259,0.09918613,0.09663627,0.11044315,county_prior_months,1.0959721,property_damage,0.3272792,flood_events,0.28151086,High
21067,Fayette County,KY,38.040678,-84.458272,321276.0,0.1493238567649893,0.04186223,0.03845162,0.04608816,county_prior_months,1.66438,property_damage,0.30606315,flood_events,0.24536668,High
21065,Estill County,KY,37.692449,-83.963983,14138.0,0.2395855662736691,0.020735763,0.02730663,0.036892723,county_prior_months,2.0336263,property_damage,0.5760737,flood_events,0.32050747,High
12077,Liberty County,FL,30.259849,-84.86858,7704.0,0.2177700348432055,0.2412682,0.2114097,0.2501433,property_damage,0.48985383,month,0.32930493,flood_events,0.26197493,Medium
12075,Levy County,FL,29.271854,-82.831233,43268.0,0.1565930864082422,0.7246318,0.725999,0.7503844,tropical_events,1.9106727,county_prior_months,0.48266315,property_damage,0.2832579,High
40057,Harmon County,OK,34.745971,-99.844194,2499.0,0.17591059602649,0.068842486,0.0691088,0.07574366,county_prior_months,1.152734,property_damage,0.3966669,flood_events,0.34297892,High
40051,Grady County,OK,35.021058,-97.88689,55314.0,0.1100513844220176,0.077570185,0.07776424,0.09807919,county_prior_months,1.500262,county_disaster_rate,0.39546314,flood_events,0.2729564,High
40047,Garfield County,OK,36.378132,-97.788741,62456.0,0.1400092644674585,0.0812316,0.097442456,0.11716092,county_prior_months,1.3841175,property_damage,0.33756256,flood_events,0.26517236,High
54009,Brooke County,WV,40.272645,-80.578691,22349.0,0.1103969222107534,0.06030334,0.058944188,0.06910258,county_prior_months,1.2270215,property_damage,0.5897165,flood_events,0.3132301,High
40039,Custer County,OK,35.645601,-98.997386,28391.0,0.1604338070306656,0.13425167,0.1598038,0.19846994,county_prior_months,1.5453453,flood_events_prev1m,0.41782492,property_damage_prev1m,0.40265256,High
40035,Craig County,OK,36.76389,-95.201553,14144.0,0.1926229508196721,0.17451231,0.14283308,0.1992612,county_prior_months,1.1735605,flood_events,0.69524395,property_damage,0.3811082,Low
40029,Coal County,OK,34.582861,-96.288039,5287.0,0.2293824319140774,0.2540297,0.20826392,0.24276641,property_damage,0.34537014,county_disaster_rate,0.32293445,flood_events,0.26212525,Medium
13283,Treutlen County,GA,32.409586,-82.570882,6411.0,0.2814569536423841,0.73885095,0.7482844,0.7759603,tropical_events,1.7014661,property_damage,0.5296442,month,0.20509462,High
13279,Toombs County,GA,32.117753,-82.330597,26946.0,0.2173748962185825,0.9007529,0.9162929,0.9175848,tropical_events,2.351289,county_prior_months,0.41872078,month,0.18285729,High
13277,Tift County,GA,31.457003,-83.525931,41247.0,0.2096044335977221,0.8881414,0.8654667,0.87617207,tropical_events,2.4151824,county_prior_months,0.31609365,storm_count,0.17172305,High
48297,Live Oak County,TX,28.351535,-98.126961,11374.0,0.2104145601617795,0.26986653,0.255341,0.28064242,property_damage,0.37886012,county_prior_months,0.26956865,flood_events,0.22378379,Medium
21083,Graves County,KY,36.723344,-88.649897,36701.0,0.1977623307208729,0.23563594,0.2190519,0.32007417,county_prior_months,1.68617,property_damage_prev1m,0.90606695,flood_events_prev1m,0.32322633,Low
55095,Polk County,WI,45.462041,-92.447066,45128.0,0.0832734620565783,0.08862547,0.09071686,0.102807276,county_prior_months,1.2540245,property_damage,0.3695376,flood_events,0.2967892,High
21127,Lawrence County,KY,38.074453,-82.73829,16228.0,0.2633182072480885,0.088822804,0.08280859,0.09544442,county_prior_months,1.2617084,flood_events,0.35619354,property_damage,0.23568188,High
12067,Lafayette County,FL,29.990066,-83.17851,8107.0,0.1933955279135199,0.98154354,0.97185844,0.9858979,property_damage,2.3829238,tropical_events,1.2437816,crop_damage,0.851013,High
12063,Jackson County,FL,30.789249,-85.208814,47704.0,0.1922526170254789,0.06586239,0.044923358,0.056537755,county_prior_months,1.8932605,flood_events_prev1m,0.632836,property_damage,0.3278045,High
40073,Kingfisher County,OK,35.949436,-97.934557,15290.0,0.1222480877951446,0.15340145,0.15437014,0.17094527,county_prior_months,1.3060673,flood_events_prev1m,0.46436423,county_disaster_rate,0.43042347,Medium
40069,Johnston County,OK,34.313455,-96.654254,10410.0,0.2284365900190782,0.20482929,0.20170671,0.2230544,county_prior_months,0.76488996,flood_events_prev1m,0.43437716,property_damage,0.2816128,Medium
40067,Jefferson County,OK,34.105082,-97.83889,5420.0,0.2314253222137983,0.14371675,0.12427601,0.13338386,county_prior_months,0.67081124,property_damage,0.32352737,flood_events,0.28730965,High
29225,Webster County,MO,37.280804,-92.87608,39265.0,0.1569602272727272,0.07037377,0.07601296,0.12546566,county_prior_months,1.6919129,month,0.43442205,property_damage,0.4033406,High
29223,Wayne County,MO,37.111074,-90.453931,11081.0,0.2512844036697247,0.122082315,0.11210259,0.14711082,county_prior_months,1.6962944,flood_events,0.6447395,property_damage,0.3709568,High
29221,Washington County,MO,37.942611,-90.897018,23580.0,0.1859741183795081,0.17155914,0.1571372,0.1956946,county_prior_months,0.8053695,county_disaster_rate,0.41116688,property_damage,0.3232374,Medium
29213,Taney County,MO,36.649827,-93.042819,56202.0,0.1640691205187723,0.083524995,0.070779264,0.10729664,county_prior_months,1.5609682,flood_events,0.55993825,month,0.48002377,High
29209,Stone County,MO,36.745822,-93.457842,31314.0,0.1407465007776049,0.2321891,0.25884676,0.33898968,county_prior_months,1.2532152,property_damage,0.94096184,deaths_prev1m,0.33529654,Low
40065,Jackson County,OK,34.594006,-99.412235,24776.0,0.1453856405130767,0.05012638,0.05049016,0.06538915,county_prior_months,1.6478539,property_damage,0.48792067,month,0.31361732,High
54007,Braxton County,WV,38.69933,-80.73166,12505.0,0.1819085487077534,0.077597335,0.083384156,0.08600067,county_prior_months,1.1459919,property_damage,0.520712,flood_events,0.35883564,High
40059,Harper County,OK,36.80035,-99.662805,3272.0,0.1409481387209672,0.0878256,0.07685554,0.08606394,county_prior_months,1.2318577,flood_events,0.34278786,property_damage,0.32783645,High
13287,Turner County,GA,31.7248,-83.620319,8894.0,0.2243164630599185,0.8267095,0.84092325,0.8608528,tropical_events,2.031891,property_damage,0.30613732,month,0.29385042,High
13285,Troup County,GA,33.034482,-85.02836,69527.0,0.1917622431229177,0.031769205,0.033638198,0.034122318,county_prior_months,1.2017444,wind_events_prev3m,0.34253383,wind_events,0.3275057,High
21115,Johnson County,KY,37.847756,-82.830121,22631.0,0.2140334993209597,0.0792441,0.06447101,0.08937157,county_prior_months,1.2363257,property_damage,0.3341398,county_disaster_rate,0.3100222,High
21111,Jefferson County,KY,38.189532,-85.657624,779232.0,0.1412600907546038,0.06259137,0.050266746,0.056103982,county_prior_months,2.1311295,flood_events_prev1m,0.316521,storm_count,0.31625354,High
21165,Menifee County,KY,37.935485,-83.589355,6174.0,0.2688594338078874,0.10299784,0.097814016,0.10164025,county_prior_months,1.2729511,property_damage,0.3253391,flood_events,0.3110235,High
21159,Martin County,KY,37.796774,-82.506623,11298.0,0.2352999900169711,0.22364545,0.19687699,0.20510957,county_prior_months,1.1106364,flood_events_prev1m,0.4761353,county_disaster_rate,0.40922692,Medium
21153,Magoffin County,KY,37.698983,-83.069721,11647.0,0.3044498522509994,0.06091944,0.068580434,0.08288858,county_prior_months,1.5051974,property_damage,0.33414844,flood_events,0.32138273,High
29165,Platte County,MO,39.37869,-94.761477,107033.0,0.069649068235161,0.05887136,0.05984931,0.06144237,county_prior_months,1.4684664,property_damage,0.33550584,flood_events,0.27608064,High
29163,Pike County,MO,39.339959,-91.171607,17719.0,0.1581398275753571,0.07022405,0.06439665,0.07643969,county_prior_months,1.2245699,property_damage,0.3614994,flood_events,0.33549935,High
29207,Stoddard County,MO,36.851557,-89.947481,28656.0,0.1645870258773484,0.1909095,0.15884002,0.20683494,county_prior_months,1.4806379,flood_events,0.42448506,month,0.32254016,Medium
29201,Scott County,MO,37.047793,-89.568098,38055.0,0.1556547062438216,0.1286913,0.12546508,0.16773564,county_prior_months,1.5910274,property_damage_prev1m,0.5151501,flood_events,0.49464923,High
29199,Scotland County,MO,40.447686,-92.142824,4720.0,0.0744196137990887,0.32332715,0.31971756,0.3603599,county_prior_months,0.6971232,flood_events,0.63118917,property_damage,0.3619332,Medium
29195,Saline County,MO,39.13584,-93.204164,23219.0,0.1299102003223578,0.08823406,0.08501774,0.102363385,county_prior_months,1.282183,property_damage,0.34604642,flood_events,0.3001269,High
54005,Boone County,WV,38.022814,-81.713538,21705.0,0.1652904128761371,0.27617356,0.25967,0.34131607,county_prior_months,1.0825815,flood_events,0.70996755,month,0.2649739,Low
29151,Osage County,MO,38.464253,-91.859504,13374.0,0.0764696876913655,0.5251408,0.563153,0.59558004,flood_events,0.85960805,county_prior_months,0.5279301,county_disaster_rate,0.43320417,High
29149,Oregon County,MO,36.68531,-91.401827,8783.0,0.2300069946374446,0.1659425,0.14096418,0.15327942,county_prior_months,1.1109625,flood_events_prev1m,0.60830736,property_damage,0.38989106,Medium
29143,New Madrid County,MO,36.594261,-89.655948,16341.0,0.1726437649427457,0.124704584,0.113000944,0.12384649,county_prior_months,1.6717632,flood_events,0.71297574,property_damage,0.44337383,High
40095,Marshall County,OK,34.027007,-96.770533,15494.0,0.1878063124877475,0.46766865,0.43252197,0.45895523,flood_events_prev1m,0.35246116,flood_events,0.22091855,property_damage,0.17866953,High
40085,Love County,OK,33.957804,-97.245093,10158.0,0.1421471172962226,0.20991525,0.21747583,0.24537462,county_prior_months,0.5763461,property_damage,0.32347953,flood_events,0.28486437,Medium
40083,Logan County,OK,35.914277,-97.450952,49919.0,0.1357438872772482,0.15039681,0.16659425,0.18996905,county_prior_months,1.3987399,county_disaster_rate,0.49013036,property_damage,0.4463711,Medium
29183,St. Charles County,MO,38.781102,-90.674915,406262.0,0.0451780580903711,0.031499535,0.0374086,0.054583352,county_prior_months,1.9066364,property_damage,0.48907846,flood_events,0.2642537,High
29177,Ray County,MO,39.308401,-93.995746,23122.0,0.1218220802520456,0.09789866,0.08594276,0.094137795,county_prior_months,1.149899,property_damage,0.35200512,flood_events,0.31403968,High
29169,Pulaski County,MO,37.824835,-92.207022,53726.0,0.145141115735371,0.11161476,0.09452957,0.12895381,county_prior_months,1.5364002,flood_events,0.59700876,property_damage,0.3734455,High
13273,Terrell County,GA,31.777191,-84.439446,9004.0,0.2978258368802485,0.14305973,0.13617586,0.17232345,county_disaster_rate,0.35421887,county_prior_months,0.3470392,property_damage,0.33494782,High
21187,Owen County,KY,38.499395,-84.84159,11229.0,0.1413786897048236,0.047848303,0.050838415,0.057197582,county_prior_months,1.4160872,property_damage,0.532584,flood_events,0.33231997,High
21181,Nicholas County,KY,38.338031,-84.026223,7613.0,0.1618489409884108,0.46279642,0.40841973,0.44625553,county_prior_months,0.57871157,flood_events_prev1m,0.44640568,county_disaster_rate,0.4401416,High
21175,Morgan County,KY,37.92294,-83.258944,13840.0,0.2043424825891028,0.044162806,0.063237935,0.074188724,county_prior_months,1.7902117,property_damage,0.3423803,flood_events,0.30346456,High
13225,Peach County,GA,32.571324,-83.831978,28054.0,0.2072772803156776,0.15998235,0.15121254,0.16757289,county_prior_months,0.6076286,property_damage,0.28481176,flood_events,0.27753037,Medium
13257,Stephens County,GA,34.553582,-83.290588,26732.0,0.127936829002645,0.09380735,0.10147925,0.10328026,county_prior_months,1.0673805,property_damage,0.3784268,flood_events,0.3146575,High
40119,Payne County,OK,36.079225,-96.975255,82058.0,0.242681814412472,0.10520883,0.10948098,0.124327846,county_prior_months,1.1391085,flood_events,0.42489177,property_damage,0.40769956,High
40115,Ottawa County,OK,36.835764,-94.802681,30472.0,0.2041464580913997,0.12858747,0.11573058,0.12766472,county_prior_months,1.5140827,flood_events,0.667609,month,0.38879594,High
40113,Osage County,OK,36.624299,-96.408112,46004.0,0.125299245675053,0.061123665,0.04962941,0.06584825,county_prior_months,1.4308609,property_damage,0.4795487,flood_events,0.29039064,High
29157,Perry County,MO,37.71113,-89.802125,18970.0,0.1133505320864237,0.03502737,0.03371551,0.04013183,county_prior_months,1.7555809,property_damage,0.4482189,county_disaster_rate,0.35656193,High
29139,Montgomery County,MO,38.935184,-91.465427,11421.0,0.1481081081081081,0.092889056,0.09825441,0.11970303,county_prior_months,1.3563164,property_damage,0.35210907,flood_events,0.31072918,High
29137,Monroe County,MO,39.49827,-92.006458,8668.0,0.1648080760652658,0.11453074,0.11651225,0.14982684,county_prior_months,0.859439,property_damage,0.3293364,flood_events,0.29482716,High
29135,Moniteau County,MO,38.633037,-92.583642,15401.0,0.1088193456614509,0.18197633,0.19433033,0.20507292,county_prior_months,0.99218106,flood_events,0.48203027,property_damage,0.38025194,Medium
29129,Mercer County,MO,40.421413,-93.567631,3517.0,0.1493055555555555,0.29201955,0.26782817,0.2995694,county_prior_months,0.5564603,flood_events,0.41882202,property_damage,0.36767775,Medium
29127,Marion County,MO,39.807538,-91.635379,28525.0,0.1415870925255186,0.16519621,0.13324991,0.15830922,county_prior_months,1.1176546,county_disaster_rate,0.4851361,deaths_prev1m,0.3973469,Medium
21191,Pendleton County,KY,38.696284,-84.351943,14638.0,0.1778738839285714,0.0616568,0.06225997,0.07319704,county_prior_months,1.2138858,property_damage,0.45330715,flood_events,0.32393265,High
13241,Rabun County,GA,34.883934,-83.40487,16915.0,0.1448425886760529,0.07891422,0.07979081,0.08497133,county_prior_months,1.131456,property_damage,0.3905621,flood_events,0.31398144,High
21217,Taylor County,KY,37.36621,-85.328059,26056.0,0.1427136082308496,0.067299634,0.065341786,0.06605157,county_prior_months,1.2299579,property_damage,0.37210694,flood_events,0.31488758,High
21215,Spencer County,KY,38.025313,-85.317312,19549.0,0.083311732075276,0.1856058,0.1502231,0.1872575,county_prior_months,0.6733415,county_disaster_rate,0.43404716,property_damage,0.3701262,Medium
21211,Shelby County,KY,38.239011,-85.228247,48105.0,0.0792100369760831,0.13339373,0.11117179,0.1271665,county_prior_months,1.2074265,flood_events_prev1m,0.40572107,flood_events,0.2893133,High
21209,Scott County,KY,38.28571,-84.57834,57286.0,0.0928275342293681,0.07118078,0.06363253,0.07142235,county_prior_months,1.2708602,property_damage,0.34233767,flood_events,0.3086499,High
21197,Powell County,KY,37.809567,-83.831235,13089.0,0.2110568593479288,0.046769314,0.04920562,0.07161405,county_prior_months,1.6831065,property_damage,0.36042613,flood_events,0.34747058,High
29095,Jackson County,MO,39.005364,-94.343211,715526.0,0.1387994929154381,0.02208305,0.021745618,0.031199845,county_prior_months,2.0068738,property_damage,0.3052275,wind_events_prev1m,0.26679444,High
29123,Madison County,MO,37.474481,-90.343413,12649.0,0.1205993716265205,0.5712971,0.5520999,0.5846494,flood_events,0.7925608,county_prior_months,0.4696878,county_disaster_rate,0.42129245,High
29115,Linn County,MO,39.86444,-93.108019,11892.0,0.1674478057094162,0.19427769,0.20126446,0.23486704,county_prior_months,0.8936901,property_damage,0.30809394,flood_events,0.29223654,Medium
29113,Lincoln County,MO,39.062255,-90.962916,60172.0,0.1150692821086153,0.05070222,0.055516507,0.06557035,county_prior_months,1.5568837,county_disaster_rate,0.38631743,property_damage,0.3648748,High
29111,Lewis County,MO,40.084559,-91.728803,9987.0,0.1646354733405876,0.17783721,0.17388478,0.20765139,county_prior_months,0.96696377,flood_events,0.48765773,month,0.42081454,Medium
29107,Lafayette County,MO,39.068705,-93.802639,32858.0,0.0919430107859195,0.06994674,0.07572088,0.083268784,county_prior_months,1.2895555,property_damage,0.37487748,flood_events,0.31547716,High
29105,Laclede County,MO,37.659698,-92.594843,36060.0,0.1705854194238729,0.040653817,0.043370534,0.056412745,county_prior_months,1.6879205,property_damage,0.45295736,flood_events,0.30271223,High
29073,Gasconade County,MO,38.441183,-91.50578,14801.0,0.1189801699716713,0.40901485,0.3813201,0.41856426,county_prior_months,0.8976201,flood_events,0.48099676,flood_events_prev1m,0.4406737,High
29071,Franklin County,MO,38.413003,-91.072832,104858.0,0.0808780157617366,0.078711905,0.08869499,0.10766892,county_prior_months,1.7682698,flood_events,0.5131007,property_damage,0.35530508,High
54001,Barbour County,WV,39.139725,-79.996947,15527.0,0.2200443042223266,0.15997563,0.16445622,0.16976768,county_prior_months,0.71961206,property_damage,0.4931564,flood_events,0.3116981,Medium
40151,Woods County,OK,36.726984,-98.863649,8661.0,0.1854724053250614,0.038573556,0.04351177,0.04793934,county_prior_months,1.826367,property_damage,0.37493002,flood_events,0.3249078,High
40149,Washita County,OK,35.290068,-98.992195,10930.0,0.1252244589358283,0.059586022,0.062279407,0.08359899,county_prior_months,1.7211803,county_disaster_rate,0.4084586,month,0.34618706,High
29103,Knox County,MO,40.136856,-92.146835,3772.0,0.1267529665587918,0.24931814,0.20619445,0.2263648,county_prior_months,0.6123313,county_disaster_rate,0.43043834,property_damage,0.31886032,Medium
55029,Door County,WI,45.093417,-87.048683,30038.0,0.0866067521626443,0.03464653,0.0339038,0.036337737,county_prior_months,1.4163688,county_disaster_rate,0.6130773,property_damage,0.3806257,High
13253,Seminole County,GA,30.93396,-84.867685,9117.0,0.2102335928809788,0.2386209,0.21973023,0.23161456,property_damage,0.3180623,county_prior_months,0.27623272,flood_events,0.24405172,Medium
13251,Screven County,GA,32.744751,-81.617585,14026.0,0.1841989436619718,0.07060401,0.063659534,0.07615926,county_prior_months,1.2018076,county_disaster_rate,0.53801787,flood_events,0.36502686,High
13247,Rockdale County,GA,33.652081,-84.02637,93641.0,0.1137187621390651,0.13289727,0.13925079,0.14574446,county_prior_months,0.7197239,property_damage,0.46644187,month,0.24206369,High
13243,Randolph County,GA,31.762651,-84.752311,6365.0,0.2810732180378212,0.18076281,0.17528635,0.22049454,property_damage,0.32594293,month,0.27139887,flood_events,0.24716838,Medium
29055,Crawford County,MO,37.966559,-91.313936,23023.0,0.1466087033668988,0.08368837,0.07965027,0.09719021,county_prior_months,1.2129258,property_damage,0.36378983,flood_events,0.3216857,High
29053,Cooper County,MO,38.847093,-92.810069,16893.0,0.1304347826086956,0.06147636,0.062383033,0.0704346,county_prior_months,1.3009446,property_damage,0.38646573,flood_events,0.35623536,High
29051,Cole County,MO,38.503233,-92.280027,76890.0,0.0939587107122609,0.104634844,0.09696992,0.11122707,county_prior_months,1.1987189,county_disaster_rate,0.39316767,flood_events,0.30396736,High
49021,Iron County,UT,37.909304,-113.30674,58068.0,0.1412299493181462,0.88641274,0.84439933,0.86472,property_damage,1.6337729,flood_events,0.54714614,storm_count,0.18019728,High
49019,Grand County,UT,38.974326,-109.57345,9680.0,0.1567871653297218,0.049660176,0.040366936,0.05207994,county_prior_months,1.6800264,flood_events,0.7131422,county_disaster_rate,0.6386883,High
49015,Emery County,UT,39.009025,-110.7211,9898.0,0.1180676131140843,0.6030509,0.56553906,0.5970472,county_prior_months,0.46585006,flood_events,0.33641577,month,0.3316162,High
41049,Morrow County,OR,45.425496,-119.602311,12140.0,0.1670111616370401,0.21598752,0.19618969,0.2021616,county_prior_months,0.6359147,flood_events,0.4694756,county_disaster_rate,0.37831956,Medium
41045,Malheur County,OR,43.188625,-117.603191,31538.0,0.1889684813753581,0.4730173,0.4978555,0.5088348,month,0.7394885,county_prior_months,0.52147627,property_damage,0.30643722,High
41025,Harney County,OR,43.064449,-118.987169,7496.0,0.1213029848712007,0.6214135,0.5652771,0.6020895,county_prior_months,0.629522,county_disaster_rate,0.41597444,month,0.40158832,High
55031,Douglas County,WI,46.463218,-91.892477,44092.0,0.1123009591209609,0.24597986,0.23265806,0.25959206,county_prior_months,0.40896496,storm_count,0.3646804,flood_events,0.2856216,Medium
29079,Grundy County,MO,40.112541,-93.565054,9878.0,0.1653074027603513,0.19259028,0.19353147,0.21233015,county_prior_months,1.0460484,flood_events,0.45664096,property_damage,0.37148035,Medium
12097,Osceola County,FL,28.059027,-81.139312,393745.0,0.1342833365341527,0.7720233,0.7379599,0.7709112,tropical_events,2.044074,county_prior_months,0.3840324,property_damage,0.2748288,High
21239,Woodford County,KY,38.043103,-84.748855,26886.0,0.0843651785376197,0.17096499,0.17210068,0.17649011,county_prior_months,0.77764094,property_damage,0.35969028,flood_events,0.29149726,Medium
21235,Whitley County,KY,36.758024,-84.144648,36648.0,0.2348975962365899,0.03917596,0.0328434,0.049216446,county_prior_months,1.947666,property_damage,0.47331044,flood_events,0.27564523,High
48355,Nueces County,TX,27.740032,-97.516214,353245.0,0.1730461965960402,0.64481634,0.680494,0.7289147,tropical_events,1.9477005,county_prior_months,1.0558711,total_population,0.29678264,High
48337,Montague County,TX,33.678356,-97.725014,20197.0,0.1295503751069936,0.1287887,0.13143918,0.14481899,county_prior_months,0.75274444,property_damage,0.35244516,flood_events,0.27870417,High
12091,Okaloosa County,FL,30.614325,-86.59108,212021.0,0.1017833166101957,0.32122988,0.32385093,0.34257895,county_prior_months,0.9533645,flood_events_prev1m,0.51121235,flood_events,0.48065662,Medium
29029,Camden County,MO,38.026527,-92.765327,43227.0,0.1345552814005405,0.22028805,0.24127041,0.24596505,county_prior_months,1.6730732,flood_events,0.49553835,month,0.3091513,Medium
29027,Callaway County,MO,38.835547,-91.923446,44517.0,0.0947464168940679,0.10574385,0.120066844,0.14343415,county_prior_months,1.4105303,flood_events,0.42260104,month,0.3969462,High
29065,Dent County,MO,37.603072,-91.489717,14509.0,0.1681656557205605,0.06494563,0.071100466,0.078964256,county_prior_months,1.3398074,property_damage,0.38265568,flood_events,0.31775922,High
42009,Bedford County,PA,39.998634,-78.494747,47613.0,0.1078660767463626,0.067485824,0.06396847,0.074201964,county_prior_months,1.1854448,property_damage,0.50687283,flood_events,0.2895552,High
13239,Quitman County,GA,31.862938,-85.004798,2180.0,0.1527522935779816,0.38685852,0.34642917,0.3935395,month,0.5681275,county_prior_months,0.40779662,property_damage,0.34640282,Medium
13237,Putnam County,GA,33.32106,-83.37179,22206.0,0.1603126278002453,0.1877419,0.17495872,0.18449849,county_prior_months,0.60823756,property_damage,0.40946993,flood_events,0.31369832,Medium
13233,Polk County,GA,33.996015,-85.188338,43019.0,0.171875,0.087255225,0.07795813,0.09621684,county_prior_months,1.152976,property_damage,0.32159656,flood_events,0.32129347,High
45083,Spartanburg County,SC,34.932014,-81.991624,330119.0,0.1441589357931426,0.04033645,0.040839538,0.04267293,county_prior_months,1.8850588,property_damage,0.30237314,flood_events,0.26373315,High
42007,Beaver County,PA,40.68414,-80.350721,167629.0,0.1043395448148687,0.051872596,0.04310596,0.049834024,county_prior_months,1.7912312,property_damage,0.42637438,county_disaster_rate,0.29085043,High
42005,Armstrong County,PA,40.81238,-79.464129,65538.0,0.1036912544714444,0.043982144,0.038436588,0.045415923,county_prior_months,1.6319181,property_damage,0.3999255,flood_events,0.27766111,High
29045,Clark County,MO,40.407275,-91.729472,6693.0,0.1090578612541654,0.26533303,0.19528662,0.28301972,county_prior_months,1.1759264,flood_events,0.8246719,month,0.45027745,Low
29033,Carroll County,MO,39.427375,-93.500227,8513.0,0.0942700903471231,0.1239175,0.12511478,0.12721129,county_prior_months,0.8214265,property_damage,0.35457698,flood_events,0.3331482,High
29031,Cape Girardeau County,MO,37.384141,-89.685658,81703.0,0.1452096191768893,0.07569258,0.064731106,0.10677156,county_prior_months,1.8984286,flood_events,0.55193365,property_damage,0.43444332,High
29007,Audrain County,MO,39.214481,-91.843418,24873.0,0.1809868141216503,0.08852457,0.08231803,0.0942472,county_prior_months,1.210595,property_damage,0.3583023,flood_events,0.33192742,High
29001,Adair County,MO,40.190666,-92.603592,25299.0,0.2358707438733463,0.2530367,0.25569645,0.28001267,county_prior_months,0.6812564,flood_events,0.48695138,property_damage,0.31827164,Medium
42023,Cameron County,PA,41.438291,-78.198323,4536.0,0.1497445012219506,0.085056305,0.08262742,0.09016506,county_prior_months,0.69824356,property_damage,0.46046534,county_disaster_rate,0.37557793,High
42021,Cambria County,PA,40.510209,-78.710488,133263.0,0.1435587457499055,0.052995197,0.03996727,0.05534077,county_prior_months,1.8551338,storm_count,0.350927,flood_events,0.28479075,High
42019,Butler County,PA,40.913847,-79.918978,194562.0,0.0787937640514666,0.043225616,0.049510013,0.07289258,county_prior_months,1.6830158,county_disaster_rate,0.36416897,property_damage,0.2938534,High
42013,Blair County,PA,40.498683,-78.309597,122640.0,0.1320009393293859,0.071351476,0.06177046,0.07140054,county_prior_months,1.4494072,property_damage,0.48199293,flood_events,0.25130993,High
29025,Caldwell County,MO,39.658998,-93.979179,8876.0,0.1609620721554116,0.14217333,0.13640021,0.15617558,county_prior_months,0.7218922,property_damage,0.35689455,flood_events,0.28716606,High
29021,Buchanan County,MO,39.660369,-94.808173,84544.0,0.165747086621966,0.0781864,0.086295046,0.09582584,county_prior_months,1.2822255,property_damage,0.3388336,county_disaster_rate,0.28952253,High
29017,Bollinger County,MO,37.318427,-90.024645,10658.0,0.1491828202204485,0.92061347,0.92945874,0.935042,property_damage,3.5093179,county_prior_months,1.2769803,flood_events,0.6747029,High
13195,Madison County,GA,34.12748,-83.208653,30378.0,0.2057925817795766,0.18722533,0.19810545,0.20943353,county_prior_months,0.60422754,flood_events,0.26324242,wind_events,0.11793084,Medium
13193,Macon County,GA,32.362686,-84.051231,12099.0,0.262215628090999,0.118029796,0.12508446,0.13877186,county_prior_months,0.64310247,property_damage,0.33760512,flood_events,0.28069302,High
13191,McIntosh County,GA,31.485629,-81.372141,11183.0,0.203248344070411,0.26151294,0.23687455,0.27166766,property_damage,0.33167952,month,0.31550956,flood_events,0.27679196,Medium
13185,Lowndes County,GA,30.833145,-83.268995,118257.0,0.206429913764336,0.9530694,0.9458652,0.96685123,property_damage,2.983795,tropical_events,1.3741637,flood_events,0.5939804,High
13181,Lincoln County,GA,33.792151,-82.448299,7726.0,0.1810828440965427,0.088389784,0.08865279,0.100028485,county_prior_months,0.7703975,county_disaster_rate,0.3873235,property_damage,0.35173318,High
12105,Polk County,FL,27.953685,-81.693493,736229.0,0.1482271572017832,0.7576248,0.756442,0.7960801,tropical_events,2.4957068,county_prior_months,0.73687303,property_damage,0.24891736,High
12119,Sumter County,FL,28.713976,-82.069684,131832.0,0.0926221214941924,0.6512759,0.6172542,0.6612057,tropical_events,1.802029,property_damage,0.4019828,month,0.35442522,High
42035,Clinton County,PA,41.239508,-77.629009,37860.0,0.131457856887003,0.19487493,0.17801699,0.1948863,county_prior_months,1.0676455,flood_events,0.45740306,property_damage,0.44401762,Medium
42031,Clarion County,PA,41.198159,-79.420369,37489.0,0.1370341614906832,0.190408,0.17891039,0.22187097,county_prior_months,1.2834328,property_damage_prev1m,0.6290446,flood_events_prev1m,0.61901873,Medium
42025,Carbon County,PA,40.918367,-75.705039,65018.0,0.1180157229264023,0.035157323,0.03801015,0.049777053,county_prior_months,1.9450451,property_damage,0.36994684,flood_events,0.27216446,High
28141,Tishomingo County,MS,34.738835,-88.234827,18837.0,0.1921852231636893,0.05769449,0.05450919,0.06531543,county_prior_months,1.1833977,property_damage,0.50041115,flood_events,0.30502823,High
55039,Fond du Lac County,WI,43.754722,-88.493284,104027.0,0.0858993364042462,0.041012548,0.039451208,0.0448306,county_prior_months,1.7004553,property_damage,0.35486817,flood_events,0.2830876,High
28133,Sunflower County,MS,33.605529,-90.59509,25867.0,0.2868441270845573,0.037144303,0.037940197,0.04704949,county_prior_months,1.3988888,property_damage,0.44941306,flood_events,0.30474022,High
42037,Columbia County,PA,41.045517,-76.40426,64924.0,0.1531139024069446,0.07648193,0.06985962,0.07520969,county_prior_months,1.2192689,property_damage,0.34995133,flood_events,0.29912862,High
28087,Lowndes County,MS,33.471424,-88.439723,58547.0,0.1808687354209373,0.037596203,0.038312934,0.04601928,county_prior_months,1.9759684,property_damage,0.34486273,flood_events,0.2653151,High
13221,Oglethorpe County,GA,33.866806,-83.074081,14974.0,0.1114345677340735,0.20248894,0.19201772,0.21975347,county_prior_months,0.5720215,property_damage,0.4181186,flood_events,0.31511593,Medium
13219,Oconee County,GA,33.834125,-83.437728,41978.0,0.0446887150194403,0.32516763,0.30852625,0.33584172,county_prior_months,0.5164434,flood_events,0.48043737,property_damage,0.29797974,Medium
13217,Newton County,GA,33.552751,-83.85136,113298.0,0.1338717484448109,0.052887265,0.054435078,0.058907043,county_prior_months,1.2180574,property_damage,0.4360175,flood_events,0.2902281,High
13215,Muscogee County,GA,32.510197,-84.874946,204572.0,0.186946319010698,0.058623936,0.056154285,0.059833005,county_prior_months,1.2175342,property_damage,0.43698162,flood_events,0.27458322,High
13213,Murray County,GA,34.797097,-84.73799,40063.0,0.1306338206282563,0.059704166,0.05857354,0.067162216,county_prior_months,1.1345063,property_damage,0.54183733,county_disaster_rate,0.30546904,High
13211,Morgan County,GA,33.598696,-83.499435,20171.0,0.086016651620022,0.4029949,0.44850066,0.4703962,flood_events,0.8401119,county_prior_months,0.61085415,property_damage,0.35234135,High
13209,Montgomery County,GA,32.172108,-82.533349,8687.0,0.1663496893622416,0.92965734,0.9161837,0.94018775,tropical_events,2.2866933,month,0.23278274,total_population,0.16484223,High
13207,Monroe County,GA,33.018784,-83.921837,28287.0,0.1371910611217996,0.08558049,0.091432214,0.101778485,county_prior_months,0.84630746,property_damage,0.5010201,flood_events,0.29424047,High
49001,Beaver County,UT,38.357535,-113.238948,7102.0,0.0703102348506813,0.4158983,0.41869056,0.44450852,month,0.37054008,property_damage,0.31176645,flood_events,0.26342246,High
53007,Chelan County,WA,47.860974,-120.619041,79076.0,0.0922097349545471,0.13683735,0.12570612,0.15063816,county_prior_months,0.6638917,property_damage,0.3044805,month,0.2598584,High
45077,Pickens County,SC,34.885368,-82.723377,131106.0,0.1692058346839546,0.13692416,0.12981135,0.1490817,county_prior_months,1.1670932,property_damage,0.38402122,property_damage_prev1m,0.28822222,High
45073,Oconee County,SC,34.748766,-83.06154,78775.0,0.1568961759842065,0.083974674,0.078855634,0.09042461,county_prior_months,1.2409827,property_damage,0.33129725,flood_events,0.297071,High
22085,Sabine Parish,LA,31.560402,-93.559579,22209.0,0.2392416628597533,0.060200788,0.06507541,0.0692768,county_prior_months,1.2226734,property_damage,0.3832698,flood_events,0.32010803,High
13017,Ben Hill County,GA,31.740772,-83.147197,17169.0,0.2649093511450381,0.91141903,0.9157022,0.92960244,tropical_events,1.87146,property_damage,0.7431751,wind_events,0.2529375,High
13015,Bartow County,GA,34.240917,-84.838188,109410.0,0.1082090932632903,0.09586365,0.08486954,0.11083375,county_prior_months,1.3153021,flood_events,0.42018613,property_damage,0.34024605,High
13013,Barrow County,GA,33.992009,-83.712303,84399.0,0.0955158020274299,0.10890645,0.11373873,0.12320027,county_prior_months,0.75422347,property_damage,0.3777893,flood_events,0.27693522,High
27169,Winona County,MN,43.981353,-91.777044,49792.0,0.140217274389588,0.056606203,0.050771605,0.05582812,county_prior_months,1.5007578,property_damage,0.36200154,flood_events,0.2887373,High
27167,Wilkin County,MN,46.362335,-96.476657,6454.0,0.135378775897517,0.029415546,0.027372578,0.03519404,county_prior_months,1.9023596,property_damage,0.39835095,flood_events,0.33131686,High
42055,Franklin County,PA,39.926772,-77.724521,156084.0,0.0899805194805194,0.046104375,0.041233785,0.045602523,county_prior_months,1.5999382,property_damage,0.28652385,flood_events,0.26747677,High
22101,St. Mary Parish,LA,29.629349,-91.463804,49114.0,0.2192071975402901,0.25440216,0.23520114,0.25394905,property_damage,0.3871809,month,0.35442713,flood_events,0.24248469,Medium
45069,Marlboro County,SC,34.60167,-79.679435,26585.0,0.2782461360443012,0.11282977,0.112191215,0.14693218,county_prior_months,0.81843823,property_damage,0.37070447,flood_events,0.28302792,High
45067,Marion County,SC,34.08362,-79.354001,29212.0,0.2739370895264431,0.10694142,0.11414751,0.12587678,county_prior_months,0.79754794,property_damage,0.3656092,flood_events,0.28976178,High
28057,Itawamba County,MS,34.281075,-88.363127,23888.0,0.1041778734086426,0.12906991,0.15678145,0.1651126,county_prior_months,0.8318106,property_damage,0.48945978,flood_events,0.27676415,High
13005,Bacon County,GA,31.55021,-82.451433,11138.0,0.2163753799392097,0.8104431,0.7873672,0.8400028,tropical_events,1.98925,month,0.30029207,property_damage,0.29577696,Low
13003,Atkinson County,GA,31.296806,-82.878151,8265.0,0.2751335599805731,0.7186701,0.7292571,0.77075523,tropical_events,2.1874962,county_prior_months,0.41340816,property_damage,0.32883844,High
13001,Appling County,GA,31.739712,-82.290103,18441.0,0.2530546801570189,0.75893235,0.7337103,0.75301427,tropical_events,1.6320835,county_prior_months,0.5182658,property_damage,0.33567092,High
13161,Jeff Davis County,GA,31.811615,-82.636825,14791.0,0.2258897038848139,0.7707505,0.7548118,0.7716993,tropical_events,2.1465926,county_prior_months,0.37367684,property_damage,0.34702063,High
48377,Presidio County,TX,30.005891,-104.261619,6168.0,0.3999675482719454,0.1712102,0.17246403,0.18439169,county_disaster_rate,0.47798836,month,0.3955891,property_damage,0.3627236,Medium
48371,Pecos County,TX,30.773298,-102.718153,15114.0,0.2296523035868456,0.14757293,0.13705377,0.15122485,county_prior_months,1.0503668,flood_events,0.5356017,county_disaster_rate,0.38617024,High
13031,Bulloch County,GA,32.394481,-81.741618,79829.0,0.2278425335385968,0.1676006,0.13997407,0.18174618,county_prior_months,1.0748097,flood_events,0.40076512,county_disaster_rate,0.19521141,Medium
13029,Bryan County,GA,32.017969,-81.438543,44995.0,0.0715883668903803,0.122013606,0.11314006,0.117691055,county_prior_months,0.5963962,property_damage,0.49835932,county_disaster_rate,0.40038657,High
13201,Miller County,GA,31.162931,-84.730398,5923.0,0.244752818733738,0.104903415,0.104777016,0.114525825,county_prior_months,0.6842199,property_damage,0.53166056,flood_events,0.29312444,High
13199,Meriwether County,GA,33.029267,-84.667058,20679.0,0.2213770236005461,0.056393422,0.05805685,0.06042547,county_prior_months,1.1895632,property_damage,0.5318921,flood_events,0.3089421,High
13197,Marion County,GA,32.359312,-84.528735,7508.0,0.1238339867513857,0.22764838,0.22649774,0.23643906,property_damage,0.46204355,flood_events,0.27509287,county_prior_months,0.2693396,Medium
55079,Milwaukee County,WI,42.912643,-87.862312,933063.0,0.1782222986162582,0.060798492,0.05561059,0.06073004,county_prior_months,1.847638,property_damage,0.47323793,flood_events,0.36149743,High
13151,Henry County,GA,33.452947,-84.154021,240853.0,0.0842940685045948,0.14500317,0.1382627,0.18384029,county_prior_months,1.0134953,property_damage,0.44587374,flood_events,0.41443047,High
13009,Baldwin County,GA,33.05949,-83.255457,43778.0,0.2265732835744593,0.116754405,0.123699345,0.12769818,county_prior_months,0.7273832,property_damage,0.44412658,flood_events,0.29525203,High
13007,Baker County,GA,31.31958,-84.454881,2878.0,0.231410701876303,0.29976422,0.2797904,0.31113726,property_damage,0.34141156,county_disaster_rate,0.24451974,flood_events,0.24091558,Medium
42073,Lawrence County,PA,40.992735,-80.334446,85907.0,0.1234570854463687,0.32083166,0.24616088,0.34273398,county_prior_months,1.1973233,property_damage_prev1m,0.9401084,flood_events_prev1m,0.57124907,Low
27123,Ramsey County,MN,45.015204,-93.099965,547202.0,0.1289337646807442,0.05190025,0.04619057,0.051875908,county_prior_months,1.4227203,property_damage,0.28600475,flood_events,0.25598863,High
27115,Pine County,MN,46.10094,-92.763094,29090.0,0.1063798919154183,0.20945153,0.20450844,0.22964333,property_damage,0.33865127,county_prior_months,0.27921647,flood_events,0.2741806,Medium
27165,Watonwan County,MN,43.978109,-94.613798,11205.0,0.1326521385297043,0.06874361,0.062961884,0.06855379,county_prior_months,1.2906774,property_damage,0.37702692,flood_events,0.3313723,High
27163,Washington County,MN,45.037929,-92.890117,268651.0,0.0466765975901797,0.07021945,0.052155986,0.06413147,county_prior_months,1.3504894,property_damage,0.31051508,flood_events,0.26847738,High
27157,Wabasha County,MN,44.289634,-92.233454,21460.0,0.0757154306727641,0.08117395,0.0800748,0.09361741,county_prior_months,1.338997,property_damage,0.35217768,flood_events,0.2933693,High
42065,Jefferson County,PA,41.138028,-79.012419,44326.0,0.1410566020377653,0.06656473,0.07434799,0.09035359,county_prior_months,1.7268134,property_damage,0.32669485,county_disaster_rate,0.25009847,High
42059,Greene County,PA,39.847707,-80.225655,35781.0,0.1290639185376027,0.051648922,0.049593285,0.057040326,county_prior_months,1.2810307,property_damage,0.5196908,county_disaster_rate,0.33400264,High
42057,Fulton County,PA,39.91075,-78.122617,14545.0,0.1070441988950276,0.12413687,0.13627526,0.14566514,county_prior_months,0.66870743,property_damage,0.42545575,flood_events,0.28884166,High
13205,Mitchell County,GA,31.228997,-84.192038,21634.0,0.2873539867953276,0.76293623,0.7559267,0.8303424,tropical_events,2.389094,county_prior_months,0.7028375,property_damage,0.20696793,Low
13045,Carroll County,GA,33.582237,-85.080527,120060.0,0.1687835143682111,0.07574625,0.071388744,0.08418003,county_prior_months,1.2364496,storm_count,0.34468508,wind_events,0.33190292,High
13149,Heard County,GA,33.291347,-85.137886,11489.0,0.1669025296302848,0.16689001,0.1518069,0.18236618,county_prior_months,0.640101,property_damage,0.4078973,flood_events,0.30107486,Medium
13147,Hart County,GA,34.348733,-82.96329,26110.0,0.1084909393052148,0.19943818,0.19365935,0.21911423,county_prior_months,0.77582955,flood_events,0.31954324,property_damage,0.31246316,Medium
13145,Harris County,GA,32.731549,-84.912432,34914.0,0.0752216247638424,0.18290246,0.19969517,0.24633354,county_prior_months,0.6369886,storm_count,0.4553828,flood_events,0.34326005,Medium
13177,Lee County,GA,31.818419,-84.146681,32968.0,0.0883800151400454,0.14281629,0.15008424,0.1676224,county_prior_months,0.64203376,property_damage,0.5278099,county_disaster_rate,0.27646533,High
13175,Laurens County,GA,32.39322,-82.926317,49407.0,0.2438938856341282,0.04286628,0.04190071,0.048845857,county_prior_months,1.4102004,property_damage,0.43695942,flood_events,0.28515822,High
13171,Lamar County,GA,33.07444,-84.146689,18676.0,0.1123165648375492,0.21007341,0.20234078,0.22233826,property_damage,0.4674907,county_prior_months,0.27601716,flood_events,0.25062326,Medium
13167,Johnson County,GA,32.694584,-82.66397,9225.0,0.2186375480828886,0.16755114,0.16769728,0.18820964,county_prior_months,0.69982904,flood_events,0.32947984,property_damage,0.30138743,Medium
13163,Jefferson County,GA,33.058176,-82.420004,15591.0,0.1940942269409422,0.15698633,0.15647122,0.16101593,county_prior_months,0.64164823,property_damage,0.29884744,flood_events,0.2949515,Medium
13043,Candler County,GA,32.40395,-82.071266,10946.0,0.1828512396694215,0.65216184,0.6147036,0.65532374,flood_events,0.77214193,storm_count,0.35627812,county_prior_months,0.35414904,High
13035,Butts County,GA,33.290355,-83.958221,25522.0,0.1576810581918191,0.15397072,0.14974926,0.16050935,county_prior_months,0.63706905,property_damage,0.41742805,flood_events,0.29552296,Medium
13033,Burke County,GA,33.060181,-82.000164,24337.0,0.1733210825258937,0.8755397,0.875629,0.9063506,tropical_events,1.8936357,county_prior_months,0.53384954,property_damage,0.40955085,High
27093,Meeker County,MN,45.123155,-94.527346,23352.0,0.0755834204110066,0.103224285,0.097983226,0.108968064,county_prior_months,1.1669331,property_damage,0.35779342,flood_events,0.3041505,High
42087,Mifflin County,PA,40.601615,-77.651832,46146.0,0.1667768085293858,0.067446545,0.06500353,0.07297495,county_prior_months,1.1818422,property_damage,0.36344,flood_events,0.2988361,High
42085,Mercer County,PA,41.300014,-80.252786,110600.0,0.1350937066173068,0.11542961,0.06265468,0.10170825,county_prior_months,1.6254554,property_damage,0.33666363,property_damage_prev1m,0.32873428,High
42083,McKean County,PA,41.81459,-78.572463,40459.0,0.1413903516896451,0.05406518,0.060089994,0.06363074,county_prior_months,1.3854194,property_damage,0.49051204,flood_events,0.2763677,High
27085,McLeod County,MN,44.821657,-94.272323,36727.0,0.0712162087760832,0.043850724,0.047601704,0.051239602,county_prior_months,1.7759539,property_damage,0.37049383,flood_events,0.25865504,High
27067,Kandiyohi County,MN,45.152714,-95.004981,43686.0,0.1090046279982145,0.14034,0.13946351,0.18027785,county_prior_months,1.2711474,property_damage_prev1m,0.50875574,property_damage,0.34571546,High
27065,Kanabec County,MN,45.94776,-93.297788,16145.0,0.0977040494512425,0.07975937,0.070591286,0.07352838,county_prior_months,1.2638104,flood_events,0.3701773,property_damage,0.342089,High
27111,Otter Tail County,MN,46.405727,-95.714581,60072.0,0.0865749525616698,0.041402306,0.03683036,0.04374811,county_prior_months,1.8350475,property_damage,0.3408511,flood_events,0.29273894,High
27103,Nicollet County,MN,44.35882,-94.245684,34380.0,0.1034299471594284,0.05880307,0.04944102,0.05850856,county_prior_months,1.417888,property_damage,0.39166343,flood_events,0.29221448,High
13019,Berrien County,GA,31.288652,-83.22787,18187.0,0.232067275562486,0.94773304,0.95633674,0.9641024,property_damage,1.9954728,tropical_events,1.2825259,flood_events,0.2869929,High
13047,Catoosa County,GA,34.900212,-85.139385,68052.0,0.0893233887023445,0.1203169,0.12976979,0.13742222,county_prior_months,0.8292499,property_damage,0.4346098,flood_events,0.26300344,High
45053,Jasper County,SC,32.43059,-81.021627,29444.0,0.1791488307920897,0.045554046,0.057153054,0.06119959,county_prior_months,1.2427392,property_damage,0.50588745,county_disaster_rate,0.45117363,High
48409,San Patricio County,TX,28.011794,-97.517157,68942.0,0.1575994108983799,0.7637786,0.7091562,0.8176104,tropical_events,2.2807708,county_prior_months,0.6167918,county_prior_disasters,0.25389498,Low
13063,Clayton County,GA,33.551603,-84.412868,296312.0,0.1691088973097169,0.08450135,0.07416474,0.08530328,county_prior_months,1.0257722,property_damage,0.4091046,flood_events,0.2894888,High
13061,Clay County,GA,31.619831,-84.992583,2855.0,0.2573266619013581,0.22406691,0.20590349,0.24617313,property_damage,0.35148057,month,0.2659609,flood_events,0.26257533,Medium
13059,Clarke County,GA,33.952185,-83.367152,128864.0,0.2659760243637007,0.10812707,0.094734415,0.13906987,county_prior_months,0.6572458,property_damage,0.39172682,flood_events,0.23800056,High
13057,Cherokee County,GA,34.244317,-84.475057,268567.0,0.0663127384134803,0.042474248,0.04027672,0.050912414,county_prior_months,1.5980933,property_damage,0.38121754,flood_events,0.2360039,High
27025,Chisago County,MN,45.505444,-92.903849,56927.0,0.0625687246507435,0.08419233,0.071939185,0.090627775,county_prior_months,1.1722832,property_damage,0.3645414,flood_events,0.3191806,High
27017,Carlton County,MN,46.603818,-92.671044,36362.0,0.1272764121717478,0.14322937,0.14827591,0.15573636,county_prior_months,0.6036907,property_damage,0.32783884,flood_events,0.27182773,High
27015,Brown County,MN,44.246541,-94.733647,25880.0,0.0773075372833534,0.047313098,0.049550913,0.054432243,county_prior_months,1.5161768,property_damage,0.39882427,flood_events,0.30097497,High
26163,Wayne County,MI,42.284664,-83.261953,1781641.0,0.2019055973020019,0.1702629,0.10104873,0.15398613,property_damage,1.5344945,county_prior_months,1.4094058,total_population,1.0822742,Low
55055,Jefferson County,WI,43.013804,-88.773985,85932.0,0.0763042036065376,0.051702283,0.058630418,0.07274375,county_prior_months,1.7190642,property_damage,0.37571478,flood_events,0.24992037,High
27049,Goodhue County,MN,44.406178,-92.716,47697.0,0.0908702433604683,0.053610444,0.046898615,0.061017618,county_prior_months,1.4941132,property_damage,0.37374607,flood_events,0.287464,High
27045,Fillmore County,MN,43.679187,-92.093937,21251.0,0.087143339931444,0.053834125,0.049825117,0.058258913,county_prior_months,1.4785994,property_damage,0.36248875,flood_events,0.30446616,High
27039,Dodge County,MN,44.020706,-92.869353,20893.0,0.0493719385033221,0.0786689,0.06514173,0.08154545,county_prior_months,1.4061552,flood_events,0.3799573,storm_count,0.18919517,High
27035,Crow Wing County,MN,46.491653,-94.070718,66558.0,0.1043248848629029,0.11901722,0.121525675,0.13005969,county_prior_months,0.7611244,property_damage,0.31729174,flood_events,0.28093824,High
27029,Clearwater County,MN,47.575873,-95.371117,8541.0,0.1125164061567832,0.07395466,0.071900666,0.07764897,county_prior_months,1.2406569,property_damage,0.38709378,flood_events,0.33682582,High
48489,Willacy County,TX,26.481861,-97.594731,20308.0,0.2661729701137265,0.3732022,0.3390738,0.34038597,property_damage,0.29708543,county_disaster_rate,0.29697284,flood_events,0.21036406,Medium
26157,Tuscola County,MI,43.487902,-83.436618,53218.0,0.1229932232509306,0.031665735,0.033291165,0.03804405,county_prior_months,1.3992872,county_disaster_rate,0.6912191,flood_events,0.34799483,High
26155,Shiawassee County,MI,42.951545,-84.146352,68124.0,0.1100947451400354,0.28941947,0.32850534,0.3553564,property_damage,1.5734849,county_prior_months,1.1017021,flood_events,0.393918,Medium
48399,Runnels County,TX,31.845119,-99.982715,9858.0,0.118580375782881,0.12794544,0.12272812,0.12405903,county_prior_months,0.7133295,property_damage,0.32983464,flood_events,0.29953575,High
48391,Refugio County,TX,28.322116,-97.162472,6718.0,0.1629787883412177,0.8767265,0.86008734,0.8737381,tropical_events,1.9499607,wind_events,0.15136833,storm_count,0.1450541,High
13159,Jasper County,GA,33.316981,-83.689151,14882.0,0.1334829321365429,0.113082156,0.115887344,0.12543954,county_prior_months,0.7108271,property_damage,0.44812235,flood_events,0.2939526,High
13155,Irwin County,GA,31.604306,-83.277037,9487.0,0.2199089134677944,0.8734386,0.8857956,0.89931786,tropical_events,2.0731869,property_damage,0.6092913,county_prior_months,0.3504352,High
24001,Allegany County,MD,39.612313,-78.703104,68161.0,0.1586303970670071,0.1790186,0.16536105,0.22263977,county_prior_months,1.4216431,property_damage,1.0785556,flood_events,0.3629712,Low
26147,St. Clair County,MI,42.928803,-82.668913,160257.0,0.1185005053057099,0.045184385,0.045809772,0.062929936,county_prior_months,1.6336873,property_damage,0.31596452,county_disaster_rate,0.30321923,High
26145,Saginaw County,MI,43.328267,-84.05541,189821.0,0.1821372791240605,0.05982216,0.056325212,0.060178958,county_prior_months,1.4570593,property_damage,0.30364692,flood_events,0.2673921,High
24023,Garrett County,MD,39.547299,-79.274619,28856.0,0.1106034849128771,0.26975036,0.23668323,0.26095092,property_damage,0.7129868,county_prior_months,0.5495939,county_disaster_rate,0.40696588,Medium
13075,Cook County,GA,31.152516,-83.429445,17242.0,0.2178451377012443,0.96671873,0.9669798,0.9734059,property_damage,2.095666,tropical_events,1.5360692,month,0.18037277,High
13071,Colquitt County,GA,31.189707,-83.769773,45813.0,0.2436458471467091,0.9113266,0.91043675,0.91905665,tropical_events,1.9823109,property_damage,1.185953,county_prior_months,0.5529272,High
13069,Coffee County,GA,31.549245,-82.84494,43056.0,0.2004076255809907,0.6902195,0.67679346,0.69932413,tropical_events,2.257846,county_prior_months,0.61855924,property_damage,0.35902265,High
48483,Wheeler County,TX,35.392593,-100.253107,4980.0,0.1833435645590341,0.214767,0.18943037,0.1965968,county_prior_months,0.6196586,county_disaster_rate,0.42004988,flood_events,0.40264526,Medium
26109,Menominee County,MI,45.535568,-87.501457,23433.0,0.1075418994413407,0.049992044,0.04736217,0.056877434,county_prior_months,1.1952262,county_disaster_rate,0.48940045,flood_events,0.35606158,High
42111,Somerset County,PA,39.981297,-79.028486,73802.0,0.1083501586385924,0.06913474,0.06407678,0.06890859,county_prior_months,1.5548912,flood_events,0.321047,storm_count,0.26062676,High
26161,Washtenaw County,MI,42.252217,-83.843423,370231.0,0.1378694918346866,0.085601054,0.062871695,0.09070935,county_prior_months,1.5996741,flood_events,0.49645886,property_damage,0.2898097,High
42125,Washington County,PA,40.200005,-80.252132,209631.0,0.0949652548224543,0.18965419,0.17265792,0.19904265,county_prior_months,1.3629516,property_damage,1.2008865,total_population,0.38223037,Medium
42123,Warren County,PA,41.834298,-79.298182,38492.0,0.1159424118346321,0.07247479,0.06990775,0.085036635,county_prior_months,1.3463708,property_damage,0.43396276,county_disaster_rate,0.2773733,High
42121,Venango County,PA,41.400714,-79.765813,50475.0,0.1336523705678055,0.033099208,0.048122473,0.07441621,county_prior_months,1.6989082,property_damage,0.5488315,flood_events,0.26585186,High
42119,Union County,PA,40.962179,-77.055475,42908.0,0.1081543322607763,0.35886374,0.36835888,0.3971147,flood_events,1.069261,county_prior_months,0.8544903,county_disaster_rate,0.3021014,Medium
55059,Kenosha County,WI,42.587526,-87.879996,168693.0,0.1109917260051113,0.081644155,0.069461145,0.08260193,county_prior_months,1.6951761,flood_events,0.384702,property_damage,0.2893023,High
26125,Oakland County,MI,42.660452,-83.38421,1272264.0,0.0769979162107386,0.17898867,0.14426468,0.2214218,property_damage,2.232352,county_prior_months,1.6238539,total_population,0.6600696,Low
26115,Monroe County,MI,41.916097,-83.487106,154823.0,0.1090500427967513,0.4464041,0.504979,0.5680928,property_damage,1.9488776,county_prior_months,1.2884915,flood_events,0.57830936,Low
13055,Chattooga County,GA,34.474178,-85.345289,24902.0,0.1992970580577974,0.047374293,0.0471604,0.052347556,county_prior_months,1.1797183,property_damage,0.5177733,flood_events,0.30565915,High
13051,Chatham County,GA,31.980404,-81.085184,296266.0,0.1397937681662477,0.2854608,0.1951166,0.2643734,deaths,1.0437591,county_prior_months,1.0108693,flood_events,0.26320285,Low
13083,Dade County,GA,34.852424,-85.506201,16239.0,0.0653573087386371,0.08948026,0.07694636,0.09421029,county_prior_months,1.1838908,property_damage,0.44727537,flood_events,0.3488761,High
13079,Crawford County,GA,32.709428,-83.979187,12156.0,0.1661371237458194,0.10195652,0.11057782,0.11692818,county_prior_months,0.7426599,property_damage,0.521595,flood_events,0.29537627,High
13077,Coweta County,GA,33.352897,-84.762138,147449.0,0.0832770604404973,0.037568443,0.03594482,0.03911172,county_prior_months,1.4532143,wind_events_prev3m,0.36077037,wind_events,0.3450329,High
13095,Dougherty County,GA,31.532588,-84.20904,85038.0,0.2637404439645123,0.07179281,0.071480334,0.076359615,county_prior_months,1.1776055,property_damage,0.30801934,flood_events,0.30405197,High
13093,Dooly County,GA,32.151995,-83.807167,11236.0,0.2096060442525634,0.13611294,0.14006168,0.14932439,county_prior_months,0.6579669,property_damage,0.49009827,flood_events,0.29744253,High
26075,Jackson County,MI,42.248474,-84.420868,160637.0,0.1211414178238822,0.091960005,0.09023013,0.09614388,county_prior_months,1.0955012,county_disaster_rate,0.38438424,property_damage_prev1m,0.36233443,High
26067,Ionia County,MI,42.94465,-85.073766,66663.0,0.1034197813374014,0.5914103,0.53015697,0.5669209,property_damage,2.7109108,county_prior_months,0.8923591,max_magnitude,0.3085553,High
26065,Ingham County,MI,42.603534,-84.373811,282540.0,0.1653636301891918,0.9496842,0.9429143,0.95292753,property_damage,3.1891317,deaths,1.4143735,county_prior_months,0.5694247,High
26063,Huron County,MI,43.907616,-82.857045,31461.0,0.1126121779407507,0.036412895,0.033805635,0.040328234,county_prior_months,1.4394282,county_disaster_rate,0.569623,property_damage,0.35260773,High
44001,Bristol County,RI,41.70684,-71.286687,50658.0,0.0723636518698563,0.3010458,0.29376405,0.32686037,county_prior_months,0.61902285,flood_events,0.3298551,flood_events_prev1m,0.32942712,Medium
26099,Macomb County,MI,42.671553,-82.911456,878453.0,0.0981591566986402,0.21138991,0.22289151,0.27452517,property_damage,2.0586812,county_prior_months,1.4870917,total_population,0.4683076,Low
26093,Livingston County,MI,42.602532,-83.911718,194302.0,0.0485716953918628,0.14303428,0.16139272,0.19463037,property_damage,1.211405,county_prior_months,1.1488961,county_disaster_rate,0.46632946,High
26087,Lapeer County,MI,43.088633,-83.224325,88687.0,0.1016340621403912,0.038063917,0.029675994,0.03805711,county_prior_months,1.4015163,county_disaster_rate,0.8030037,property_damage,0.315985,High
26081,Kent County,MI,43.032497,-85.547446,657321.0,0.1073185670029587,0.95843923,0.9454214,0.9637662,property_damage,3.04464,deaths,1.8303272,county_prior_months,0.6984701,High
45039,Fairfield County,SC,34.395669,-81.127001,20942.0,0.1871883019416065,0.04719978,0.046677403,0.054253023,county_prior_months,1.6316128,property_damage,0.3862393,flood_events,0.29766434,High
55073,Marathon County,WI,44.898036,-89.757823,137820.0,0.0832947130698328,0.047924444,0.037982665,0.048066545,county_prior_months,1.5960308,property_damage,0.30631948,flood_events,0.2745094,High
55071,Manitowoc County,WI,44.156137,-87.577352,81242.0,0.0997271334055993,0.06490474,0.06010623,0.06967892,county_prior_months,1.3040478,flood_events,0.2988853,property_damage,0.28936177,High
26037,Clinton County,MI,42.950455,-84.591695,79249.0,0.0955431079580978,0.51250494,0.513041,0.58115077,property_damage,2.2696276,county_prior_months,0.6967953,flood_events,0.3312897,Low
48457,Tyler County,TX,30.769295,-94.375656,19962.0,0.1795117550882336,0.1276048,0.13644783,0.14313379,county_prior_months,0.6905979,property_damage,0.3413692,flood_events,0.27494457,High
13105,Elbert County,GA,34.116415,-82.841892,19570.0,0.1898944741903623,0.16912441,0.16440032,0.19642754,county_prior_months,0.84382665,flood_events,0.31702107,property_damage,0.29836023,Medium
13099,Early County,GA,31.324191,-84.906723,10753.0,0.2224530261542819,0.14235719,0.13788305,0.15244263,county_prior_months,0.6745514,property_damage,0.35558838,flood_events,0.2740315,High
48445,Terry County,TX,33.171229,-102.339284,11816.0,0.2235326136260546,0.071478955,0.07300979,0.07550456,county_prior_months,1.2402327,property_damage,0.3829782,flood_events,0.32323048,High
45013,Beaufort County,SC,32.358112,-80.689422,189071.0,0.1035743873724601,0.048589643,0.049953166,0.053289026,county_prior_months,1.398568,property_damage,0.4314617,flood_events,0.27712476,High
45011,Barnwell County,SC,33.260552,-81.434228,20653.0,0.252941758133096,0.803884,0.7932476,0.8491197,tropical_events,2.4564965,county_prior_months,0.69840497,property_damage,0.3428141,Low
45009,Bamberg County,SC,33.203021,-81.053161,13311.0,0.2226753018309746,0.81647414,0.80536294,0.86372346,tropical_events,2.4935048,county_prior_months,0.6942494,property_damage,0.34007332,Low
45005,Allendale County,SC,32.979757,-81.363265,8073.0,0.2720946416144746,0.7290486,0.69622123,0.74479145,tropical_events,2.2583816,county_prior_months,0.51205766,property_damage,0.35776377,High
45003,Aiken County,SC,33.550013,-81.632983,169865.0,0.1416270979408295,0.70117813,0.7267863,0.7594024,tropical_events,2.5073416,county_prior_months,1.2520614,property_damage,0.25746596,High
45001,Abbeville County,SC,34.229041,-82.454058,24368.0,0.1590571876722201,0.07929011,0.07287747,0.07655042,county_prior_months,1.2570649,property_damage,0.37905756,flood_events,0.33558318,High
55063,La Crosse County,WI,43.908222,-91.111758,120216.0,0.117796133719673,0.119048975,0.09137335,0.12440765,county_prior_months,1.3751744,property_damage_prev1m,0.25086015,property_damage,0.24627334,High
26049,Genesee County,MI,43.021077,-83.706372,405280.0,0.1624978144123891,0.073226765,0.06278195,0.08131191,county_prior_months,1.5358994,flood_events,0.44337776,county_disaster_rate,0.30491343,High
26045,Eaton County,MI,42.58953,-84.84645,109072.0,0.0760870579235584,0.47383672,0.43344358,0.5262241,property_damage,2.1270256,county_prior_months,0.6813229,max_magnitude,0.36379707,Low
26043,Dickinson County,MI,46.012833,-87.866139,25937.0,0.0970269105722903,0.036314122,0.03385105,0.039522205,county_prior_months,1.2975409,county_disaster_rate,0.6502022,property_damage,0.51055545,High
26025,Calhoun County,MI,42.24299,-85.012385,134011.0,0.1483479433580579,0.29775774,0.26756617,0.26864812,property_damage,2.2961338,county_prior_months,1.049747,county_disaster_rate,0.6496143,Medium
26021,Berrien County,MI,41.791382,-86.742543,153938.0,0.1571392662953604,0.12992008,0.1308863,0.1717062,county_prior_months,0.76554203,property_damage,0.4314872,flood_events_prev1m,0.33806652,High
13091,Dodge County,GA,32.164369,-83.167866,19977.0,0.2233752048061169,0.7670064,0.74665195,0.81033176,tropical_events,2.318896,county_prior_months,0.59668463,property_damage,0.37514585,Low
13089,DeKalb County,GA,33.770661,-84.226343,761209.0,0.1339923925934631,0.07486875,0.059682626,0.075618155,county_prior_months,1.4341531,property_damage,0.44032732,flood_events,0.33889925,High
13087,Decatur County,GA,30.880643,-84.58389,29063.0,0.2434269361473797,0.7915418,0.80393153,0.8436833,tropical_events,2.4389079,county_prior_months,0.7296327,property_damage,0.3225299,High
13085,Dawson County,GA,34.442608,-84.173261,27355.0,0.0964338235294117,0.10290732,0.09638398,0.11176601,county_prior_months,1.1054928,property_damage,0.44923455,flood_events,0.2904848,High
13113,Fayette County,GA,33.412717,-84.493941,119259.0,0.0526645237692437,0.09539867,0.09631095,0.11021918,county_prior_months,1.1816443,storm_count,0.33518377,flood_events,0.28644517,High
13111,Fannin County,GA,34.866543,-84.317331,25436.0,0.1177006215606318,0.27340144,0.2697798,0.27786517,county_prior_months,0.9196409,flood_events,0.8094778,property_damage,0.41960317,Medium
13109,Evans County,GA,32.153083,-81.890153,10759.0,0.2124524251000293,0.1305231,0.13457349,0.15221187,county_prior_months,0.6312037,property_damage,0.3467665,county_disaster_rate,0.30969626,High
13107,Emanuel County,GA,32.5911,-82.299763,22907.0,0.2136099812622823,0.8656065,0.8403159,0.90096056,tropical_events,2.355338,county_prior_months,0.3857857,storm_count,0.21267696,Low
13123,Gilmer County,GA,34.690523,-84.454811,31519.0,0.1483829650976625,0.07476557,0.07594494,0.08051445,county_prior_months,1.2184134,property_damage,0.38317665,flood_events,0.2908532,High
13119,Franklin County,GA,34.375266,-83.227532,23480.0,0.1843469017141338,0.23111257,0.21058011,0.25617942,county_prior_months,0.61666834,flood_events,0.32058948,storm_count,0.29486647,Medium
13117,Forsyth County,GA,34.225143,-84.127408,253225.0,0.0459537251419328,0.08233668,0.08700811,0.11592747,county_prior_months,1.144208,property_damage,0.3236211,median_home_value,0.28257072,High
13115,Floyd County,GA,34.26369,-85.213685,98541.0,0.1752466957083956,0.050789665,0.05350068,0.060906973,county_prior_months,1.8208646,property_damage,0.43740267,flood_events_prev1m,0.30124676,High
13143,Haralson County,GA,33.795165,-85.220063,30178.0,0.1251255608384115,0.14275639,0.14795718,0.1572697,county_prior_months,0.72377175,property_damage,0.41510117,flood_events,0.3015509,High
13141,Hancock County,GA,33.26922,-83.000465,8588.0,0.2749786507258753,0.20863979,0.18248585,0.21307601,property_damage,0.50027204,flood_events,0.26394132,month,0.2447965,Medium
13139,Hall County,GA,34.317569,-83.8185,204953.0,0.1351283354134704,0.07661968,0.080015935,0.09249098,county_prior_months,1.2877449,property_damage,0.38090467,flood_events,0.25339976,High
13137,Habersham County,GA,34.634392,-83.525875,46326.0,0.1356342304092766,0.08259232,0.07205548,0.08834624,county_prior_months,1.1812598,property_damage,0.36747894,flood_events,0.31277645,High
48421,Sherman County,TX,36.278593,-101.899265,2414.0,0.0831932773109243,0.06271901,0.05885815,0.062043745,county_prior_months,0.8451913,county_disaster_rate,0.6731135,flood_events,0.33169615,High
45025,Chesterfield County,SC,34.637018,-80.159227,43536.0,0.2031715029761904,0.049887758,0.05644128,0.060750578,county_prior_months,1.5618272,property_damage,0.35571656,flood_events,0.29644442,High
45017,Calhoun County,SC,33.67478,-80.780347,14145.0,0.1865918572867213,0.80562645,0.813541,0.84098387,tropical_events,2.5138829,county_prior_months,0.7357463,property_damage,0.29042122,High
13135,Gwinnett County,GA,33.958756,-84.025735,957977.0,0.1012328857853851,0.1054825,0.101965055,0.12544544,county_prior_months,1.3325353,total_population,0.7895499,flood_events,0.5825365,High
13129,Gordon County,GA,34.509667,-84.873862,57785.0,0.1401931285424393,0.38141063,0.31935838,0.37864628,county_prior_months,0.8764793,property_damage,0.60386086,flood_events,0.31498897,Low
45031,Darlington County,SC,34.332185,-79.962115,63025.0,0.2022762964042287,0.07759771,0.07262601,0.07805527,county_prior_months,1.2292677,property_damage,0.34591034,flood_events,0.29634824,High
45027,Clarendon County,SC,33.664682,-80.217889,31163.0,0.1952290012396556,0.7104383,0.69371974,0.80309486,tropical_events,1.8925465,county_prior_months,0.84458804,storm_count,0.30469677,Low
37075,Graham County,NC,35.348364,-83.830915,8047.0,0.1130072051573758,0.15119621,0.1400337,0.15503442,county_prior_months,0.72216344,property_damage,0.3489717,flood_events,0.32153282,Medium
37071,Gaston County,NC,35.293344,-81.177256,228972.0,0.1242612752721617,0.056479055,0.051527716,0.06008648,county_prior_months,1.5128294,property_damage,0.2932891,flood_events,0.26774475,High
01029,Cleburne County,AL,33.671964,-85.516126,15144.0,0.1289224195486714,0.22603565,0.19628751,0.2216579,county_prior_months,0.5483067,property_damage,0.3389775,flood_events,0.3204672,Medium
18021,Clay County,IN,39.393928,-87.115858,26396.0,0.1091871279038094,0.32735196,0.30643237,0.34005463,county_prior_months,0.57596195,flood_events,0.425354,property_damage,0.32430378,Medium
18019,Clark County,IN,38.476217,-85.711122,121484.0,0.0969638755481311,0.056410562,0.05473149,0.061337113,county_prior_months,1.4824983,property_damage,0.30708647,flood_events,0.30016252,High
18007,Benton County,IN,40.600939,-87.314786,8709.0,0.1416763678696158,0.24821833,0.23940662,0.27353933,county_prior_months,0.7048173,flood_events,0.45686466,property_damage,0.3673108,Medium
18003,Allen County,IN,41.091909,-85.071791,385456.0,0.1202544341216216,0.0640271,0.06321881,0.083054766,county_prior_months,1.3546411,property_damage,0.4137627,wind_events_prev1m,0.27896333,High
17199,Williamson County,IL,37.730353,-88.930018,67120.0,0.1319868337686019,0.11649256,0.12161303,0.13475034,county_prior_months,1.6576976,property_damage_prev1m,0.45657578,property_damage,0.38784024,High
37069,Franklin County,NC,36.088241,-78.28309,69680.0,0.0970036519366997,0.2646496,0.23633097,0.2643622,county_prior_months,1.1362745,flood_events,0.6950268,storm_count,0.23155846,Medium
37047,Columbus County,NC,34.261602,-78.639308,50827.0,0.2109146075354849,0.56654906,0.45089707,0.4727521,flood_events,0.9916548,county_prior_months,0.86603934,flood_events_prev1m,0.46582687,High
01009,Blount County,AL,33.977358,-86.56644,59077.0,0.1417318789705303,0.12142864,0.10149117,0.15697432,county_prior_months,1.4447141,property_damage,0.4981476,flood_events,0.42731628,Low
51149,Prince George County,VA,37.187325,-77.220993,42634.0,0.0828067117018958,0.14086078,0.1461521,0.1548108,county_prior_months,1.1081038,month,0.65824175,property_damage,0.5437178,High
51145,Powhatan County,VA,37.549404,-77.912855,30503.0,0.0454323910318897,0.07818941,0.09934909,0.10262708,county_prior_months,1.0607697,property_damage,0.45927328,month,0.45522812,High
51143,Pittsylvania County,VA,36.821721,-79.398502,60541.0,0.1640961535212933,0.09036674,0.09820036,0.11540764,county_prior_months,1.574338,month,0.65448076,property_damage,0.5169402,High
51141,Patrick County,VA,36.667138,-80.286413,17660.0,0.1142591192041421,0.19908431,0.21619499,0.28979865,county_prior_months,1.5555949,property_damage,0.51871455,month,0.48466146,Low
51155,Pulaski County,VA,37.063385,-80.713444,33841.0,0.13143526944076,0.09980165,0.099144995,0.11541012,county_prior_months,1.239378,month,0.63340497,property_damage,0.5334191,High
37035,Catawba County,NC,35.661883,-81.214906,161011.0,0.1304452421197905,0.2294358,0.24188651,0.29585505,county_prior_months,1.1665316,month,0.61290586,property_damage,0.28547782,Low
13131,Grady County,GA,30.8759,-84.244965,26075.0,0.1979895611830659,0.59032714,0.58731127,0.6235148,month,0.7660974,county_prior_months,0.67606175,tropical_events_prev1m,0.603462,High
45037,Edgefield County,SC,33.779453,-81.959637,26181.0,0.1696581018614917,0.1715644,0.16243768,0.17838728,county_prior_months,1.0202131,month,0.5914045,property_damage,0.3565653,Medium
53019,Ferry County,WA,48.473256,-118.533589,7260.0,0.1552829662670755,0.38742915,0.29467145,0.42790994,month,0.8927968,property_damage,0.43228182,flood_events,0.25928053,Low
24510,Baltimore city,MD,39.300032,-76.610476,584548.0,0.1957179340953609,0.22775276,0.18839656,0.21306391,county_prior_months,1.2811999,flood_events,0.53230935,month,0.4631282,Medium
24047,Worcester County,MD,38.222133,-75.309931,52827.0,0.0819483581574558,0.82329494,0.8140782,0.83452487,tropical_events,2.2565534,county_prior_months,0.65202236,month,0.53181,High
25013,Hampden County,MA,42.136198,-72.635648,464575.0,0.1576755405076456,0.1657875,0.103269726,0.16334559,county_prior_months,1.5678036,flood_events,0.7305608,month,0.53014153,Low
25011,Franklin County,MA,42.584504,-72.591792,70980.0,0.1196336576989124,0.06667494,0.060628913,0.09502235,county_prior_months,1.5887142,month,0.66510785,property_damage,0.46041107,High
48443,Terrell County,TX,30.232343,-102.072513,862.0,0.0638051044083526,0.2667088,0.25874656,0.2740814,month,0.59125245,homeownership_rate,0.4151261,county_prior_months,0.40290573,Medium
48439,Tarrant County,TX,32.772119,-97.291224,2113854.0,0.1102060697969055,0.08061356,0.04677107,0.079385385,county_prior_months,1.471448,total_population,0.65803623,month,0.42954132,High
48429,Stephens County,TX,32.738052,-98.839344,9260.0,0.1665909607086077,0.26022857,0.23549877,0.26573852,month,0.48238763,property_damage,0.32709533,county_prior_months,0.30089623,Medium
24043,Washington County,MD,39.603621,-77.814671,154645.0,0.1234548573295578,0.19195329,0.15421315,0.21118845,county_prior_months,1.202424,month,0.39467296,property_damage_prev1m,0.3295616,Low
24041,Talbot County,MD,38.748349,-76.178476,37663.0,0.0930733019502353,0.09632021,0.11330599,0.12780447,county_prior_months,1.6335229,month,0.76476794,property_damage,0.40445748,High
13121,Fulton County,GA,33.790034,-84.468182,1061944.0,0.1248373819019386,0.10298084,0.1297398,0.15024705,county_prior_months,1.3466892,total_population,1.1149418,property_damage,0.91615593,High
13125,Glascock County,GA,33.227491,-82.606913,2903.0,0.1552640907479617,0.52631444,0.47293305,0.5192908,property_damage,0.5232803,flood_events,0.40488285,month,0.36384547,High
25027,Worcester County,MA,42.311693,-71.940282,858898.0,0.0998784251379407,0.03379972,0.028067749,0.038110703,county_prior_months,2.034127,flood_events,0.7187516,total_population,0.56411105,High
13103,Effingham County,GA,32.361688,-81.343355,65314.0,0.0661822557504512,0.4127385,0.39275312,0.43379968,month,0.9704598,county_prior_months,0.7597924,tropical_events_prev1m,0.612871,High
45007,Anderson County,SC,34.521235,-82.638603,204592.0,0.1427302809459788,0.2733993,0.3225015,0.42444846,county_prior_months,1.3407507,month,0.75967735,property_damage,0.2999016,Low
45045,Greenville County,SC,34.892645,-82.372077,528251.0,0.1091799673840748,0.24267256,0.2162825,0.29294488,county_prior_months,1.2756108,month,0.6925926,property_damage_prev1m,0.4654025,Low
24035,Queen Anne's County,MD,39.040693,-76.082405,50316.0,0.068584381456741,0.10929544,0.14556828,0.15455934,county_prior_months,1.6611696,month,0.78457665,property_damage,0.39122605,High
24029,Kent County,MD,39.241279,-76.125987,19289.0,0.0953212093913631,0.07326363,0.07832685,0.10394458,county_prior_months,1.7400303,month,0.5548912,property_damage,0.4001928,High
48475,Ward County,TX,31.513069,-103.105113,11347.0,0.1361694553221787,0.42419252,0.4402961,0.46969733,month,0.74117965,county_prior_months,0.32548884,property_damage,0.28628102,High
48451,Tom Green County,TX,31.398295,-100.46385,119276.0,0.1173963580007749,0.16224903,0.16672033,0.20680474,county_prior_months,0.97260267,month,0.67277825,flood_events,0.30592448,Medium
42133,York County,PA,39.921751,-76.728889,457051.0,0.0860049005387022,0.1076265,0.097279355,0.19052596,county_prior_months,1.5166926,property_damage_prev1m,0.3530966,month,0.34016964,Low
26091,Lenawee County,MI,41.896022,-84.074356,99263.0,0.1107965990288997,0.122100554,0.136067,0.15076315,county_prior_months,1.046731,month,0.75055504,county_disaster_rate,0.5723276,High
26089,Leelanau County,MI,45.146182,-86.051574,22426.0,0.0667627065232071,0.380655,0.2979738,0.35519147,flood_events,0.6296478,county_prior_months,0.52533656,month,0.48373514,Low
26083,Keweenaw County,MI,47.367297,-88.351332,2088.0,0.078214971209213,0.036777023,0.037326563,0.047749285,county_prior_months,1.132254,property_damage,0.5003519,county_disaster_rate,0.4654102,High
24013,Carroll County,MD,39.563328,-77.01533,173225.0,0.0509760684869317,0.27453062,0.28032097,0.34813258,county_prior_months,1.3490627,property_damage_prev1m,1.245711,month,0.48004198,Low
24021,Frederick County,MD,39.470177,-77.397636,273829.0,0.0616247642525134,0.14797568,0.09703112,0.17319424,county_prior_months,1.4551958,property_damage_prev1m,0.70802814,month,0.41017613,Low
45047,Greenwood County,SC,34.155796,-82.127876,69309.0,0.1734473759635546,0.2435003,0.2736658,0.28752312,county_prior_months,0.8751059,month,0.77001184,property_damage,0.33416805,Medium
13073,Columbia County,GA,33.552075,-82.249608,156921.0,0.0719293640071455,0.29691094,0.30103552,0.31481385,county_prior_months,1.1506441,month,0.85531265,tropical_events_prev1m,0.6051621,Medium
42109,Snyder County,PA,40.755412,-77.07302,39797.0,0.083702224141654,0.116355166,0.112792194,0.13015951,county_prior_months,0.9873116,month,0.638384,property_damage,0.43081188,High
42107,Schuylkill County,PA,40.703682,-76.217788,143201.0,0.1234470055551886,0.11771074,0.10605569,0.118654184,county_prior_months,1.1749792,month,0.6374281,property_damage,0.40529668,High
13157,Jackson County,GA,34.130905,-83.562557,77033.0,0.081367413650506,0.14430775,0.15854047,0.1766899,county_prior_months,0.8877921,month,0.7793124,property_damage,0.5266686,High
24017,Charles County,MD,38.472853,-77.015427,167035.0,0.0587258855059516,0.05478695,0.051878944,0.081381984,county_prior_months,1.6266768,month,0.5875367,property_damage,0.47199705,High
42103,Pike County,PA,41.325949,-75.031514,58996.0,0.1001094466105752,0.30501723,0.3375749,0.3649341,county_prior_months,0.64472145,month,0.611946,property_damage,0.33441165,Medium
42099,Perry County,PA,40.39778,-77.266328,45941.0,0.0817657165513899,0.13474336,0.12745823,0.13819125,county_prior_months,1.2531142,month,0.4941447,flood_events,0.3094428,High
42097,Northumberland County,PA,40.851524,-76.709877,91340.0,0.1239949361891401,0.13716286,0.1478062,0.17195475,county_prior_months,0.9846054,month,0.69607,property_damage,0.48856586,High
42095,Northampton County,PA,40.752791,-75.307447,314299.0,0.0919342343117844,0.05633936,0.057253357,0.07664116,county_prior_months,1.8281044,month,0.5095136,property_damage,0.2978513,High
27019,Carver County,MN,44.82132,-93.800091,107216.0,0.0378315684259163,0.12007565,0.08532849,0.114606544,county_prior_months,1.2678015,month,0.6622962,property_damage,0.33621788,High
27001,Aitkin County,MN,46.602409,-93.419694,15859.0,0.1235681832725411,0.15023233,0.15593694,0.17279793,county_prior_months,0.73221314,month,0.44167852,flood_events,0.36207283,Medium
27053,Hennepin County,MN,45.006121,-93.475228,1270787.0,0.098426508463283,0.059803452,0.05045836,0.060759407,county_prior_months,1.6826218,month,0.5759767,total_population,0.32796556,High
48495,Winkler County,TX,31.832862,-103.054925,7582.0,0.1263340448239061,0.17164785,0.15543775,0.16397005,month,0.5195113,county_disaster_rate,0.44955903,flood_events,0.3139282,Medium
48491,Williamson County,TX,30.649082,-97.605065,617396.0,0.0634077934120543,0.060500965,0.049797583,0.06680083,county_prior_months,1.3196585,month,0.45831516,property_damage,0.3072133,High
51199,York County,VA,37.220914,-76.395533,70238.0,0.0474486530517251,0.49337682,0.5023488,0.5364734,flood_events,0.6872632,county_prior_months,0.53742826,month,0.42270508,High
48407,San Jacinto County,TX,30.574388,-95.163136,27666.0,0.1737739484494856,0.17783186,0.16946799,0.19072042,county_prior_months,0.6564143,month,0.35681224,property_damage,0.3484362,Medium
48401,Rusk County,TX,32.109423,-94.756382,52755.0,0.1342371746589672,0.16179524,0.16480698,0.18072414,county_prior_months,1.1875536,month,0.60716605,property_damage,0.32643932,Medium
42089,Monroe County,PA,41.05624,-75.329065,168128.0,0.1130817853301265,0.09928431,0.10583213,0.12709996,county_prior_months,1.7582607,month,0.6667242,property_damage,0.32316208,High
42081,Lycoming County,PA,41.343882,-77.055262,114022.0,0.1247826046520279,0.22015388,0.17259502,0.22804835,county_prior_months,1.5170488,month,0.50775635,flood_events,0.42573574,Low
13049,Charlton County,GA,30.779904,-82.139644,12547.0,0.2048524477329433,0.2842946,0.28957027,0.31959945,month,0.79859865,county_prior_months,0.57019705,tropical_events_prev1m,0.54413396,Medium
13173,Lanier County,GA,31.038197,-83.063164,9964.0,0.3209647495361781,0.5816797,0.6103246,0.6869167,property_damage_prev1m,0.97316945,month,0.5543436,tropical_events_prev1m,0.52170485,Low
13169,Jones County,GA,33.021664,-83.562196,28382.0,0.1429181494661921,0.18242882,0.1794049,0.18780501,county_prior_months,0.72812265,month,0.53033626,property_damage,0.41767207,Medium
27135,Roseau County,MN,48.761068,-95.821504,15294.0,0.1038745264836844,0.08540436,0.08975856,0.094951466,county_prior_months,1.1410915,property_damage,0.37957782,flood_events,0.35429773,High
27151,Swift County,MN,45.27581,-95.690124,9806.0,0.107216922438822,0.09293083,0.09372145,0.09768097,county_prior_months,1.3665727,property_damage,0.35543773,flood_events,0.31245703,High
42061,Huntingdon County,PA,40.422311,-77.968595,44123.0,0.1129225972963994,0.12721545,0.09984289,0.12418518,county_prior_months,1.0677341,month,0.45653772,property_damage,0.32803735,High
13153,Houston County,GA,32.458147,-83.662309,164117.0,0.0974698936478837,0.092769355,0.08926113,0.09112348,county_prior_months,1.2105085,month,0.56566447,property_damage,0.39814293,High
28017,Chickasaw County,MS,33.933277,-88.947558,17024.0,0.2662140865559462,0.1377222,0.18465261,0.20529512,county_prior_months,0.6379645,property_damage,0.52359897,month,0.29220217,High
28013,Calhoun County,MS,33.936634,-89.337114,13193.0,0.1875531503672207,0.13401344,0.12548378,0.1499202,county_prior_months,0.6433802,property_damage,0.53335655,month,0.45107582,High
28009,Benton County,MS,34.809593,-89.200213,7637.0,0.1762208067940552,0.32959378,0.3140279,0.33558303,month,0.6544126,property_damage,0.304868,flood_events,0.26764086,Medium
28007,Attala County,MS,33.090468,-89.588622,17842.0,0.2356150223957735,0.070715584,0.06601004,0.085132904,county_prior_months,1.3831269,property_damage,0.34819123,flood_events,0.320815,High
28003,Alcorn County,MS,34.886569,-88.581109,34717.0,0.1712047302291204,0.17373726,0.18054152,0.20574352,county_prior_months,0.91530573,month,0.64944744,property_damage,0.4233035,Medium
27171,Wright County,MN,45.175091,-93.966396,142543.0,0.0479294967084306,0.11961307,0.10902054,0.11320298,county_prior_months,1.3766078,month,0.45187545,flood_events,0.32715988,High
45059,Laurens County,SC,34.483676,-82.005498,67456.0,0.1883906794091027,0.10313945,0.124648675,0.12884845,county_prior_months,1.4496595,month,0.6292128,property_damage,0.33994114,High
51510,Alexandria city,VA,38.819251,-77.08367,157594.0,0.0882464230056372,0.4626961,0.41608137,0.4717852,flood_events_prev1m,0.8118808,county_prior_months,0.70989263,flood_events,0.40685543,Low
48379,Rains County,TX,32.870457,-95.795613,12257.0,0.1099334483608577,0.38259417,0.37231374,0.41677305,month,0.5095786,property_damage,0.36397824,flood_events,0.28290716,Medium
48375,Potter County,TX,35.398675,-101.893804,117905.0,0.2070804258686425,0.06729437,0.07369171,0.08636358,county_prior_months,1.5736207,month,0.727437,county_disaster_rate,0.4668614,High
48367,Parker County,TX,32.777096,-97.805905,151188.0,0.0791241385326703,0.10804543,0.10049475,0.11421413,county_prior_months,1.0987294,month,0.5593506,property_damage,0.3925628,High
48359,Oldham County,TX,35.401921,-102.59762,2171.0,0.1717062634989201,0.06340214,0.075232275,0.07903615,county_prior_months,1.1877384,month,0.5802019,county_disaster_rate,0.48722485,High
13027,Brooks County,GA,30.822934,-83.581905,16275.0,0.2653225806451613,0.6569629,0.6908513,0.7138788,property_damage_prev1m,1.2141207,month,0.6223928,county_prior_months,0.61783683,High
13025,Brantley County,GA,31.197334,-81.982978,18105.0,0.1631075519964409,0.39482862,0.46434376,0.497058,month,0.80584764,county_prior_months,0.6506832,tropical_events_prev1m,0.59620064,Medium
13021,Bibb County,GA,32.808845,-83.694194,156554.0,0.2506208760844524,0.16736768,0.16229294,0.17994295,county_prior_months,1.0074636,month,0.7504787,property_damage,0.48726696,Medium
55045,Green County,WI,42.675522,-89.605074,37066.0,0.0661986507980036,0.07216458,0.06768093,0.08041163,county_prior_months,1.5317112,month,0.3994924,property_damage,0.35829005,High
28047,Harrison County,MS,30.416536,-89.083376,208748.0,0.1838235294117647,0.11841008,0.10616271,0.11701892,county_prior_months,1.0617743,month,0.5634896,property_damage,0.3795546,High
28043,Grenada County,MS,33.770031,-89.80274,21474.0,0.2221006564551422,0.09196262,0.073427394,0.0922966,county_prior_months,1.3048298,property_damage,0.4034787,month,0.38563216,High
22117,Washington Parish,LA,30.852144,-90.046253,45514.0,0.2354798124213656,0.12543355,0.11661403,0.12918766,county_prior_months,0.92584145,property_damage,0.4426185,month,0.44031143,High
22109,Terrebonne Parish,LA,29.33413,-90.843674,108862.0,0.1635401994347173,0.18942864,0.1668538,0.18851815,county_prior_months,0.5909855,month,0.3674981,flood_events,0.29235896,Medium
22105,Tangipahoa Parish,LA,30.621348,-90.40649,133953.0,0.1921803234397313,0.2744837,0.26441956,0.28368396,county_prior_months,0.7789554,month,0.5514668,flood_events,0.4722911,Medium
22103,St. Tammany Parish,LA,30.410022,-89.951962,266168.0,0.1165587770483831,0.3087594,0.26365334,0.27217996,county_prior_months,1.318687,flood_events,0.7947919,month,0.48192212,Medium
22099,St. Martin Parish,LA,30.121433,-91.611481,51856.0,0.1756446210173716,0.13363239,0.11630051,0.15502416,county_prior_months,0.60962653,property_damage,0.34967244,flood_events,0.2928604,High
22097,St. Landry Parish,LA,30.583441,-91.989274,82574.0,0.2749308846761453,0.06290931,0.0798851,0.09509522,county_prior_months,1.1863683,property_damage,0.35172427,flood_events,0.3386585,High
45065,McCormick County,SC,33.897599,-82.316196,9612.0,0.1668410649924427,0.1612021,0.15242228,0.15599084,county_prior_months,0.99192595,month,0.46808666,flood_events,0.37047654,Medium
28071,Lafayette County,MS,34.353078,-89.485385,56172.0,0.1963902189119426,0.19413157,0.17265992,0.23472899,county_prior_months,0.94830483,month,0.4430909,flood_events,0.32532144,Low
28069,Kemper County,MS,32.750136,-88.625631,8980.0,0.2202403071968289,0.08960354,0.09780692,0.11036396,county_prior_months,1.1950977,month,0.4776898,property_damage,0.36193147,High
28063,Jefferson County,MS,31.733633,-91.043878,7207.0,0.3178306092124814,0.08513803,0.09215813,0.11130196,county_prior_months,1.0490148,property_damage,0.34430048,flood_events,0.335131,High
28051,Holmes County,MS,33.125942,-90.091197,16848.0,0.3498312710911136,0.089980915,0.09056277,0.11330251,county_prior_months,1.0426779,flood_events,0.3331713,county_prior_disasters,0.21682169,High
49007,Carbon County,UT,39.673284,-110.588484,20338.0,0.1660575719649561,0.6081603,0.5864138,0.6146711,month,1.0274293,county_prior_months,0.7617143,property_damage,0.30012748,High
45071,Newberry County,SC,34.289881,-81.599676,37918.0,0.1554300987290678,0.12391357,0.120479435,0.13584076,county_prior_months,1.527987,month,0.41268912,property_damage,0.34103507,High
22095,St. John the Baptist Parish,LA,30.144068,-90.49096,41986.0,0.1405462741978255,0.13823836,0.12299621,0.1539452,county_prior_months,0.57543665,property_damage,0.51759773,flood_events,0.27599618,High
22089,St. Charles Parish,LA,29.905722,-90.357855,52191.0,0.1018155720215696,0.14816298,0.15579973,0.17212407,county_prior_months,0.7804075,month,0.3413563,flood_events,0.32945007,High
22081,Red River Parish,LA,32.101213,-93.34905,7631.0,0.2476269087907552,0.16113894,0.1787364,0.1842998,county_prior_months,0.71207327,property_damage,0.37325755,month,0.3313618,Medium
13011,Banks County,GA,34.351922,-83.498441,18381.0,0.1317702355577417,0.18826994,0.22205192,0.23408277,county_prior_months,0.7835995,month,0.6573522,property_damage,0.5445107,Medium
42043,Dauphin County,PA,40.412565,-76.792634,286108.0,0.1217281300859232,0.11240959,0.09708544,0.120712236,county_prior_months,1.3602839,month,0.6610889,property_damage,0.4113723,High
42041,Cumberland County,PA,40.164805,-77.263442,261269.0,0.0774047106445084,0.1193509,0.13562196,0.1494903,county_prior_months,1.3838694,month,0.7826503,property_damage,0.4115678,High
28093,Marshall County,MS,34.76619,-89.504231,33980.0,0.1951319611062003,0.2077816,0.1734081,0.22102526,county_prior_months,0.8502844,month,0.62909186,property_damage,0.33337736,Medium
28091,Marion County,MS,31.230167,-89.821712,24362.0,0.2281799225498957,0.05683415,0.06276907,0.07840341,county_prior_months,1.4603608,property_damage,0.3215229,flood_events,0.31853855,High
12117,Seminole County,FL,28.690065,-81.131975,471321.0,0.0960351931808924,0.2671169,0.2681209,0.2796455,county_prior_months,0.70116776,tropical_events_prev1m,0.5688889,month,0.5262558,Medium
22067,Morehouse Parish,LA,32.820008,-91.800399,25438.0,0.2880140196438032,0.10440681,0.10976271,0.12012335,county_prior_months,1.0491806,flood_events,0.3170084,month,0.28707105,High
22063,Livingston Parish,LA,30.440419,-90.727474,143425.0,0.1160676592271537,0.11195888,0.112176254,0.12048206,county_prior_months,1.0134647,month,0.54525405,property_damage,0.4607709,High
22051,Jefferson Parish,LA,29.5033,-90.036231,436171.0,0.1547674362157326,0.13146856,0.11273169,0.123181276,county_prior_months,1.1233718,month,0.4466342,flood_events,0.2919623,High
22047,Iberville Parish,LA,30.270653,-91.365872,30210.0,0.1683204569587345,0.30141455,0.2656774,0.324874,property_damage,0.42577693,county_disaster_rate,0.3289966,month,0.32123828,Low
22045,Iberia Parish,LA,29.606013,-91.842706,69958.0,0.2310388274993121,0.15813431,0.15300916,0.17611736,county_prior_months,0.6406934,month,0.48102406,property_damage,0.33346176,Medium
12127,Volusia County,FL,29.057769,-81.161792,558520.0,0.1218886044592764,0.7827756,0.69889665,0.762036,tropical_events_prev1m,0.83940566,county_prior_months,0.7929025,flood_events,0.77192265,Low
28115,Pontotoc County,MS,34.227081,-89.037239,31202.0,0.1670115091167722,0.20303121,0.23510417,0.2658207,county_prior_months,0.91714996,month,0.54582167,property_damage,0.4211218,Medium
28105,Oktibbeha County,MS,33.422313,-88.876151,51388.0,0.2847942056642234,0.38626146,0.2930457,0.38893962,county_prior_months,1.0662429,property_damage,0.60793287,month,0.40684536,Low
28099,Neshoba County,MS,32.752518,-89.119274,28970.0,0.2799703735054492,0.041914836,0.04425253,0.04982322,county_prior_months,1.7012135,property_damage,0.4872353,month,0.35666046,High
28097,Montgomery County,MS,33.500714,-89.639625,9803.0,0.2419254658385093,0.09355781,0.10493144,0.12431899,county_prior_months,0.9934451,flood_events,0.36451373,property_damage,0.25324747,High
42027,Centre County,PA,40.909322,-77.847667,158665.0,0.1703966606076717,0.124506496,0.12782204,0.16473325,county_prior_months,1.3461981,month,0.6665534,property_damage,0.33967614,High
28145,Union County,MS,34.489533,-89.002339,27880.0,0.1231731258634479,0.13028869,0.119610414,0.14186597,county_prior_months,1.0508845,month,0.400621,flood_events,0.33338812,High
28137,Tate County,MS,34.649553,-89.943105,28094.0,0.1667369066319298,0.20556855,0.21149103,0.23419608,county_prior_months,0.67013156,month,0.5894263,property_damage,0.35826996,Medium
22007,Assumption Parish,LA,29.9033,-91.065219,21067.0,0.1602867383512544,0.42980766,0.4502131,0.484927,month,0.567873,property_damage,0.4907859,county_prior_months,0.42586836,High
22005,Ascension Parish,LA,30.206444,-90.912502,126973.0,0.0989739391675475,0.33019587,0.28977957,0.29312694,month,0.5413689,property_damage,0.40753305,county_prior_months,0.2638222,Medium
22031,De Soto Parish,LA,32.059248,-93.740797,26821.0,0.2021868189674607,0.17300853,0.17313218,0.19209158,county_prior_months,1.043749,month,0.5860287,property_damage,0.36864942,Medium
22025,Catahoula Parish,LA,31.666517,-91.846703,8895.0,0.2465122400631745,0.06478795,0.07133696,0.08042151,county_prior_months,1.0935097,flood_events,0.34929037,property_damage,0.28738114,High
22023,Cameron Parish,LA,29.871812,-93.164948,5447.0,0.1236598890942698,0.053411454,0.056854498,0.06262046,county_prior_months,1.0360569,property_damage,0.4597228,flood_events,0.40370244,High
29009,Barry County,MO,36.699376,-93.834334,34701.0,0.1848714953271028,0.039310426,0.060578577,0.06371364,county_prior_months,2.0030544,county_prior_disasters,0.46286333,property_damage,0.38398314,High
29019,Boone County,MO,38.989861,-92.310202,184043.0,0.1780285886161162,0.09877191,0.12632874,0.1394537,county_prior_months,1.759639,county_disaster_rate,0.34136817,county_prior_disasters,0.32111531,High
29015,Benton County,MO,38.301036,-93.287942,19616.0,0.1753498218619301,0.10614097,0.12097369,0.12615496,county_prior_months,1.5442976,property_damage,0.3444893,flood_events_prev1m,0.31409788,High
13229,Pierce County,GA,31.353998,-82.21037,19822.0,0.1525907792737658,0.45190963,0.46580487,0.5059456,month,0.7364993,tropical_events_prev1m,0.56231666,county_prior_months,0.4978344,High
45087,Union County,SC,34.690397,-81.615896,27158.0,0.2104632886759973,0.12845878,0.13376796,0.13848226,county_prior_months,1.011182,month,0.55697894,property_damage,0.5234277,High
45081,Saluda County,SC,34.005278,-81.727903,18952.0,0.178941742383752,0.16320653,0.1600399,0.18952411,county_prior_months,1.0514556,month,0.46885827,property_damage,0.36844024,Medium
22017,Caddo Parish,LA,32.580106,-93.88497,236259.0,0.2194165871600823,0.043009147,0.048748,0.050327383,county_prior_months,1.5162429,wind_events_prev3m,0.4639908,month,0.37396336,High
22015,Bossier Parish,LA,32.698481,-93.626561,128877.0,0.1666218630908142,0.075595304,0.07434976,0.08091076,county_prior_months,1.7178072,month,0.41707602,property_damage,0.3071675,High
22013,Bienville Parish,LA,32.340952,-93.041151,12958.0,0.3108086722582687,0.091508545,0.0923518,0.10487762,county_prior_months,1.133785,month,0.48805082,property_damage,0.39407718,High
22011,Beauregard Parish,LA,30.645018,-93.340253,36553.0,0.1331489088216391,0.124107756,0.1447691,0.14837192,county_prior_months,1.2229512,month,0.46176976,property_damage,0.40057734,High
42003,Allegheny County,PA,40.469757,-79.980451,1245310.0,0.1110432722811365,0.11867401,0.0949165,0.15355714,county_prior_months,1.5280596,total_population,0.45303494,flood_events,0.39612848,Low
42001,Adams County,PA,39.869471,-77.21773,104604.0,0.07890299989026,0.095164105,0.12154065,0.1580644,county_prior_months,1.5674123,month,0.69497764,property_damage,0.4514657,High
29047,Clay County,MO,39.315551,-94.421502,253085.0,0.0825615189307443,0.07146449,0.066981085,0.08415178,county_prior_months,1.3490056,month,0.37441415,property_damage,0.29947785,High
29043,Christian County,MO,36.969739,-93.187614,89568.0,0.0866778746883004,0.04335156,0.05658064,0.08430433,county_prior_months,1.7246118,property_damage,0.38010755,county_prior_disasters,0.339893,High
29037,Cass County,MO,38.646474,-94.354547,108205.0,0.0695853870687155,0.081034765,0.07445514,0.09125705,county_prior_months,1.3576071,month,0.5016489,property_damage,0.32832384,High
22003,Allen Parish,LA,30.652744,-92.819605,22798.0,0.1957794777103666,0.161782,0.15198864,0.17211723,county_prior_months,0.7086628,property_damage,0.46944705,month,0.33066338,Medium
22001,Acadia Parish,LA,30.291497,-92.411037,57674.0,0.2372256984224905,0.24473034,0.2545638,0.26661718,county_prior_months,0.6017612,month,0.36462018,property_damage,0.34816295,Medium
48357,Ochiltree County,TX,36.278744,-100.815864,9924.0,0.1221622722182632,0.1515665,0.1509414,0.28463203,county_prior_months,0.85678726,flood_events,0.78574014,county_disaster_rate,0.5505819,Low
48339,Montgomery County,TX,30.298801,-95.50295,629989.0,0.0881501436380098,0.13093309,0.11572755,0.14672741,county_prior_months,1.0613424,month,0.51994807,property_damage,0.3277984,High
29067,Douglas County,MO,36.946517,-92.515892,11803.0,0.1962280325760823,0.03557304,0.0505342,0.06935881,county_prior_months,1.7701584,property_damage,0.5017081,flood_events,0.3355959,High
29057,Dade County,MO,37.43235,-93.854878,7598.0,0.1703873050026896,0.08362446,0.095678344,0.1738528,county_prior_months,1.1478318,property_damage,0.401163,county_prior_disasters,0.38538343,Low
49023,Juab County,UT,39.71412,-112.790471,11943.0,0.0856245756958588,0.6329196,0.64681864,0.67923445,month,1.1058149,county_prior_months,0.8194501,county_disaster_rate,0.49772367,High
49017,Garfield County,UT,37.831663,-111.450907,5121.0,0.1590863149383464,0.12447684,0.100878045,0.13539438,county_disaster_rate,1.1677539,property_damage,0.5515022,flood_events,0.4305085,High
29085,Hickory County,MO,37.93691,-93.322988,8452.0,0.1757081132981277,0.061806925,0.07688193,0.10055376,county_prior_months,1.2051737,property_damage,0.471298,flood_events,0.38806424,High
29083,Henry County,MO,38.386491,-93.792628,22064.0,0.15036866359447,0.09514163,0.1044895,0.11006402,county_prior_months,1.1267486,month,0.42196175,property_damage,0.3740086,High
29077,Greene County,MO,37.258196,-93.340641,299188.0,0.1458636586289434,0.12953316,0.13548839,0.15017284,county_prior_months,1.4806135,property_damage,0.60757595,total_population,0.3731922,High
40153,Woodward County,OK,36.425619,-99.273661,20411.0,0.1496503496503496,0.09698677,0.1171579,0.13304885,county_prior_months,1.2756846,property_damage,0.50280297,month,0.3101894,High
29101,Johnson County,MO,38.741528,-93.811863,54025.0,0.1231894276677612,0.083756536,0.08524652,0.09462311,county_prior_months,1.3310367,month,0.49227366,property_damage,0.34492418,High
29099,Jefferson County,MO,38.25763,-90.543681,226984.0,0.0827326898717239,0.07027255,0.08846168,0.11052603,county_prior_months,1.5219078,property_damage,0.46262547,county_prior_disasters,0.37335724,High
29097,Jasper County,MO,37.205197,-94.337259,122788.0,0.184828536563094,0.04279347,0.05429887,0.06771217,county_prior_months,1.7243706,property_damage,0.37353185,county_prior_disasters,0.36244637,High
13245,Richmond County,GA,33.361486,-82.074998,206153.0,0.207190382888399,0.3750125,0.31064546,0.41204616,month,0.922173,county_prior_months,0.8785245,tropical_events_prev1m,0.6315614,Low
29109,Lawrence County,MO,37.10659,-93.830551,38231.0,0.1465121247729943,0.05578307,0.08426317,0.10357218,county_prior_months,1.8850734,property_damage,0.33220908,county_prior_disasters,0.31275597,High
40133,Seminole County,OK,35.158366,-96.602857,23592.0,0.2262463278817906,0.16767235,0.14875871,0.20127837,county_disaster_rate,0.32672906,property_damage,0.2977814,county_prior_months,0.27043176,Low
29131,Miller County,MO,38.21668,-92.429876,24855.0,0.1596762325239146,0.09508686,0.123873234,0.15080002,county_prior_months,1.4884293,county_prior_disasters,0.5712997,property_damage,0.37765378,High
29125,Maries County,MO,38.162615,-91.923601,8454.0,0.174415832141154,0.1246313,0.15545574,0.20400196,county_prior_months,1.1013172,flood_events,0.35869423,county_disaster_rate,0.3253904,High
54003,Berkeley County,WV,39.447938,-78.037754,123283.0,0.1093873322809786,0.11344937,0.119747564,0.12890796,county_prior_months,1.7213625,month,0.5246438,property_damage,0.49540552,High
13223,Paulding County,GA,33.92103,-84.867169,169898.0,0.0669401333001858,0.09416056,0.11977118,0.12890539,county_prior_months,0.8798872,month,0.61690164,wind_events_prev3m,0.42653322,High
13255,Spalding County,GA,33.262348,-84.284905,67415.0,0.1878386149701867,0.14607584,0.13942891,0.17672758,month,0.6200055,county_prior_months,0.6192705,property_damage,0.5112931,High
40111,Okmulgee County,OK,35.6435,-95.965947,36900.0,0.1801059280029456,0.1756141,0.17656167,0.2199342,county_prior_months,1.1967638,flood_events,0.90381175,county_prior_disasters,0.39571694,Medium
40109,Oklahoma County,OK,35.554611,-97.409401,795822.0,0.1580362638489946,0.032480013,0.03000595,0.039835885,county_prior_months,1.8452675,county_prior_disasters,0.28663692,property_damage,0.28055352,High
29153,Ozark County,MO,36.64959,-92.458549,8688.0,0.2247177935528919,0.057344075,0.09269723,0.10401954,county_prior_months,1.9672666,property_damage,0.3884971,county_prior_disasters,0.31235567,High
29145,Newton County,MO,36.908371,-94.335034,59019.0,0.1489972337482711,0.04700087,0.067136556,0.09137891,county_prior_months,2.0440164,county_prior_disasters,0.39046398,flood_events_prev1m,0.35623655,High
29141,Morgan County,MO,38.420806,-92.874835,21169.0,0.197173587999807,0.10952878,0.09986932,0.120486304,county_prior_months,1.4649732,flood_events_prev1m,0.48093837,property_damage,0.33499998,High
40107,Okfuskee County,OK,35.466804,-96.327762,11349.0,0.2667832507529389,0.17357877,0.13537227,0.18774575,county_prior_months,1.01446,property_damage,0.558061,flood_events,0.40820363,Low
40097,Mayes County,OK,36.303804,-95.235638,39324.0,0.170543236677521,0.0474967,0.05281941,0.086821616,county_prior_months,1.6190898,county_prior_disasters,0.35149434,property_damage,0.3160844,High
40091,McIntosh County,OK,35.369108,-95.671787,19159.0,0.2213931674039332,0.13982973,0.14747846,0.15520598,county_prior_months,1.0487154,flood_events,0.4641297,property_damage,0.39919212,High
40089,McCurtain County,OK,34.117073,-94.766086,31003.0,0.2110352487667831,0.17460771,0.18268953,0.18485343,county_prior_months,1.0751481,month,0.47937986,property_damage,0.34530032,Medium
40087,McClain County,OK,35.016436,-97.449803,42393.0,0.0709046454767726,0.10929113,0.13044977,0.1315223,county_prior_months,1.1894459,property_damage,0.37084684,flood_events,0.3196627,High
29167,Polk County,MO,37.616761,-93.400817,31877.0,0.171602500822639,0.03831562,0.04992186,0.06547685,county_prior_months,1.7532376,property_damage,0.4016595,flood_events,0.35020816,High
48315,Marion County,TX,32.798182,-94.356853,9668.0,0.1570308416100365,0.20958166,0.2136139,0.22771566,county_prior_months,0.5971982,month,0.48409528,property_damage,0.35182714,Medium
48309,McLennan County,TX,31.549596,-97.201511,261090.0,0.1788032211768458,0.16648786,0.1618758,0.16507928,county_prior_months,0.95399946,month,0.65746975,flood_events,0.29735363,Medium
13271,Telfair County,GA,31.913641,-82.931063,12619.0,0.3134238913304035,0.4652035,0.5153937,0.5754726,month,0.65920067,tropical_events_prev3m,0.6589041,county_prior_months,0.64683294,Low
21163,Meade County,KY,37.967476,-86.200863,29964.0,0.1328302142204473,0.20606808,0.20851879,0.22389263,county_prior_months,0.72166663,month,0.5486228,property_damage,0.36108014,Medium
21145,McCracken County,KY,37.054111,-88.712454,67573.0,0.1517165340059508,0.05615749,0.0562757,0.06860257,county_prior_months,1.6432896,property_damage,0.50362474,month,0.4460111,High
29161,Phelps County,MO,37.866326,-91.790349,44843.0,0.1766386554621848,0.048026327,0.047456104,0.061876867,county_prior_months,1.3987448,property_damage,0.37285867,flood_events,0.3279535,High
29189,St. Louis County,MO,38.640688,-90.446073,999703.0,0.0961678458958733,0.047052514,0.0512657,0.05761046,county_prior_months,1.919226,property_damage,0.33486402,county_prior_disasters,0.28517157,High
29187,St. Francois County,MO,37.810707,-90.473868,66814.0,0.1761784566970432,0.23900372,0.24881366,0.25968415,county_prior_months,0.9182343,flood_events_prev1m,0.44364655,flood_events,0.29601297,Medium
29185,St. Clair County,MO,38.04223,-93.77656,9330.0,0.1573960539516219,0.07895225,0.08899573,0.10009402,county_prior_months,1.2059104,flood_events,0.3737184,property_damage,0.3730997,High
40081,Lincoln County,OK,35.703117,-96.881392,33734.0,0.1427668982943777,0.12862772,0.118584625,0.122743666,county_prior_months,1.0329274,flood_events,0.3840239,storm_count,0.27127922,High
40075,Kiowa County,OK,34.921489,-98.981617,8446.0,0.2316438853272045,0.070634216,0.0760704,0.105617784,county_prior_months,1.4052023,property_damage,0.41139835,flood_events,0.33687437,High
29219,Warren County,MO,38.761902,-91.159306,35729.0,0.1020130036058033,0.16460276,0.14326645,0.15619488,county_prior_months,1.0275267,month,0.5518129,property_damage,0.49311674,Medium
29215,Texas County,MO,37.314257,-91.964478,24828.0,0.1997435897435897,0.03391881,0.046634547,0.056686834,county_prior_months,1.5473864,property_damage,0.4184951,flood_events,0.3465723,High
40063,Hughes County,OK,35.052934,-96.251183,13409.0,0.2084067455323433,0.27623895,0.29067445,0.3023378,county_prior_months,0.5052155,flood_events,0.34590104,storm_count,0.21316378,Medium
48295,Lipscomb County,TX,36.2802,-100.272683,3038.0,0.1378961564396493,0.24477158,0.2241285,0.24852395,county_prior_months,0.8654164,flood_events,0.5189494,county_disaster_rate,0.48634985,Medium
51830,Williamsburg city,VA,37.269481,-76.708193,15486.0,0.1365133126352432,0.5251222,0.4967217,0.5275864,flood_events,0.7564286,county_prior_months,0.46376514,property_damage,0.3466549,High
46039,Deuel County,SD,44.75629,-96.690239,4298.0,0.0575336005659042,0.06843454,0.0514442,0.06135702,county_prior_months,1.4097639,property_damage,0.36814135,flood_events,0.32875112,High
12069,Lake County,FL,28.764113,-81.712282,386829.0,0.0968128752196008,0.39639524,0.33079916,0.3791448,county_prior_months,0.6945293,tropical_events_prev1m,0.6707757,month,0.66862607,Medium
12079,Madison County,FL,30.447233,-83.470416,17986.0,0.2244669609001056,0.5252189,0.28340623,0.5089143,property_damage_prev1m,1.27937,county_prior_months,1.1559618,tropical_events_prev1m,0.4594945,Low
29229,Wright County,MO,37.267633,-92.479989,18475.0,0.2036472479352585,0.036783706,0.040218968,0.052590277,county_prior_months,1.6357003,property_damage,0.43424746,flood_events,0.33498943,High
40041,Delaware County,OK,36.393437,-94.808189,40791.0,0.1904512851165571,0.20429079,0.16574623,0.21431886,county_prior_months,1.0101893,property_damage,0.6927923,flood_events,0.3403187,Medium
40033,Cotton County,OK,34.290676,-98.373438,5537.0,0.217768747691171,0.16129906,0.15636232,0.16812624,county_prior_months,0.68258375,property_damage,0.3274599,flood_events,0.29657233,Medium
49037,San Juan County,UT,37.602633,-109.791574,14524.0,0.206511039234988,0.19373035,0.17530563,0.2025711,county_prior_months,1.4256113,flood_events,0.53765404,month,0.43367803,Medium
49025,Kane County,UT,37.275089,-111.815329,7814.0,0.1291771232333905,0.6139107,0.5795473,0.59604716,flood_events,0.65569913,flood_events_prev1m,0.4239645,county_prior_months,0.39295524,High
21059,Daviess County,KY,37.731671,-87.087139,102916.0,0.1397755997162525,0.061794892,0.07177103,0.08479431,county_prior_months,1.6924086,month,0.54555535,property_damage,0.49714133,High
13289,Twiggs County,GA,32.665847,-83.425879,7955.0,0.1565239486723415,0.12642397,0.124777906,0.19363482,county_prior_months,0.65225023,flood_events,0.34624374,property_damage,0.33481464,Low
12039,Gadsden County,FL,30.578687,-84.612607,43746.0,0.2554771267371712,0.2953167,0.23059545,0.26815632,county_prior_months,0.949054,tropical_events_prev1m,0.5706051,month,0.55673385,Medium
12021,Collier County,FL,26.118786,-81.400955,380221.0,0.1039200741470565,0.5118898,0.5628426,0.60091317,county_prior_months,0.99639213,tropical_events_prev3m,0.7923257,tropical_events_prev1m,0.6297817,High
48279,Lamb County,TX,34.068861,-102.348018,13024.0,0.1744940220364148,0.07640555,0.08504141,0.1059495,county_prior_months,1.531192,month,0.6286861,property_damage,0.377433,High
48271,Kinney County,TX,29.347086,-100.4177,3157.0,0.1562287270251872,0.33882236,0.32895488,0.34005487,month,0.41630006,property_damage,0.32275802,flood_events,0.25371826,Medium
48269,King County,TX,33.614268,-100.245345,216.0,0.2777777777777778,0.14472108,0.11827009,0.16244335,county_prior_months,0.60376817,month,0.5211121,property_damage,0.3669695,High
49055,Wayne County,UT,38.259856,-110.990872,2532.0,0.0846307385229541,0.117994815,0.13043898,0.16231206,county_disaster_rate,1.0370127,property_damage,0.5618758,flood_events,0.48797655,High
21027,Breckinridge County,KY,37.777988,-86.432919,20528.0,0.2351830692036365,0.09781226,0.10374851,0.11148916,county_prior_months,1.1689378,property_damage,0.35216212,flood_events,0.34830087,High
21013,Bell County,KY,36.728928,-83.680718,24248.0,0.2629374813042178,0.30637413,0.31149563,0.35029957,county_prior_months,1.1749998,flood_events,0.89300543,property_damage,0.3650624,Medium
21047,Christian County,KY,36.892059,-87.492986,72766.0,0.1673773033573856,0.2206479,0.23334303,0.24573547,county_prior_months,1.63622,flood_events,0.7063241,deaths_prev1m,0.2663017,Medium
09003,09003,09,41.6,-72.7,,,0.09641893,0.060808916,0.1070946,county_prior_months,1.8966404,flood_events,0.7642722,total_population,0.5821876,High
10001,Kent County,DE,39.097088,-75.502982,182400.0,0.1232889079480437,0.25813693,0.26552963,0.3155069,county_prior_months,1.4833634,month,0.76508594,flood_events,0.50696975,Medium
09013,09013,09,41.6,-72.7,,,0.093573265,0.09569713,0.10094739,county_prior_months,1.119625,month,0.5747016,property_damage,0.39800966,High
51183,Sussex County,VA,36.926645,-77.259732,10866.0,0.1274196979366092,0.14602403,0.15015264,0.15302296,county_prior_months,1.0607263,property_damage,0.39107057,month,0.3733746,High
13319,Wilkinson County,GA,32.804266,-83.175512,8852.0,0.2182069283001496,0.15677266,0.15572862,0.16658598,county_prior_months,0.68038386,property_damage,0.5061781,month,0.3757171,Medium
51550,Chesapeake city,VA,36.679376,-76.301788,249377.0,0.076371133683233,0.6127312,0.53513944,0.63625455,tropical_events,1.4970183,county_prior_months,0.65124345,month,0.5340932,Low
48265,Kerr County,TX,30.059953,-99.353339,52810.0,0.1253847812873752,0.21548411,0.19622713,0.21329191,month,0.6377454,county_prior_months,0.48460916,property_damage,0.311405,Medium
20201,Washington County,KS,39.776714,-97.095611,5529.0,0.0992803100202989,0.15808038,0.16303009,0.17386255,county_prior_months,1.0812049,property_damage,0.36577734,month,0.36340755,Medium
20209,Wyandotte County,KS,39.115384,-94.763087,167989.0,0.1683600906373541,0.10774535,0.10611808,0.116914034,county_prior_months,1.0542499,month,0.4594075,flood_events,0.3172171,High
20203,Wichita County,KS,38.481922,-101.347434,2131.0,0.1494307400379506,0.11597183,0.11856159,0.14244659,county_prior_months,1.0102044,month,0.39929584,property_damage,0.3650156,High
13295,Walker County,GA,34.735802,-85.305456,68065.0,0.1372838464782792,0.15838704,0.15720238,0.16349791,county_prior_months,0.96669096,month,0.7261972,property_damage,0.48180738,Medium
54017,Doddridge County,WV,39.264307,-80.711498,7847.0,0.1442962962962962,0.26685664,0.23928837,0.25901935,county_prior_months,0.576295,property_damage,0.54114956,flood_events,0.52677995,Medium
39097,Madison County,OH,39.89661,-83.400887,43961.0,0.102202620710753,0.13152848,0.12571874,0.13873944,county_prior_months,1.1160762,month,0.5181771,property_damage,0.5062221,High
31063,Frontier County,NE,40.530947,-100.406683,2491.0,0.123741610738255,0.09224576,0.092746876,0.10739852,county_prior_months,1.1469818,property_damage,0.36250728,flood_events,0.34995672,High
20197,Wabaunsee County,KS,38.955154,-96.201262,6922.0,0.059265811587793,0.11174936,0.10710948,0.11932016,county_prior_months,1.1751913,property_damage,0.38941026,month,0.37273473,High
48251,Johnson County,TX,32.379654,-97.364906,182690.0,0.1060370698246727,0.097455435,0.074666485,0.09461748,county_prior_months,1.0705955,month,0.5539889,flood_events,0.33827662,High
51181,Surry County,VA,37.119761,-76.880172,6546.0,0.1334970078256866,0.14547583,0.1350918,0.14811708,county_prior_months,1.0191696,month,0.42802757,property_damage,0.40662304,High
54019,Fayette County,WV,38.030948,-81.08607,40545.0,0.2151265676694621,0.13146006,0.13270289,0.17066157,county_prior_months,0.7109095,property_damage,0.5349297,month,0.46138352,High
51025,Brunswick County,VA,36.764204,-77.861483,15965.0,0.1716669105810039,0.22622189,0.22404516,0.25597936,county_prior_months,0.9896721,month,0.44641665,property_damage,0.35538134,Medium
48241,Jasper County,TX,30.752932,-94.022294,33032.0,0.228386167146974,0.08634029,0.096596405,0.10138593,county_prior_months,1.0602055,property_damage,0.5535203,month,0.49822196,High
48235,Irion County,TX,31.303424,-100.981304,1561.0,0.0743113388853299,0.11494126,0.122903496,0.13240105,month,0.4867896,county_disaster_rate,0.433809,homeownership_rate,0.39956114,High
48231,Hunt County,TX,33.123308,-96.08423,101596.0,0.1224262321660181,0.12560046,0.11900962,0.12608898,county_prior_months,1.0502188,month,0.63206977,property_damage,0.45562354,High
51013,Arlington County,VA,38.878337,-77.100703,235845.0,0.0666915788298155,0.1508324,0.14721066,0.20192115,county_prior_months,1.3033042,month,0.4343875,flood_events,0.39980727,Low
51011,Appomattox County,VA,37.370725,-78.81094,16253.0,0.1377197326070809,0.16555062,0.16491295,0.17830332,county_prior_months,1.0425979,month,0.6022412,property_damage,0.5283503,Medium
06113,Yolo County,CA,38.679609,-121.90275,217141.0,0.1742173077198288,0.46243632,0.4752038,0.49461693,month,0.64806896,median_home_value,0.3575199,property_damage,0.25201574,High
54101,Webster County,WV,38.483459,-80.449052,8362.0,0.1783601014370245,0.35649362,0.32851028,0.33806342,property_damage,0.5389644,flood_events,0.32104602,county_prior_months,0.29774043,Medium
98006,98006,98,39.5,-98.35,,,0.07129682,0.07088445,0.09857606,county_disaster_rate,1.0823985,total_population,0.6859268,month,0.5940342,High
20149,Pottawatomie County,KS,39.382187,-96.337113,25482.0,0.0724891525018908,0.1068484,0.107224636,0.12079135,county_prior_months,1.1428347,property_damage,0.38479546,month,0.38397992,High
20165,Rush County,KS,38.523596,-99.309184,2939.0,0.1284019539427774,0.1358597,0.12775593,0.13632843,county_prior_months,1.0950335,property_damage,0.3542019,flood_events,0.32994813,High
48247,Jim Hogg County,TX,27.053231,-98.747572,4830.0,0.2900276419306825,0.77184457,0.72461146,0.76419955,month,0.9302783,tropical_events_prev1m,0.6585168,county_prior_months,0.59272027,High
51033,Caroline County,VA,38.028033,-77.353736,31181.0,0.1156682493181129,0.11691325,0.10310431,0.11728126,county_prior_months,1.2658706,month,0.422533,property_damage,0.40878302,High
51031,Campbell County,VA,37.210152,-79.095428,55518.0,0.0997770549322027,0.070994265,0.06232178,0.080630474,county_prior_months,1.5859927,month,0.56100345,property_damage,0.44268182,High
51029,Buckingham County,VA,37.573928,-78.529169,16869.0,0.1400806993947545,0.13736276,0.15654323,0.20025688,county_prior_months,1.3155736,month,0.6863971,property_damage,0.5550824,High
51027,Buchanan County,VA,37.26812,-82.038151,20246.0,0.2527723080111929,0.28789926,0.28459162,0.30425397,county_prior_months,0.57025045,property_damage,0.54835224,flood_events,0.40149358,Medium
38085,Sioux County,ND,46.110618,-101.061284,3896.0,0.3974392474523125,0.544299,0.45897177,0.5182613,county_prior_months,0.64726794,month,0.6426825,property_damage,0.28282994,Low
51053,Dinwiddie County,VA,37.073498,-77.635492,28057.0,0.1104879211114776,0.3110349,0.3089085,0.32954738,county_prior_months,0.8795512,flood_events,0.5501391,month,0.36500084,Medium
51051,Dickenson County,VA,37.136701,-82.34922,14089.0,0.2247339449541284,0.17585257,0.18849614,0.20337673,county_prior_months,0.6215512,month,0.57391846,property_damage,0.53076595,Medium
51047,Culpeper County,VA,38.48593,-77.956476,52822.0,0.0733227804811318,0.06794429,0.07624628,0.08854254,county_prior_months,1.6316139,month,0.5173691,property_damage,0.39183292,High
46115,Spink County,SD,44.923772,-98.339615,6355.0,0.1063352044907778,0.04363473,0.057341333,0.0670991,county_prior_months,2.0281274,property_damage,0.36476555,flood_events,0.33532748,High
16051,Jefferson County,ID,43.796965,-112.318588,31383.0,0.0892234902976247,0.15680513,0.17661376,0.18114978,month,0.7423274,county_prior_months,0.59811765,property_damage,0.37510747,Medium
51041,Chesterfield County,VA,37.378434,-77.585847,366019.0,0.0669166498195745,0.19993542,0.24100916,0.25419706,county_prior_months,1.1866896,month,0.6175679,flood_events,0.44109786,Medium
05143,Washington County,AR,35.978001,-94.217269,247331.0,0.1519366071765302,0.09739157,0.09499719,0.1092684,county_prior_months,1.5939188,month,0.54080147,property_damage,0.28759083,High
51037,Charlotte County,VA,37.009042,-78.658568,11563.0,0.2031387762299418,0.1305913,0.11927209,0.14172322,county_prior_months,1.3008872,month,0.55581677,property_damage,0.449236,High
05119,Pulaski County,AR,34.770311,-92.312996,398322.0,0.1655797258915172,0.054224342,0.042993892,0.05791415,county_prior_months,1.8034191,flood_events,0.29055548,month,0.28676084,High
05109,Pike County,AR,34.158191,-93.658659,10205.0,0.1747796474358974,0.11238216,0.11693958,0.12194914,county_prior_months,1.0652782,flood_events,0.3703907,property_damage,0.3649894,High
05103,Ouachita County,AR,33.591168,-92.878413,22606.0,0.190712353471596,0.03896572,0.04371402,0.05668342,county_prior_months,1.6172838,property_damage,0.3977523,flood_events,0.3322098,High
51177,Spotsylvania County,VA,38.182431,-77.657226,141097.0,0.0735177696471746,0.109648824,0.10616086,0.1297401,county_prior_months,1.1626819,month,0.69342124,property_damage,0.29912126,High
20117,Marshall County,KS,39.782709,-96.521243,10014.0,0.1054882394868139,0.12595123,0.14786825,0.15376562,county_prior_months,1.1194606,property_damage,0.35274073,month,0.33929932,High
17031,Cook County,IL,41.894294,-87.645455,5225367.0,0.1337567208325782,0.67295986,0.6421732,0.6598673,property_damage,2.933463,county_prior_months,1.4840046,total_population,0.96506524,High
54027,Hampshire County,WV,39.312139,-78.611989,23275.0,0.1746664893852768,0.10435537,0.11310289,0.11819415,county_prior_months,1.5557832,month,0.55617505,property_damage,0.381689,High
38059,Morton County,ND,46.710029,-101.310041,33192.0,0.0813510357120904,0.2418992,0.21768433,0.22307709,county_prior_months,0.60200566,county_disaster_rate,0.35051605,property_damage,0.31032225,Medium
38055,McLean County,ND,47.653206,-101.421914,9781.0,0.0685542418585355,0.33582416,0.31448168,0.3527278,property_damage_prev1m,0.5866973,county_prior_months,0.50145245,property_damage,0.28954095,Medium
51069,Frederick County,VA,39.20366,-78.263829,92007.0,0.0676993943151997,0.1578406,0.12855098,0.16964573,county_prior_months,1.4175574,property_damage_prev1m,0.42857555,month,0.40648574,Medium
51067,Franklin County,VA,36.991186,-79.882715,54838.0,0.1325233222991273,0.10329543,0.1133234,0.137828,county_prior_months,1.5746446,month,0.7348994,property_damage,0.46274135,High
51065,Fluvanna County,VA,37.830584,-78.283494,27442.0,0.0605555124524788,0.15359253,0.19681561,0.21594243,county_prior_months,1.0907192,month,0.68701273,flood_events,0.3811548,Medium
51061,Fauquier County,VA,38.744096,-77.8215,73290.0,0.0582259016708541,0.23318851,0.26195905,0.30162808,county_prior_months,1.3119313,month,0.37473848,flood_events,0.33752656,Medium
05099,Nevada County,AR,33.666699,-93.305072,8292.0,0.2782522589429385,0.12009957,0.10997769,0.15110612,county_prior_months,0.6612705,property_damage,0.36809662,flood_events,0.32287857,High
05097,Montgomery County,AR,34.545656,-93.664153,8555.0,0.1815263908701854,0.1132772,0.10308667,0.122783065,county_prior_months,1.1068658,property_damage,0.35331157,flood_events,0.33242458,High
32017,Lincoln County,NV,37.634605,-114.863037,4507.0,0.0718383636817161,0.27812403,0.25007123,0.26458982,county_prior_months,0.70821685,property_damage,0.5753346,flood_events,0.51342535,Medium
48201,Harris County,TX,29.857273,-95.393037,4726177.0,0.1577233627307434,0.062382206,0.053583775,0.083110906,county_prior_months,1.6221424,total_population,0.5237522,flood_events,0.39383096,High
48199,Hardin County,TX,30.329648,-94.393178,56576.0,0.1345981422372054,0.13056369,0.13362919,0.1712764,county_prior_months,0.73874325,property_damage,0.50710475,month,0.46650094,High
48197,Hardeman County,TX,34.289904,-99.745697,3541.0,0.1117478510028653,0.09056965,0.08776884,0.10095974,county_prior_months,0.61404145,county_disaster_rate,0.48381004,property_damage,0.41157112,High
32015,Lander County,NV,39.90021,-117.04724,5728.0,0.107589364324705,0.456621,0.42529318,0.4470921,flood_events,0.7609041,county_prior_months,0.5092273,property_damage,0.35427415,High
32011,Eureka County,NV,39.977788,-116.272208,1622.0,0.1763613861386138,0.11977953,0.14115924,0.16184443,county_prior_months,0.78719217,month,0.41296092,property_damage,0.3643585,High
51075,Goochland County,VA,37.718814,-77.917626,24906.0,0.042260010051935,0.11405301,0.12741457,0.14266986,county_prior_months,0.97786266,month,0.5871661,property_damage,0.4164234,High
51073,Gloucester County,VA,37.403541,-76.523505,38875.0,0.0745572671067798,0.14813915,0.13408439,0.14896655,county_prior_months,1.050467,month,0.5178504,property_damage,0.39501548,High
51071,Giles County,VA,37.318072,-80.698321,16711.0,0.096569250317662,0.27603155,0.2823563,0.33077294,county_prior_months,1.153993,month,0.49419668,flood_events,0.45827767,Medium
51760,Richmond city,VA,37.531399,-77.476009,227171.0,0.1947390458136442,0.5491241,0.52888787,0.5746684,flood_events,0.68623924,month,0.46662205,storm_count,0.38515717,High
47019,Carter County,TN,36.284744,-82.126593,56315.0,0.1813982476078747,0.15021399,0.17104453,0.17378648,county_prior_months,0.9732294,month,0.7348849,property_damage,0.3327817,Medium
47013,Campbell County,TN,36.401592,-84.159249,39397.0,0.1943866403079804,0.2162285,0.22755747,0.2384797,county_prior_months,0.9494542,month,0.7011978,property_damage,0.3596419,Medium
20091,Johnson County,KS,38.883907,-94.82233,610742.0,0.0526995753662817,0.07426159,0.070251144,0.096221074,county_prior_months,1.6560547,month,0.7873144,property_damage,0.3207842,High
48219,Hockley County,TX,33.605932,-102.343398,21495.0,0.150708024275118,0.0558021,0.06933255,0.08859398,county_prior_months,1.6684457,month,0.568969,county_disaster_rate,0.44592986,High
48215,Hidalgo County,TX,26.396384,-98.18099,873167.0,0.2769962399748097,0.087497935,0.07012761,0.091709316,county_prior_months,1.1826179,month,0.33994976,total_population,0.33150938,High
48207,Haskell County,TX,33.175964,-99.730774,5408.0,0.1503891050583657,0.13028575,0.12508716,0.13600053,county_prior_months,1.0137266,month,0.53012174,property_damage,0.3734538,High
51175,Southampton County,VA,36.720068,-77.103813,18003.0,0.0836455941012933,0.67665297,0.70675015,0.7289774,tropical_events,1.3673874,month,0.59995556,property_damage,0.5791735,High
99043,99043,99,39.5,-98.35,,,0.054857466,0.06210825,0.07514434,county_disaster_rate,0.99017406,total_population,0.766334,month,0.4411764,High
05059,Hot Spring County,AR,34.315177,-92.944147,33129.0,0.1974144634525661,0.07858712,0.07388442,0.09756871,county_prior_months,1.3852156,month,0.4424813,property_damage,0.36678636,High
05057,Hempstead County,AR,33.735953,-93.664355,20037.0,0.2299386627464895,0.09363611,0.09587488,0.0991445,county_prior_months,1.1062429,month,0.4159423,property_damage,0.3767166,High
48195,Hansford County,TX,36.272847,-101.35693,5270.0,0.0835579514824797,0.06920729,0.07276754,0.07981052,county_prior_months,1.2074853,month,0.5977229,county_disaster_rate,0.48953158,High
48191,Hall County,TX,34.453189,-100.576343,2847.0,0.1856887298747764,0.085626364,0.10031382,0.10206096,county_prior_months,1.4163698,month,0.47681624,property_damage,0.3627978,High
48185,Grimes County,TX,30.543231,-95.988082,29442.0,0.1437461348175633,0.257475,0.26174474,0.29061857,month,0.5364988,property_damage,0.41951677,flood_events,0.2619608,Medium
48181,Grayson County,TX,33.624548,-96.675777,137008.0,0.1142718988283429,0.51830083,0.54464376,0.58024275,county_prior_months,0.7770659,month,0.68850726,flood_events,0.45174694,High
47025,Claiborne County,TN,36.501572,-83.660698,32092.0,0.18335127377108,0.40928817,0.38953727,0.43982625,county_prior_months,0.7767573,flood_events,0.52336645,month,0.52148587,Low
54083,Randolph County,WV,38.781095,-79.867788,28005.0,0.1547791952894995,0.39526075,0.40692833,0.4166823,county_prior_months,0.45044902,flood_events,0.3983552,property_damage,0.36156166,Medium
33005,Cheshire County,NH,42.92546,-72.248183,76610.0,0.0900364938373614,0.04697052,0.055327218,0.060665436,county_prior_months,1.612613,property_damage,0.3350653,month,0.33127692,High
05009,Boone County,AR,36.304299,-93.079236,37662.0,0.131626611878565,0.1744541,0.17313765,0.1932501,county_prior_months,0.7296919,month,0.42521363,property_damage,0.34862074,Medium
05007,Benton County,AR,36.337819,-94.256298,286528.0,0.0788173681809663,0.05217408,0.054276347,0.072850995,county_prior_months,1.6926082,month,0.35668638,property_damage,0.3448208,High
05043,Drew County,AR,33.587242,-91.722778,17309.0,0.213608172199927,0.10950823,0.093280345,0.10464289,county_prior_months,1.1022532,property_damage,0.3709031,flood_events,0.36735916,High
05033,Crawford County,AR,35.582959,-94.236193,60593.0,0.1784843952202484,0.12456435,0.13609406,0.16737175,county_prior_months,1.2147408,month,0.5280673,property_damage,0.5137492,High
51083,Halifax County,VA,36.766461,-78.939614,34013.0,0.1469859869533703,0.068342105,0.08536407,0.0944593,county_prior_months,1.664549,month,0.56347317,property_damage,0.5541297,High
51081,Greensville County,VA,36.680336,-77.560277,11373.0,0.1293461492820695,0.443473,0.4283513,0.47083348,county_prior_months,0.5229726,flood_events,0.50570595,property_damage,0.34901875,High
54081,Raleigh County,WV,37.762469,-81.264672,74303.0,0.2202550574161329,0.25946203,0.2345148,0.25539395,county_prior_months,0.7258885,property_damage,0.53017694,flood_events,0.3776116,Medium
33017,Strafford County,NH,43.293272,-71.035589,130965.0,0.0912030729329109,0.12895007,0.116586514,0.13120973,county_prior_months,1.0460069,month,0.554839,property_damage,0.3211106,High
20057,Ford County,KS,37.688416,-99.884748,34212.0,0.1187498125318695,0.10128625,0.10226255,0.11918402,county_prior_months,1.6497864,month,0.68815094,property_damage,0.38882673,High
20055,Finney County,KS,38.049808,-100.739967,38187.0,0.1282490564017453,0.088720314,0.11051129,0.12419273,county_prior_months,1.6994121,month,0.632421,property_damage,0.37363186,High
17043,DuPage County,IL,41.852058,-88.086039,930559.0,0.0628288563479215,0.077406466,0.06476732,0.07731953,county_prior_months,1.6968477,month,0.6965666,property_damage,0.29615837,High
51089,Henry County,VA,36.620612,-79.980662,50760.0,0.161293560301911,0.10198446,0.11162946,0.13632727,county_prior_months,1.4756997,month,0.6057425,property_damage,0.48541892,High
51085,Hanover County,VA,37.760215,-77.491317,110513.0,0.0518311521825341,0.19541922,0.22026798,0.22767243,county_prior_months,1.0217603,month,0.74646986,property_damage,0.48883554,Medium
05017,Chicot County,AR,33.267139,-91.297158,10234.0,0.2743659610144623,0.076077975,0.08208995,0.10459782,county_prior_months,1.3603743,month,0.43789274,property_damage,0.34547788,High
05015,Carroll County,AR,36.33737,-93.540972,28362.0,0.154353562005277,0.090485215,0.0922929,0.10629956,county_prior_months,1.1005174,property_damage,0.47808588,flood_events,0.33907586,High
33019,Sullivan County,NH,43.361188,-72.222084,43356.0,0.1169933414611272,0.43791178,0.49872595,0.51039666,county_prior_months,0.7629421,flood_events_prev1m,0.53156525,flood_events,0.5137123,High
04012,La Paz County,AZ,33.72761,-114.038806,16681.0,0.2099120019555121,0.68366,0.74463224,0.7677718,flood_events,1.136892,storm_count,0.4953181,county_prior_months,0.37125087,High
04011,Greenlee County,AZ,33.238872,-109.242323,9483.0,0.1281289775137887,0.28152958,0.2586559,0.27875152,month,0.4628485,property_damage,0.29586026,flood_events,0.28230554,Medium
04025,Yavapai County,AZ,34.631071,-112.577225,237830.0,0.1232174907581527,0.22417127,0.2222005,0.26012865,county_prior_months,1.4244578,flood_events,0.5901332,month,0.4613736,Medium
04021,Pinal County,AZ,32.918521,-111.366339,433338.0,0.1129518475354434,0.37505677,0.34209338,0.4110512,county_prior_months,0.89680284,month,0.55068874,flood_events,0.42588913,Low
34009,Cape May County,NJ,39.085841,-74.846354,95456.0,0.0896217903128217,0.25016376,0.17190439,0.20376755,county_prior_months,1.6536245,flood_events,0.901176,month,0.44870442,Medium
48173,Glasscock County,TX,31.868006,-101.521494,1068.0,0.0524344569288389,0.1929595,0.13803776,0.213194,month,0.4498086,county_disaster_rate,0.38331488,property_damage,0.3180721,Low
48169,Garza County,TX,33.183792,-101.301134,5735.0,0.1538997214484679,0.10552625,0.10712798,0.12223308,county_prior_months,1.360141,month,0.5552219,property_damage,0.37136313,High
51735,Poquoson city,VA,37.12836,-76.303534,12479.0,0.0449726951493736,0.7216954,0.6862345,0.72457105,month,0.6759611,flood_events,0.4239964,property_damage,0.3428083,High
04015,Mohave County,AZ,35.717705,-113.749689,214229.0,0.1601015973466509,0.32462645,0.26945952,0.33668554,flood_events,0.9348592,county_prior_months,0.8350646,total_population,0.5774179,Low
34037,Sussex County,NJ,41.137461,-74.691914,144808.0,0.0554122453532635,0.08359953,0.07345961,0.10110624,county_prior_months,1.7416993,month,0.58130246,property_damage,0.3377935,High
47077,Henderson County,TN,35.653994,-88.387674,27845.0,0.1802636396924203,0.10282502,0.10784696,0.11860144,county_prior_months,1.0000492,month,0.51993257,property_damage,0.45803952,High
47073,Hawkins County,TN,36.452089,-82.931485,57107.0,0.1687993610790664,0.18099345,0.18015614,0.19104002,county_prior_months,1.0246298,month,0.7604759,property_damage,0.3360152,Medium
48179,Gray County,TX,35.402542,-100.812374,21272.0,0.1699641209636084,0.060942277,0.060400594,0.0884698,county_prior_months,1.5091841,month,0.5539615,county_disaster_rate,0.4705517,High
17107,Logan County,IL,40.129277,-89.365309,28027.0,0.1154064809550881,0.34384474,0.28315815,0.31593308,county_prior_months,1.1829019,flood_events,0.42985815,month,0.39297464,Medium
54031,Hardy County,WV,39.011361,-78.841729,14249.0,0.1727279146952899,0.1898779,0.18016516,0.2265426,county_prior_months,1.3007278,property_damage_prev1m,0.4725893,month,0.401792,Medium
35005,Chaves County,NM,33.361604,-104.469837,64701.0,0.2178473038939279,0.12569353,0.105784714,0.12953326,county_prior_months,0.9382204,month,0.61683804,flood_events,0.34851307,High
35001,Bernalillo County,NM,35.053628,-106.66908,674692.0,0.1641478506002828,0.47193953,0.4846408,0.5544997,county_prior_months,0.5782472,property_damage_prev1m,0.5155506,month,0.50487655,Low
51171,Shenandoah County,VA,38.856204,-78.573987,44337.0,0.1255617657123303,0.089814536,0.0777798,0.09004132,county_prior_months,1.468488,month,0.466423,flood_events,0.329753,High
48149,Fayette County,TX,29.877886,-96.921231,24564.0,0.1016042780748663,0.24231547,0.21795838,0.24023026,month,0.5422913,property_damage,0.3978399,county_prior_months,0.29442194,Medium
51620,Franklin city,VA,36.684014,-76.941396,8194.0,0.1874533233756534,0.70082086,0.6994668,0.74647695,tropical_events,1.8652791,property_damage,0.5911123,month,0.33079222,High
51105,Lee County,VA,36.701721,-83.130112,22287.0,0.2598029746957697,0.1317706,0.12834829,0.135992,county_prior_months,1.0199894,month,0.5757319,property_damage,0.3744692,High
51103,Lancaster County,VA,37.704843,-76.412663,10866.0,0.1400489089541008,0.48397473,0.47047397,0.49656677,flood_events,0.877355,county_prior_months,0.7116012,property_damage,0.36018252,High
51101,King William County,VA,37.70826,-77.091054,17845.0,0.0802395886308413,0.47931337,0.44196597,0.49214908,flood_events,0.5696633,month,0.55973864,county_prior_months,0.52068245,Low
51099,King George County,VA,38.27718,-77.162636,26985.0,0.0692838913076114,0.1195991,0.11696876,0.12604669,county_prior_months,1.0188153,month,0.56644017,property_damage,0.52522945,High
51097,King and Queen County,VA,37.717772,-76.905581,6681.0,0.1993704092339979,0.1850617,0.16988088,0.18327981,county_prior_months,0.6701927,property_damage,0.38684082,flood_events,0.30599707,Medium
51095,James City County,VA,37.324837,-76.777888,78818.0,0.072801211001642,0.52564853,0.5167875,0.5367407,county_prior_months,0.7520368,flood_events,0.69026005,month,0.4153736,High
34041,Warren County,NJ,40.853491,-75.009498,109739.0,0.0774438802408502,0.059895217,0.053300712,0.064886145,county_prior_months,1.7281022,month,0.520091,property_damage,0.34326482,High
02145,02145,02,64.2,-149.5,,,0.021580717,0.021318825,0.033662796,county_disaster_rate,1.395138,total_population,0.7471638,month,0.4020646,High
02325,02325,02,64.2,-149.5,,,0.003370291,0.0036437716,0.005533823,county_disaster_rate,2.0346315,county_prior_months,0.851742,total_population,0.7098198,High
37195,Wilson County,NC,35.700357,-77.921598,78667.0,0.2035492227979274,0.29921365,0.2813782,0.34298354,county_prior_months,1.1752616,flood_events,0.8930156,property_damage,0.45988804,Low
37193,Wilkes County,NC,36.208883,-81.166095,66125.0,0.1714918622896348,0.1518775,0.19008651,0.20946997,county_prior_months,1.2623498,month,0.59854776,property_damage,0.40586102,Medium
35023,Hidalgo County,NM,31.898052,-108.751929,4160.0,0.2321384425216316,0.3312995,0.343299,0.36561576,month,0.6092739,property_damage,0.31549394,flood_events,0.25323007,Medium
35041,Roosevelt County,NM,34.021207,-103.483004,19142.0,0.2056745479833101,0.20775194,0.188075,0.20213416,month,0.71680766,county_prior_months,0.59449893,property_damage,0.356257,Medium
51700,Newport News city,VA,37.076136,-76.52198,185118.0,0.1466522580935656,0.7197758,0.7248529,0.7765221,tropical_events,1.5770997,county_prior_months,0.39067915,month,0.3115029,Low
01115,St. Clair County,AL,33.719491,-86.311327,91719.0,0.1091773211058303,0.21499382,0.21870726,0.23605505,county_prior_months,1.2635605,month,0.6112735,property_damage,0.5097515,Medium
02121,02121,02,64.2,-149.5,,,0.09279703,0.07779127,0.084767126,total_population,0.86460376,county_disaster_rate,0.6661387,month,0.3876372,High
02111,02111,02,64.2,-149.5,,,0.04807006,0.04764174,0.061196573,total_population,0.8448935,county_disaster_rate,0.6496219,homeownership_rate,0.34478003,High
37179,Union County,NC,34.99182,-80.530426,240109.0,0.0680365393135166,0.2861124,0.27689797,0.3268559,county_prior_months,0.9703746,month,0.62370867,property_damage,0.44196346,Medium
36011,Cayuga County,NY,43.008546,-76.574587,76171.0,0.134580058837341,0.10903441,0.116154626,0.13021201,county_prior_months,1.5009054,month,0.6066286,property_damage,0.35367936,High
37171,Surry County,NC,36.415416,-80.686463,71429.0,0.1794401297260391,0.24081866,0.21201207,0.27299976,county_prior_months,1.4297737,month,0.462936,flood_events,0.41031772,Low
37169,Stokes County,NC,36.393797,-80.269921,44696.0,0.1201100800582241,0.14140308,0.15103118,0.18055506,county_prior_months,1.2284405,month,0.59251976,property_damage,0.5146971,High
37167,Stanly County,NC,35.310449,-80.254374,62723.0,0.1377431778531222,0.28243756,0.30734715,0.35927162,county_prior_months,1.2129029,month,0.651386,flood_events_prev1m,0.38264254,Low
17157,Randolph County,IL,38.056515,-89.82121,30413.0,0.1252786609655374,0.12280429,0.11286193,0.13367891,county_prior_months,1.0694436,month,0.45440614,property_damage,0.35930938,High
51690,Martinsville city,VA,36.683527,-79.863647,13539.0,0.24583524377197,0.21141487,0.22244664,0.2506533,month,0.6951914,county_prior_months,0.61063987,property_damage,0.54350066,Medium
51610,Falls Church city,VA,38.884722,-77.175603,14576.0,0.0232622161046111,0.24787512,0.21524012,0.26493835,county_prior_months,0.7374161,flood_events,0.53998137,property_damage,0.37593004,Medium
48147,Fannin County,TX,33.591161,-96.104988,36052.0,0.1283161720169594,0.13616832,0.13254425,0.1385098,county_prior_months,0.931504,month,0.6233822,property_damage,0.5121319,High
48143,Erath County,TX,32.236669,-98.220545,42788.0,0.1654137203820866,0.16204229,0.15396541,0.1630114,county_prior_months,0.6120046,property_damage,0.4830407,month,0.45329136,Medium
48141,El Paso County,TX,31.766456,-106.24152,863832.0,0.1950623152662989,0.30743754,0.27893203,0.35349885,county_prior_months,0.9470219,month,0.6418404,flood_events,0.45479685,Low
48139,Ellis County,TX,32.346878,-96.79694,195509.0,0.0819506848181832,0.13390204,0.12697959,0.1405219,county_prior_months,1.0112741,month,0.55071,flood_events,0.31844884,High
48129,Donley County,TX,34.955036,-100.815846,3298.0,0.1131053166271588,0.06355194,0.05159624,0.0750769,county_prior_months,1.2032256,county_disaster_rate,0.54916054,flood_events,0.38675687,High
48125,Dickens County,TX,33.615363,-100.787617,1570.0,0.1227364185110664,0.13106516,0.12819389,0.14082979,county_prior_months,0.6944239,month,0.4109062,flood_events,0.31950706,High
17163,St. Clair County,IL,38.470198,-89.928546,256791.0,0.1379862981637,0.08302149,0.087207034,0.11069996,county_prior_months,1.726528,month,0.55102783,property_damage,0.29608506,High
54065,Morgan County,WV,39.557345,-78.256517,17237.0,0.1059664752080647,0.08478662,0.076282054,0.09434224,county_prior_months,1.4604207,month,0.57431036,property_damage,0.5221505,High
51121,Montgomery County,VA,37.175538,-80.387794,99373.0,0.2488733043370758,0.22869562,0.20460641,0.27313864,county_prior_months,1.2504725,flood_events,0.6807039,month,0.4727159,Low
51119,Middlesex County,VA,37.606975,-76.528082,10738.0,0.0965006335900185,0.7691214,0.76906663,0.7871091,tropical_events,2.2714837,county_prior_months,0.70000184,month,0.43528,High
51117,Mecklenburg County,VA,36.687256,-78.368959,30367.0,0.1876660988074957,0.22663534,0.23801568,0.28506958,county_prior_months,0.9039525,month,0.83638096,property_damage,0.5555717,Medium
51115,Mathews County,VA,37.425348,-76.268808,8537.0,0.068370002365744,0.14706595,0.14315635,0.16432655,county_prior_months,0.7050389,month,0.4134737,property_damage,0.41329545,High
51111,Lunenburg County,VA,36.945555,-78.240528,11988.0,0.1303798610484526,0.13272054,0.15667485,0.16457608,county_prior_months,0.96693534,month,0.6420059,property_damage,0.52153236,High
51109,Louisa County,VA,37.972704,-77.959795,38106.0,0.1085982392324318,0.17106979,0.16442376,0.18631132,county_prior_months,1.0115443,month,0.529051,property_damage,0.37913308,Medium
01127,Walker County,AL,33.791558,-87.301094,64978.0,0.1641166758392955,0.17573346,0.18938999,0.22966442,county_prior_months,1.2339518,month,0.70745593,property_damage,0.35914692,Medium
37161,Rutherford County,NC,35.402747,-81.919582,64680.0,0.1837661416205477,0.24421814,0.28015083,0.3113518,county_prior_months,1.1603957,month,0.8199906,property_damage,0.35833967,Medium
37157,Rockingham County,NC,36.381806,-79.782754,91209.0,0.1882097341366721,0.09594743,0.12129952,0.13399385,county_prior_months,1.4489714,month,0.7187487,property_damage,0.5201687,High
19027,Carroll County,IA,42.039502,-94.86765,20728.0,0.0779890903729913,0.12394174,0.12160291,0.12501895,county_prior_months,1.2882584,month,0.51592284,property_damage,0.38240737,High
19011,Benton County,IA,42.092547,-92.05763,25652.0,0.0829791459781529,0.09031272,0.08878314,0.11111925,county_prior_months,1.4536195,property_damage,0.37128055,month,0.34291393,High
47149,Rutherford County,TN,35.843369,-86.417213,343727.0,0.0983427146588263,0.101403505,0.07878637,0.11073819,county_prior_months,1.4724164,month,0.7344848,property_damage,0.45047113,High
36045,Jefferson County,NY,43.996389,-76.052968,117445.0,0.1279472117164239,0.088304244,0.086330384,0.09218165,county_prior_months,1.4793805,month,0.6589934,property_damage,0.5012433,High
37147,Pitt County,NC,35.59249,-77.372739,171196.0,0.2003304620393881,0.62890124,0.6316836,0.6540015,flood_events,1.221991,county_prior_months,0.8054604,storm_count,0.414619,High
37145,Person County,NC,36.386356,-78.96563,39131.0,0.1721065950524195,0.09153975,0.083353885,0.0979103,county_prior_months,1.4811108,month,0.597957,property_damage,0.4567891,High
37143,Perquimans County,NC,36.180897,-76.403244,13053.0,0.1331582606009114,0.61453956,0.65307754,0.7684169,tropical_events,1.7561827,county_prior_months,0.5373865,property_damage,0.3823277,Low
37141,Pender County,NC,34.512556,-77.888106,61592.0,0.1170085640310695,0.77124274,0.82223487,0.8284725,tropical_events,1.7756255,county_prior_months,0.47267422,month,0.4296395,High
37139,Pasquotank County,NC,36.265199,-76.260691,40454.0,0.1159458742371982,0.70122004,0.66099083,0.740291,tropical_events,1.9572905,county_prior_months,0.5416689,month,0.46432948,Low
37137,Pamlico County,NC,35.147575,-76.665268,12317.0,0.1382311977715877,0.8295021,0.81595784,0.82744014,tropical_events,2.0236337,property_damage,0.3675596,month,0.3395741,High
01079,Lawrence County,AL,34.529776,-87.321865,33116.0,0.1583498854087089,0.1167246,0.13595982,0.15395215,county_prior_months,1.1490855,month,0.6083923,property_damage,0.51171654,High
99109,99109,99,39.5,-98.35,,,0.064840384,0.06621396,0.078091,county_disaster_rate,1.1608217,total_population,0.66742134,month,0.49370876,High
01111,Randolph County,AL,33.296461,-85.464064,22179.0,0.1985700357491062,0.15035842,0.16706523,0.17906645,county_prior_months,0.93417144,property_damage,0.55146277,month,0.41688907,Medium
47179,Washington County,TN,36.295665,-82.495037,133282.0,0.1573602482057183,0.16651589,0.16968417,0.1766831,county_prior_months,0.95534873,month,0.70730746,flood_events,0.31067786,Medium
47163,Sullivan County,TN,36.509681,-82.301336,158722.0,0.1519303809609064,0.106532365,0.09411671,0.1279489,county_prior_months,1.1753103,month,0.75268716,county_disaster_rate,0.38480246,High
47157,Shelby County,TN,35.184553,-89.894612,926440.0,0.1812149218360128,0.022592142,0.02291435,0.040883735,county_prior_months,1.9367282,wind_events_prev3m,0.39939207,flood_events_prev1m,0.2912751,High
37131,Northampton County,NC,36.421774,-77.398352,17528.0,0.186773212475401,0.15432198,0.17699628,0.18451324,county_prior_months,0.94942236,month,0.5959412,property_damage,0.5100391,Medium
37127,Nash County,NC,35.965945,-77.987555,95015.0,0.1454336229889013,0.13000025,0.1259348,0.15443717,county_prior_months,1.1325535,month,0.56204283,property_damage,0.38821787,High
48021,Bastrop County,TX,30.100772,-97.310639,98435.0,0.1194070305658646,0.17726897,0.17461781,0.17615116,county_prior_months,0.71036744,month,0.5385012,property_damage,0.37927142,Medium
48019,Bandera County,TX,29.756389,-99.248285,21182.0,0.1426785885972502,0.17009743,0.14776987,0.18807144,county_prior_months,0.5408905,month,0.35340562,flood_events,0.3364251,Medium
48015,Austin County,TX,29.891901,-96.27017,30406.0,0.1193965374007244,0.4521463,0.4447542,0.4584072,month,0.3680204,flood_events,0.34508684,property_damage,0.33203697,High
48011,Armstrong County,TX,34.964179,-101.356636,1912.0,0.0589507842076798,0.04122248,0.034663796,0.04072888,county_prior_months,1.2961028,county_disaster_rate,0.4567665,month,0.4179755,High
48005,Angelina County,TX,31.251896,-94.611134,86608.0,0.1609991079393398,0.12176713,0.11676355,0.13342533,county_prior_months,1.0539081,month,0.5869113,flood_events,0.3203632,High
48001,Anderson County,TX,31.841261,-95.661727,58077.0,0.1563351199367366,0.12639976,0.11713014,0.14389406,county_prior_months,0.99820554,month,0.5756839,property_damage,0.5009269,High
01069,Houston County,AL,31.158183,-85.296411,107040.0,0.178361882446311,0.19346151,0.19990845,0.23466794,county_prior_months,1.1275764,month,0.34119,property_damage,0.33539963,Medium
37119,Mecklenburg County,NC,35.246862,-80.833832,1115403.0,0.1054354872781043,0.14802738,0.11027052,0.19070251,county_prior_months,1.3514328,month,0.6311457,property_damage_prev1m,0.58869326,Low
54039,Kanawha County,WV,38.328068,-81.523516,179895.0,0.1643524148345899,0.14665131,0.18140544,0.20769687,county_prior_months,1.7351927,property_damage_prev1m,0.92826086,flood_events_prev1m,0.48336768,High
37113,Macon County,NC,35.152959,-83.421901,37088.0,0.1542548843292732,0.22915252,0.25153258,0.27113837,month,0.8336921,county_prior_months,0.78973037,property_damage,0.37259576,Medium
48121,Denton County,TX,33.205132,-97.12114,914870.0,0.0741655722565371,0.066089705,0.060882557,0.08211193,county_prior_months,1.4947909,month,0.6006249,total_population,0.3148678,High
48117,Deaf Smith County,TX,34.940766,-102.607564,18585.0,0.1584239575933111,0.06957733,0.06522233,0.07886241,county_prior_months,1.3595874,month,0.63015467,county_disaster_rate,0.4821499,High
48057,Calhoun County,TX,28.441719,-96.579574,20127.0,0.0920502092050209,0.70181423,0.61831564,0.6939793,tropical_events_prev3m,0.7659743,month,0.5323928,tropical_events_prev1m,0.5189197,Low
18089,Lake County,IN,41.472247,-87.374337,497682.0,0.1471861383843703,0.68945175,0.7342551,0.7552847,property_damage,2.6579275,county_prior_months,1.4040185,flood_events,0.5104826,High
48027,Bell County,TX,31.04275,-97.481268,372821.0,0.1468678195167786,0.123479016,0.11315637,0.11881265,county_prior_months,1.0941635,month,0.63396484,flood_events,0.2977207,High
36099,Seneca County,NY,42.782294,-76.827088,33651.0,0.1314470595698788,0.2258558,0.22632752,0.23675434,month,0.72835636,county_prior_months,0.61300653,property_damage,0.44020367,Medium
36093,Schenectady County,NY,42.817552,-74.043559,159447.0,0.1158697791700705,0.06569946,0.06460231,0.06754018,county_prior_months,1.696648,month,0.55482715,property_damage,0.3207007,High
36107,Tioga County,NY,42.178057,-76.297456,48344.0,0.1015734668650086,0.11023807,0.14552703,0.14883572,county_prior_months,1.0990106,property_damage,0.4575167,month,0.3792695,High
37101,Johnston County,NC,35.513419,-78.367348,219042.0,0.1070515010758248,0.08644426,0.11655087,0.13808088,county_prior_months,1.827497,month,0.56397027,property_damage,0.28670052,High
37097,Iredell County,NC,35.806251,-80.874524,187839.0,0.0942233370294215,0.16125941,0.17003831,0.21993881,county_prior_months,1.2922671,month,0.68779093,property_damage,0.29433537,Medium
37091,Hertford County,NC,36.363517,-76.981616,21633.0,0.2028903807717931,0.26865673,0.26993105,0.31262523,county_prior_months,0.62195426,month,0.49403036,property_damage,0.48652676,Medium
54043,Lincoln County,WV,38.17177,-82.077623,20410.0,0.1918242106305057,0.096320815,0.12088766,0.13171682,county_prior_months,1.2135098,property_damage,0.42404932,flood_events,0.3108741,High
17179,Tazewell County,IL,40.508074,-89.51626,131276.0,0.0870860592294109,0.14525004,0.15104942,0.17371336,county_prior_months,1.6171473,month,0.5830215,property_damage,0.29021272,High
17167,Sangamon County,IL,39.756886,-89.662435,196122.0,0.129074844074844,0.13503678,0.1592265,0.16496241,county_prior_months,1.6831634,month,0.6125211,property_damage,0.28246945,High
37007,Anson County,NC,34.974972,-80.109763,22200.0,0.1934734239802225,0.21330781,0.24574684,0.27998224,county_prior_months,0.8806927,month,0.7285945,property_damage,0.51874346,Medium
51137,Orange County,VA,38.249326,-78.011092,36593.0,0.129884577944653,0.080374256,0.085283175,0.09467064,county_prior_months,1.5528703,month,0.5615521,property_damage,0.38773888,High
51135,Nottoway County,VA,37.141167,-78.053866,15638.0,0.1909699719161806,0.1490502,0.15629986,0.16678289,county_prior_months,1.0387225,month,0.4260256,property_damage,0.39695093,High
51127,New Kent County,VA,37.51016,-76.999331,23296.0,0.0391888913378884,0.083793744,0.08235656,0.10799396,county_prior_months,1.0353655,month,0.6397693,property_damage,0.5020189,High
37083,Halifax County,NC,36.251438,-77.644842,48772.0,0.2386129452832569,0.2152821,0.22622298,0.27370214,county_prior_months,1.0281343,month,0.48819166,flood_events,0.44903985,Medium
37081,Guilford County,NC,36.079065,-79.788665,539557.0,0.1507551756027021,0.20225362,0.102486,0.15854858,county_prior_months,1.6618965,flood_events,0.6090408,total_population,0.50048774,Low
48073,Cherokee County,TX,31.843881,-95.156343,50824.0,0.1657688488919872,0.16833079,0.15366304,0.19482829,county_prior_months,1.0170581,month,0.50106937,property_damage,0.3173043,Medium
48067,Cass County,TX,33.083698,-94.357579,28637.0,0.1849817498848293,0.13787721,0.120609395,0.14821525,county_prior_months,0.96625334,month,0.5393006,property_damage,0.35226786,High
48065,Carson County,TX,35.405496,-101.355356,5801.0,0.0750260507120528,0.050522815,0.035131183,0.045227975,county_prior_months,1.473046,county_disaster_rate,0.5449501,month,0.47351795,High
37015,Bertie County,NC,36.059043,-76.962364,17818.0,0.2141458639255996,0.59068733,0.6100595,0.70480293,tropical_events,1.6707118,county_prior_months,0.6198318,property_damage,0.34760725,Low
37033,Caswell County,NC,36.394298,-79.339609,22747.0,0.1543879419636568,0.1747425,0.20775421,0.23511346,county_prior_months,1.0975744,month,0.72988486,property_damage,0.55813795,Medium
37029,Camden County,NC,36.342344,-76.162488,10547.0,0.0587453734459523,0.6775561,0.62182426,0.70229846,tropical_events,1.8651235,month,0.43093467,property_damage,0.4299753,Low
37079,Greene County,NC,35.481959,-77.681688,20407.0,0.2257448004496908,0.17856464,0.19134255,0.20548576,county_prior_months,0.6578471,month,0.5687926,property_damage,0.36067265,Medium
48095,Concho County,TX,31.318883,-99.863649,3235.0,0.1592883740173769,0.46335518,0.4377972,0.46385446,month,0.76027536,county_prior_months,0.56372243,county_disaster_rate,0.3583212,High
48093,Comanche County,TX,31.951645,-98.549617,13651.0,0.135280095351609,0.30996612,0.3057507,0.31581667,month,0.6380627,property_damage,0.33470306,county_prior_months,0.28940263,Medium
48083,Coleman County,TX,31.914205,-99.346622,7808.0,0.1711361575333592,0.19318329,0.18638031,0.2165479,county_prior_months,0.61028475,month,0.39807117,property_damage,0.3394307,Medium
48081,Coke County,TX,31.87711,-100.635231,3305.0,0.1650913673597983,0.13216765,0.14027102,0.15096803,month,0.54070824,county_disaster_rate,0.4079412,property_damage,0.35508117,High
37067,Forsyth County,NC,36.132466,-80.256961,383739.0,0.1520460316950078,0.10452824,0.12302502,0.13049659,county_prior_months,1.514802,month,0.63154465,property_damage,0.39134857,High
37065,Edgecombe County,NC,35.917077,-77.602742,49067.0,0.2203968467443255,0.11219106,0.10950815,0.11736313,county_prior_months,1.104463,month,0.35134023,property_damage,0.34980962,High
37063,Durham County,NC,36.033828,-78.878125,325101.0,0.1227054164217504,0.13090216,0.15158296,0.16851562,county_prior_months,1.2742689,month,0.65942085,property_damage,0.430881,High
54047,McDowell County,WV,37.38276,-81.658204,18911.0,0.3326859698681733,0.17868398,0.18498226,0.20338133,county_prior_months,0.65101326,property_damage,0.4125381,flood_events,0.3954781,Medium
37049,Craven County,NC,35.116829,-77.08132,101098.0,0.1404565070451827,0.8779276,0.8620403,0.8890104,tropical_events,2.3650348,month,0.5260614,county_prior_months,0.45545202,High
48029,Bexar County,TX,29.448671,-98.520147,2014059.0,0.1517207753452981,0.091979876,0.059742045,0.06972228,county_prior_months,1.506225,total_population,0.35312515,crop_damage,0.34365493,High
48033,Borden County,TX,32.73859,-101.439199,686.0,0.0160349854227405,0.17463885,0.13869508,0.16645631,flood_events,0.30431256,property_damage,0.28394026,wind_events,0.2188388,Medium
48037,Bowie County,TX,33.446065,-94.422393,92747.0,0.1737765975790599,0.409632,0.34789166,0.3818884,county_prior_months,0.9423372,flood_events,0.8311801,month,0.35432482,High
48055,Caldwell County,TX,29.832399,-97.628141,46141.0,0.1401331995255907,0.1893136,0.17380035,0.18197344,county_prior_months,0.6131996,property_damage,0.31312057,flood_events,0.2850277,Medium
99133,99133,99,39.5,-98.35,,,0.056592185,0.04358732,0.052542713,county_disaster_rate,0.58707327,total_population,0.58279324,homeownership_rate,0.3135153,High
40027,Cleveland County,OK,35.206376,-97.323088,295060.0,0.1283651956531746,0.11100716,0.104299575,0.115098365,county_prior_months,1.2104621,property_damage,0.45239207,month,0.30860606,High
40031,Comanche County,OK,34.66263,-98.476612,121777.0,0.1657587340144316,0.17044787,0.18522528,0.2176863,county_prior_months,1.3370535,flood_events,0.55325186,property_damage,0.3727677,Medium
35035,Otero County,NM,32.615599,-105.751308,67850.0,0.1936361375365292,0.15476209,0.14388832,0.17030664,county_prior_months,0.60309076,month,0.38646895,property_damage,0.31653535,Medium
35037,Quay County,NM,35.107018,-103.548071,8641.0,0.2489005111137525,0.11303448,0.10288389,0.15356581,county_prior_months,0.7346019,month,0.49378392,county_disaster_rate,0.40606427,Low
35049,Santa Fe County,NM,35.514531,-105.963972,154481.0,0.1233099221380471,0.10704674,0.1056805,0.1130947,county_prior_months,0.8971606,month,0.5841701,flood_events,0.33268642,High
40071,Kay County,OK,36.814885,-97.143862,43859.0,0.1636920773783069,0.1676349,0.18465488,0.20690146,county_prior_months,1.2514702,flood_events,0.6266494,property_damage,0.39677334,Medium
40121,Pittsburg County,OK,34.92554,-95.74813,43758.0,0.1895459472479826,0.23430839,0.20264125,0.285398,county_prior_months,1.1469629,property_damage_prev1m,0.4185889,flood_events_prev1m,0.3729473,Low
40123,Pontotoc County,OK,34.721421,-96.691804,38116.0,0.1331502528685627,0.2554608,0.26299638,0.27580822,county_prior_months,0.69177973,flood_events,0.43512267,property_damage,0.37057534,Medium
48137,Edwards County,TX,29.985933,-100.3074,1380.0,0.2340267459138187,0.31080437,0.2720567,0.3007984,flood_events,0.44681266,property_damage,0.39830336,county_prior_months,0.38902408,Medium
19099,Jasper County,IA,41.685551,-93.054147,37808.0,0.088183958997091,0.06648595,0.057517484,0.0626188,county_prior_months,1.2601995,property_damage,0.55128294,flood_events,0.28661957,High
48079,Cochran County,TX,33.60844,-102.830449,2529.0,0.258481421647819,0.04484244,0.04504636,0.05935205,county_prior_months,0.9530701,county_disaster_rate,0.4334521,property_damage,0.39417925,High
48091,Comal County,TX,29.812377,-98.258129,165201.0,0.0610054488763599,0.12285182,0.113473915,0.14105134,county_prior_months,0.93032175,month,0.32303792,property_damage,0.31774727,High
48101,Cottle County,TX,34.091906,-100.276442,1647.0,0.2410443230115361,0.10763183,0.07838887,0.08093498,county_prior_months,0.9217438,property_damage,0.36100617,flood_events,0.35803136,High
48105,Crockett County,TX,30.717532,-101.404211,2949.0,0.0931440443213296,0.10404947,0.11308791,0.121789835,county_disaster_rate,0.54488707,property_damage,0.3536407,flood_events,0.31197122,High
99135,99135,99,39.5,-98.35,,,0.042049833,0.03606887,0.048267353,total_population,0.81954885,county_disaster_rate,0.6672511,median_home_value,0.32544753,High
99139,99139,99,39.5,-98.35,,,0.057723183,0.05410996,0.05736945,total_population,0.74815327,county_disaster_rate,0.6735716,property_damage,0.40376133,High
35057,Torrance County,NM,34.554978,-105.890557,15203.0,0.2130518234165067,0.1290291,0.13568082,0.15159631,county_prior_months,0.56283003,month,0.46932057,property_damage,0.3597503,High
35059,Union County,NM,36.488085,-103.475723,4074.0,0.178143295232785,0.074840486,0.07143821,0.09002188,county_prior_months,0.81480664,month,0.45328546,county_disaster_rate,0.4370516,High
35025,Lea County,NM,32.795687,-103.413271,73103.0,0.1777353149327671,0.30360726,0.27374056,0.33680373,county_prior_months,0.92401636,month,0.4965824,flood_events,0.44998547,Low
48171,Gillespie County,TX,30.325093,-98.94185,26953.0,0.0907040559335413,0.44801664,0.46615592,0.47780135,flood_events,0.69489527,county_prior_months,0.40877,property_damage,0.35599843,High
20007,Barber County,KS,37.222906,-98.685052,4081.0,0.2031642390758412,0.060458023,0.063094616,0.06755843,county_prior_months,1.3996569,property_damage,0.39505357,flood_events,0.3306021,High
19169,Story County,IA,42.037538,-93.466093,98573.0,0.1962538925483023,0.07244059,0.049588494,0.06455655,county_prior_months,1.5295229,property_damage,0.33401236,flood_events,0.28958762,High
19187,Webster County,IA,42.433579,-94.175831,36986.0,0.1215199508182323,0.045352466,0.04558776,0.061283305,county_prior_months,1.5976782,property_damage,0.39937302,flood_events,0.304321,High
48151,Fisher County,TX,32.740473,-100.40312,3680.0,0.1217966381923394,0.11868255,0.12307174,0.1349487,county_prior_months,0.52861536,property_damage,0.3522048,flood_events,0.33664766,High
48153,Floyd County,TX,34.07373,-101.303274,5386.0,0.1902621722846442,0.11358194,0.13291273,0.13684945,county_prior_months,0.9361281,month,0.47744247,property_damage,0.39043665,High
20073,Greenwood County,KS,37.879347,-96.241732,6001.0,0.1528177356574716,0.117925115,0.15596978,0.1704254,county_prior_months,1.0673221,property_damage,0.42215005,flood_events,0.32428324,High
55119,Taylor County,WI,45.211656,-90.504853,19979.0,0.0882606272483153,0.1510189,0.15324074,0.17945859,county_prior_months,0.9555574,property_damage,0.39448756,month,0.33678314,Medium
48187,Guadalupe County,TX,29.582671,-97.948995,173828.0,0.08705674171692,0.1889994,0.17890164,0.18782376,county_prior_months,0.53613603,property_damage,0.41746983,flood_events,0.29258403,Medium
20063,Gove County,KS,38.917239,-100.48736,2758.0,0.0639083856667898,0.28173018,0.23246875,0.32962173,county_prior_months,1.0088655,month,0.5889869,property_damage,0.3986006,Low
20065,Graham County,KS,39.354972,-99.879894,2430.0,0.0993322203672788,0.11976395,0.1096638,0.12102338,county_prior_months,1.3079028,month,0.5033523,property_damage,0.42670012,High
55121,Trempealeau County,WI,44.30305,-91.358867,30679.0,0.0738372863389426,0.3408072,0.28247327,0.33690798,county_prior_months,1.0893034,flood_events,0.9126425,property_damage,0.4035292,Low
40125,Pottawatomie County,OK,35.211391,-96.957004,72734.0,0.1581218786986518,0.120452665,0.13490148,0.1792604,county_prior_months,1.0332236,property_damage,0.32829753,flood_events,0.28494,High
30029,Flathead County,MT,48.295422,-114.052059,105950.0,0.0927087304613038,0.14740261,0.11793278,0.13097082,county_prior_months,1.1970605,month,0.43483332,property_damage,0.36203095,High
30031,Gallatin County,MT,45.518054,-111.163921,119685.0,0.1059988906992061,0.24994142,0.25275397,0.30663684,county_prior_months,0.871331,month,0.8250933,county_disaster_rate,0.49751854,Low
30011,Carter County,MT,45.516825,-104.515324,1332.0,0.1699846860643185,0.19186805,0.1435944,0.22941616,county_prior_months,1.0439353,property_damage,0.42219922,winter_events,0.3965065,Low
48209,Hays County,TX,30.061225,-98.029267,245351.0,0.1292521867788673,0.3778392,0.3475599,0.36726844,flood_events,0.876399,county_prior_months,0.80240554,month,0.3624583,Medium
30017,Custer County,MT,46.261414,-105.550352,11957.0,0.1110725743518598,0.21270588,0.20937857,0.22366905,county_prior_months,1.0735085,property_damage,0.4298015,month,0.4241225,Medium
40131,Rogers County,OK,36.377794,-95.601383,95870.0,0.095407073722682,0.07009518,0.074190795,0.08688344,county_prior_months,1.2392905,flood_events,0.30374312,property_damage,0.29861218,High
40137,Stephens County,OK,34.481361,-97.855607,43140.0,0.168896123811546,0.20470357,0.21512224,0.24336265,county_prior_months,0.8362608,flood_events,0.46389177,property_damage,0.37745413,Medium
40139,Texas County,OK,36.746317,-101.483855,21144.0,0.2046498139107738,0.09436354,0.087746754,0.10190622,county_prior_months,1.350778,month,0.51403236,property_damage,0.4010498,High
40141,Tillman County,OK,34.371085,-98.931701,7013.0,0.1693262411347517,0.0969986,0.11768877,0.13396731,county_prior_months,1.1236423,flood_events,0.39336675,wind_events,0.24934252,High
40143,Tulsa County,OK,36.120318,-95.941813,668923.0,0.1441183575429688,0.08330198,0.06670632,0.08454281,county_prior_months,1.4941593,month,0.28566736,flood_events,0.25759393,High
30037,Golden Valley County,MT,46.380624,-109.174586,841.0,0.1605231866825208,0.2010235,0.1650956,0.21426879,county_prior_months,0.94548255,property_damage,0.46756864,winter_events,0.3785095,Medium
30039,Granite County,MT,46.395955,-113.427356,3368.0,0.1312024353120243,0.055905823,0.053696368,0.06045313,county_prior_months,1.3703676,county_disaster_rate,0.57359415,property_damage,0.47850677,High
20097,Kiowa County,KS,37.561231,-99.286539,2445.0,0.0518319928507596,0.064243585,0.061108198,0.066698864,county_prior_months,0.9225482,property_damage,0.39379403,flood_events,0.3644214,High
29023,Butler County,MO,36.71518,-90.40313,42280.0,0.2111100348702053,0.05279039,0.060691044,0.06560808,county_prior_months,1.2936107,property_damage,0.55305696,month,0.38439056,High
38011,Bowman County,ND,46.110144,-103.505943,2975.0,0.1071552022122364,0.07038814,0.07308699,0.07989147,county_prior_months,1.1698493,property_damage,0.42096558,flood_events,0.34109354,High
20137,Norton County,KS,39.783867,-99.899235,5431.0,0.0941281936351411,0.14490923,0.1427943,0.17379338,county_prior_months,1.1573243,flood_events,0.34206903,month,0.27593055,High
20139,Osage County,KS,38.650215,-95.708255,15787.0,0.1114699044174631,0.194882,0.19303794,0.20131978,county_prior_months,1.0961901,flood_events,0.5203572,property_damage,0.41700903,Medium
20141,Osborne County,KS,39.348261,-98.767942,3493.0,0.134160756501182,0.16129585,0.19421329,0.26280248,county_prior_months,0.91629076,flood_events,0.36729,month,0.20349038,Low
20145,Pawnee County,KS,38.181477,-99.234772,6288.0,0.1188448722695298,0.08614121,0.087487094,0.09042965,county_prior_months,0.87473726,property_damage,0.40679783,flood_events,0.37002638,High
17009,Brown County,IL,39.962069,-90.750309,6334.0,0.1004102785575469,0.18518542,0.16414219,0.16993788,county_prior_months,0.5534299,property_damage,0.31590873,flood_events,0.29000446,Medium
20129,Morton County,KS,37.185249,-101.809516,2688.0,0.1319311663479923,0.08985685,0.10885942,0.11444811,county_prior_months,1.0962703,month,0.42013803,property_damage,0.41723418,High
20109,Logan County,KS,38.91327,-101.157402,2752.0,0.0988607129731716,0.09537719,0.073023506,0.089394815,county_prior_months,1.4229343,month,0.42934027,property_damage,0.36699122,High
38001,Adams County,ND,46.096815,-102.533198,2190.0,0.1343424787133396,0.07295995,0.06626111,0.071169086,county_prior_months,1.2218071,property_damage,0.42086923,flood_events,0.33551946,High
35013,DoÃ±a Ana County,NM,32.349919,-106.834968,219870.0,0.227596256234938,0.11897514,0.10662274,0.13922632,county_prior_months,0.88730353,month,0.54999304,flood_events,0.3313017,High
12101,Pasco County,FL,28.309823,-82.511006,569211.0,0.1181580783984035,0.20415424,0.16154046,0.19432327,county_prior_months,0.9142776,tropical_events_prev3m,0.5724335,property_damage,0.44551262,Medium
04001,Apache County,AZ,35.385084,-109.490172,66054.0,0.3253909388713765,0.0516622,0.045431715,0.06313807,county_prior_months,1.5732647,month,0.38444537,property_damage,0.35195953,High
04005,Coconino County,AZ,35.829692,-111.773728,144705.0,0.168811999880121,0.20379911,0.098401204,0.20782572,county_prior_months,1.3941722,property_damage_prev1m,0.8983533,flood_events_prev1m,0.48845682,Low
38007,Billings County,ND,47.007044,-103.364016,839.0,0.1111111111111111,0.053930067,0.05626632,0.06410574,county_prior_months,0.98422843,flood_events,0.36268562,property_damage,0.35203043,High
30041,Hill County,MT,48.631959,-110.106321,16238.0,0.1692142496210207,0.34143868,0.30240926,0.334781,property_damage,0.32583606,month,0.30992404,flood_events,0.2815114,Medium
30043,Jefferson County,MT,46.124232,-112.059428,12273.0,0.0505520046484602,0.4185428,0.38619125,0.4238345,month,0.46029305,property_damage,0.40127987,median_home_value,0.36112985,High
30023,Deer Lodge County,MT,46.094672,-113.141624,9435.0,0.2294645826405054,0.15740521,0.1250054,0.15274525,county_prior_months,0.87069863,county_disaster_rate,0.4593956,property_damage,0.41666335,Medium
30025,Fallon County,MT,46.318184,-104.405718,2941.0,0.1274886482710443,0.13625915,0.12431913,0.15395993,county_prior_months,1.0603149,property_damage,0.482294,flood_events,0.29651693,High
12095,Orange County,FL,28.514391,-81.323284,1427403.0,0.1350856256683875,0.16471878,0.15738301,0.1891651,county_prior_months,0.9599701,month,0.5017283,property_damage,0.27633575,Medium
20167,Russell County,KS,38.91604,-98.770949,6702.0,0.1749846907532149,0.10257406,0.094930075,0.11197915,county_prior_months,1.4044561,month,0.56813186,property_damage,0.39512882,High
20147,Phillips County,KS,39.784506,-99.34215,4960.0,0.1642680921052631,0.09262933,0.08054237,0.11287187,county_prior_months,1.0243732,property_damage,0.3985596,crop_damage_prev3m,0.3559895,High
38025,Dunn County,ND,47.354557,-102.612322,4049.0,0.0678903696253457,0.06812554,0.061638262,0.06830488,county_prior_months,1.0906689,property_damage,0.40790257,flood_events,0.34858167,High
38033,Golden Valley County,ND,46.938924,-103.844612,1734.0,0.1256575102279369,0.0837621,0.06477962,0.07419099,county_prior_months,1.0177749,property_damage,0.36618242,flood_events,0.34571707,High
04017,Navajo County,AZ,35.390785,-110.321025,107110.0,0.2547909240734353,0.08052831,0.059378766,0.0749694,county_prior_months,1.4591256,flood_events,0.31214797,month,0.31086147,High
30047,Lake County,MT,47.642901,-114.083687,31509.0,0.1899382000772499,0.12850992,0.11364762,0.1377509,county_prior_months,1.3004589,winter_events,0.45546645,property_damage,0.44579828,High
30033,Garfield County,MT,47.267184,-106.995991,976.0,0.0942028985507246,0.052630838,0.056452014,0.06208605,county_prior_months,1.4576463,property_damage,0.37893894,flood_events,0.32971776,High
48227,Howard County,TX,32.30343,-101.438721,34488.0,0.1450044208664898,0.30542699,0.27621076,0.28928667,flood_events,0.84345394,county_prior_months,0.6872608,county_disaster_rate,0.561428,Medium
48233,Hutchinson County,TX,35.837047,-101.362746,20595.0,0.1036071358557145,0.21948262,0.24322292,0.2663427,county_prior_months,0.85976547,month,0.8487454,county_disaster_rate,0.57179916,Medium
48239,Jackson County,TX,28.959802,-96.58908,15010.0,0.1196026758564767,0.5352808,0.5451086,0.56395054,property_damage_prev1m,0.5843153,property_damage,0.25586677,county_prior_months,0.19907841,High
12017,Citrus County,FL,28.850292,-82.595552,155173.0,0.1500206965880196,0.5275891,0.37633705,0.47517547,property_damage,1.040383,county_prior_months,0.47945884,tropical_events_prev3m,0.36073846,Low
30063,Missoula County,MT,47.027263,-113.892691,118541.0,0.1186936451097976,0.10987721,0.10057565,0.12141626,county_prior_months,1.351718,winter_events,0.37036365,month,0.3579265,High
30065,Musselshell County,MT,46.505281,-108.439763,4924.0,0.1184941370088459,0.18209322,0.17687023,0.18526343,county_prior_months,0.8032784,property_damage,0.4082135,month,0.3555292,Medium
55011,Buffalo County,WI,44.385633,-91.761294,13329.0,0.0823244552058111,0.14168668,0.13447171,0.13664034,county_prior_months,0.9937106,property_damage,0.4125741,month,0.38246188,High
40019,Carter County,OK,34.251848,-97.287927,48202.0,0.1532985487652886,0.25913033,0.26412997,0.271096,county_prior_months,0.6778888,flood_events,0.44884348,property_damage,0.36447337,Medium
40023,Choctaw County,OK,34.027699,-95.554079,14285.0,0.2277263007840342,0.1378785,0.12665483,0.15411249,county_prior_months,0.566763,flood_events,0.3458112,property_damage,0.3121211,High
20163,Rooks County,KS,39.346006,-99.324492,4925.0,0.046314000424899,0.13983603,0.12666868,0.15131767,county_prior_months,0.93629605,property_damage,0.37221894,month,0.36719057,High
20199,Wallace County,KS,38.926626,-101.771103,1489.0,0.155525238744884,0.14506765,0.11363912,0.13649918,county_prior_months,1.196805,month,0.4539772,property_damage,0.36621538,High
38041,Hettinger County,ND,46.435704,-102.454238,2477.0,0.102076124567474,0.06416256,0.059563186,0.060651563,county_prior_months,1.2010676,property_damage,0.4234561,flood_events,0.33566377,High
99049,99049,99,39.5,-98.35,,,0.024368677,0.019921705,0.025429524,total_population,0.92022735,county_prior_months,0.8200158,county_disaster_rate,0.7113059,High
99051,99051,99,39.5,-98.35,,,0.10605233,0.08280467,0.09454309,total_population,0.8325756,county_disaster_rate,0.66393965,month,0.29855108,High
20205,Wilson County,KS,37.558515,-95.745175,8667.0,0.1628698919680601,0.11327469,0.1014758,0.117181785,county_prior_months,0.98854893,property_damage,0.41522473,flood_events,0.32987732,High
12111,St. Lucie County,FL,27.379814,-80.443536,334682.0,0.1248011158645383,0.2159793,0.19322598,0.2085683,county_prior_months,0.48697343,month,0.3373294,property_damage,0.25792104,Medium
12115,Sarasota County,FL,27.225327,-82.423714,439392.0,0.0814262696048315,0.3466968,0.31073236,0.38425544,county_prior_months,0.4598088,flood_events_prev1m,0.37023753,tropical_events_prev3m,0.31557116,Low
30077,Powell County,MT,46.844225,-112.9311,6998.0,0.052336809578988,0.12640919,0.11919908,0.1334033,county_prior_months,1.0928875,property_damage,0.4463713,winter_events,0.38493684,High
30079,Prairie County,MT,46.812388,-105.503938,1283.0,0.2225780624499599,0.11321046,0.11301404,0.14105026,county_prior_months,0.8062776,month,0.43996873,property_damage,0.40813878,High
30061,Mineral County,MT,47.129687,-115.085385,4652.0,0.1414342629482071,0.11886825,0.10064241,0.106445335,county_prior_months,0.64750254,county_disaster_rate,0.49854866,property_damage,0.43296698,High
20193,Thomas County,KS,39.357713,-101.083386,7907.0,0.0655759688882928,0.105246454,0.0855555,0.0992935,county_prior_months,1.370363,month,0.49705964,property_damage,0.37018865,High
38061,Mountrail County,ND,48.210073,-102.364895,9648.0,0.1238214959145191,0.018848058,0.019508516,0.026757197,county_prior_months,1.3273565,county_prior_disasters,0.5123282,property_damage,0.4250672,High
48267,Kimble County,TX,30.479472,-99.746396,4316.0,0.1242060691601976,0.73661625,0.7256273,0.7380673,flood_events,0.94095445,flood_events_prev1m,0.25159532,property_damage,0.25050187,High
12125,Union County,FL,30.05428,-82.366918,15524.0,0.1590014402304368,0.19950448,0.18469253,0.20344196,property_damage,0.49618703,flood_events,0.31186393,month,0.2979103,Medium
55043,Grant County,WI,42.870028,-90.694229,51842.0,0.1380557679985117,0.1083244,0.10355058,0.106307276,county_prior_months,1.1859658,property_damage,0.38489902,month,0.3178533,High
30081,Ravalli County,MT,46.077744,-114.105795,44876.0,0.098064284592782,0.072352715,0.05993152,0.07178649,county_prior_months,1.2350402,property_damage,0.41932487,county_disaster_rate,0.4154599,High
30085,Roosevelt County,MT,48.282747,-104.99517,10799.0,0.3154899691358024,0.13379739,0.10927041,0.13871212,county_prior_months,1.2617363,month,0.6444496,property_damage,0.39496437,High
30087,Rosebud County,MT,46.173206,-106.666792,8310.0,0.2037330730755154,0.2528294,0.17660129,0.23130819,county_prior_months,1.1869109,winter_events,0.6102095,month,0.39725628,Low
30089,Sanders County,MT,47.756497,-115.180306,12615.0,0.1633360193392425,0.0683317,0.06557553,0.07567505,county_prior_months,1.2434188,county_disaster_rate,0.490191,property_damage,0.45171592,High
30091,Sheridan County,MT,48.705587,-104.533916,3700.0,0.0983697153909919,0.10250628,0.09078552,0.109727845,county_prior_months,0.9332437,month,0.39996102,property_damage,0.39361075,High
30093,Silver Bow County,MT,45.896232,-112.660071,35306.0,0.1591081982561882,0.12963115,0.121241145,0.13515489,county_prior_months,0.9677954,county_disaster_rate,0.49925885,property_damage,0.40578386,High
30067,Park County,MT,45.463081,-110.53493,17320.0,0.1147722633696856,0.21106441,0.1832817,0.19855203,county_prior_months,1.4473639,winter_events,0.6195386,month,0.44197306,Medium
51810,Virginia Beach city,VA,36.779525,-76.029142,457900.0,0.0803436843874754,0.33661157,0.2772083,0.300913,county_prior_months,1.179977,tropical_events_prev1m,0.5113116,flood_events,0.46788195,Medium
99031,99031,99,39.5,-98.35,,,0.16367342,0.14565527,0.16337417,total_population,0.9030226,county_disaster_rate,0.67172986,flood_events,0.49930063,Medium
38053,McKenzie County,ND,47.742475,-103.403215,14081.0,0.1338622430580598,0.09710549,0.10414048,0.11910859,county_prior_months,1.0595798,property_damage,0.39615119,flood_events,0.32521313,High
38057,Mercer County,ND,47.307147,-101.833328,8366.0,0.0960949932672297,0.12363968,0.11788918,0.1258452,county_prior_months,0.9459875,property_damage,0.39056265,month,0.35580385,High
48321,Matagorda County,TX,28.77476,-96.001532,36251.0,0.2176388501255931,0.2586604,0.23874311,0.2575335,month,0.32019246,property_damage,0.30036962,flood_events,0.25860393,Medium
48329,Midland County,TX,31.814269,-102.002454,169393.0,0.1075262401021558,0.12164717,0.11495297,0.12449248,county_prior_months,1.249633,flood_events,0.55557746,county_disaster_rate,0.37071648,High
38087,Slope County,ND,46.445834,-103.462462,837.0,0.046594982078853,0.036723692,0.030721039,0.035898466,county_prior_months,0.90574557,property_damage,0.46592987,homeownership_rate,0.44157255,High
38089,Stark County,ND,46.817031,-102.662026,32989.0,0.1014524373519511,0.11307204,0.10502009,0.10815672,county_prior_months,1.0804695,month,0.46408856,property_damage,0.37662527,High
05081,Little River County,AR,33.701941,-94.236287,12024.0,0.1184568320870156,0.3515634,0.31452549,0.33093643,flood_events,0.5161048,county_prior_months,0.4550347,property_damage,0.36601216,Medium
05091,Miller County,AR,33.305505,-93.901502,42682.0,0.2052917723812975,0.3006938,0.27104753,0.30859116,county_prior_months,0.73723274,flood_events,0.43638468,property_damage,0.36839747,Medium
31157,Scotts Bluff County,NE,41.850506,-103.703021,36048.0,0.1247116452595904,0.10880094,0.10003466,0.10172585,county_prior_months,1.0762515,month,0.44509906,property_damage,0.35541612,High
38105,Williams County,ND,48.355765,-103.501333,39076.0,0.0741440438912036,0.12581871,0.11802,0.1277811,county_prior_months,0.93081486,month,0.4331847,property_damage,0.3777051,High
06025,Imperial County,CA,33.040814,-115.3554,179578.0,0.2105103528725576,0.69632804,0.67492276,0.706633,property_damage_prev1m,1.259029,flood_events_prev1m,0.7243009,county_disaster_rate,0.24703087,High
31145,Red Willow County,NE,40.16942,-100.468576,10690.0,0.1216385542168674,0.1062438,0.10189951,0.1145118,county_prior_months,1.6372817,month,0.37783948,property_damage,0.34915876,High
48299,Llano County,TX,30.707584,-98.68469,21637.0,0.1131211143832094,0.36596522,0.35016873,0.3660218,flood_events,0.47057876,county_prior_months,0.40081146,property_damage,0.36198893,Medium
48301,Loving County,TX,31.844936,-103.561229,96.0,0.0520833333333333,0.34192944,0.32243693,0.35941252,month,0.472532,county_prior_months,0.42424193,property_damage,0.3038734,Medium
48303,Lubbock County,TX,33.611469,-101.819944,311509.0,0.1721592486428812,0.34062734,0.25650966,0.32056454,county_prior_months,1.5027165,month,0.72307783,flood_events,0.41418192,Low
31123,Morrill County,NE,41.732204,-102.990594,4562.0,0.0952488178338212,0.083668545,0.07060573,0.10349831,county_prior_months,0.8611538,property_damage,0.40224284,flood_events,0.35967743,High
30075,Powder River County,MT,45.408926,-105.555344,1773.0,0.1269474899019042,0.17983119,0.16730289,0.17355892,county_prior_months,0.91573757,property_damage,0.47358626,flood_events,0.29478353,Medium
48499,Wood County,TX,32.783588,-95.382166,45341.0,0.1262575221645459,0.3777747,0.34098288,0.39698514,county_prior_months,0.7094374,flood_events,0.5587731,month,0.48085716,Low
13039,Camden County,GA,30.913358,-81.642019,55105.0,0.1637411381127497,0.25771907,0.19897343,0.2559499,county_prior_months,1.2446738,flood_events,0.40856448,property_damage,0.34483954,Low
55053,Jackson County,WI,44.32459,-90.79951,20958.0,0.127060370108201,0.4628934,0.44352227,0.46616858,flood_events,1.0630362,county_prior_months,0.7873002,storm_count,0.38228062,High
30109,Wibaux County,MT,46.962966,-104.274518,1119.0,0.1780821917808219,0.08411161,0.076902464,0.0972181,county_prior_months,0.956094,property_damage,0.38820073,flood_events,0.34816632,High
45091,York County,SC,34.970188,-81.183187,282987.0,0.0843641957117083,0.12684949,0.11040659,0.13168557,county_prior_months,1.2296972,month,0.6605625,property_damage,0.31644025,High
48335,Mitchell County,TX,32.304117,-100.924392,8947.0,0.1445014561087227,0.28735578,0.308351,0.3252213,county_disaster_rate,0.7857994,flood_events,0.4965139,property_damage,0.33400288,Medium
48341,Moore County,TX,35.835676,-101.890502,21284.0,0.1347989174303214,0.055323344,0.055342745,0.06389793,county_prior_months,1.2347589,county_disaster_rate,0.52103275,month,0.46127138,High
48343,Morris County,TX,33.116466,-94.731265,11993.0,0.1576607387140902,0.42514378,0.37882468,0.41311,flood_events,0.3815331,property_damage,0.34264934,county_prior_months,0.22472233,High
48345,Motley County,TX,34.057899,-100.793152,1223.0,0.0940310711365494,0.086436294,0.06606803,0.090304166,county_prior_months,0.8730553,property_damage,0.36697558,flood_events,0.34724158,High
48353,Nolan County,TX,32.312338,-100.418108,14657.0,0.1553573916678277,0.23388606,0.24094269,0.2594644,county_prior_months,0.66505766,flood_events_prev1m,0.38380697,month,0.35630357,Medium
31109,Lancaster County,NE,40.783547,-96.688658,322063.0,0.1180171641332371,0.19113834,0.15872018,0.1772934,county_prior_months,1.0531086,month,0.75170606,property_damage,0.31309623,Medium
48485,Wichita County,TX,33.988212,-98.70801,129584.0,0.1575421280077735,0.4445286,0.42168793,0.47091222,month,1.0028082,county_prior_months,0.5573541,wind_events_prev3m,0.38104898,High
48487,Wilbarger County,TX,34.08492,-99.24244,12795.0,0.1839344262295082,0.11762179,0.122986674,0.13374406,county_prior_months,0.5498836,month,0.4361859,property_damage,0.35584527,High
48493,Wilson County,TX,29.173883,-98.086734,50381.0,0.1029026933451427,0.3028924,0.24810685,0.27485725,county_prior_months,0.4165057,month,0.3163934,flood_events,0.28224662,Medium
27055,Houston County,MN,43.66699,-91.501556,18826.0,0.0719281256724768,0.09373635,0.096732326,0.10179631,county_prior_months,0.99126875,property_damage,0.40981483,flood_events,0.34801516,High
55057,Juneau County,WI,43.932836,-90.113984,26695.0,0.1469062033178709,0.30451578,0.28650507,0.31527287,county_prior_months,0.80424726,flood_events,0.512856,property_damage,0.3578138,Medium
08099,Prowers County,CO,37.958181,-102.392161,11968.0,0.175800466039527,0.062043518,0.052959282,0.06595009,county_prior_months,1.2895652,county_disaster_rate,0.39204818,month,0.380333,High
30103,Treasure County,MT,46.227113,-107.275296,680.0,0.0985294117647058,0.21032417,0.18035814,0.2054454,county_prior_months,0.49044555,property_damage,0.45609352,flood_events,0.28434336,Medium
30105,Valley County,MT,48.34985,-106.670424,7552.0,0.1232561289448733,0.1121475,0.116262734,0.120503925,county_prior_months,1.4889438,month,0.63939214,property_damage,0.41247684,High
13179,Liberty County,GA,31.807458,-81.457871,65550.0,0.1535580524344569,0.10308188,0.07950175,0.11313312,county_prior_months,0.8802163,month,0.5209635,county_disaster_rate,0.4483875,High
31095,Jefferson County,NE,40.175736,-97.143103,7185.0,0.1109846328969835,0.08569695,0.08412355,0.10403386,county_prior_months,0.93091947,flood_events,0.3763828,property_damage,0.3431049,High
31067,Gage County,NE,40.255234,-96.683453,21654.0,0.1335185795695379,0.14622638,0.15264323,0.16168322,county_prior_months,0.8384356,property_damage,0.38873053,month,0.33814043,High
48387,Red River County,TX,33.619625,-95.048429,11627.0,0.2021174205967276,0.34348407,0.30123875,0.3406657,county_prior_months,0.6477684,flood_events,0.52152485,property_damage,0.37474656,Medium
48415,Scurry County,TX,32.744353,-100.913346,16883.0,0.118220966222581,0.37276387,0.34437138,0.3996366,flood_events,1.0677664,county_prior_months,0.73842525,county_disaster_rate,0.54564047,Low
45049,Hampton County,SC,32.778334,-81.143822,18890.0,0.1998340707964601,0.20103972,0.16657507,0.24377257,county_prior_months,0.8627556,month,0.7439868,property_damage,0.4047759,Low
08017,Cheyenne County,CO,38.835646,-102.601791,1726.0,0.1087344028520499,0.044965122,0.048595645,0.05759488,county_prior_months,1.4137869,property_damage,0.43502304,month,0.37176785,High
56043,Washakie County,WY,43.878831,-107.669052,7725.0,0.066648999602491,0.2884392,0.26434126,0.28189713,county_prior_months,0.89102614,winter_events,0.3963045,property_damage,0.37964502,Medium
48479,Webb County,TX,27.760799,-99.340752,267282.0,0.2138728980457506,0.50935006,0.4781978,0.52566206,flood_events_prev1m,0.45867702,flood_events,0.44187638,county_prior_months,0.30254617,High
26055,Grand Traverse County,MI,44.718688,-85.553848,95315.0,0.1040393501266954,0.28588963,0.33041102,0.3559536,county_disaster_rate,0.76248014,flood_events,0.74327296,county_prior_months,0.6181625,Medium
31039,Cuming County,NE,41.915865,-96.788517,9000.0,0.0765409799051704,0.074558295,0.076406986,0.089265324,county_prior_months,0.94889295,property_damage,0.3641113,flood_events,0.3530783,High
08031,Denver County,CO,39.76185,-104.881105,710800.0,0.116958670871489,0.28797272,0.26334596,0.28283224,county_prior_months,1.1000191,month,0.6713108,winter_events,0.38045898,Medium
08014,Broomfield County,CO,39.953593,-105.050787,73946.0,0.0500796319235533,0.2233558,0.17382763,0.2114978,county_prior_months,1.1884077,winter_events,0.5166706,property_damage,0.3752858,Medium
48453,Travis County,TX,30.239513,-97.69127,1289054.0,0.1128148716596301,0.11555903,0.10334254,0.122505434,county_prior_months,1.3265424,flood_events,0.41418788,total_population,0.3491108,High
48459,Upshur County,TX,32.735349,-94.941184,41261.0,0.1455891425046267,0.17574179,0.17064472,0.17906366,county_prior_months,0.7457738,month,0.52319866,property_damage,0.3606297,Medium
48465,Val Verde County,TX,29.875285,-101.143324,47693.0,0.1619898237721922,0.35488,0.32673433,0.38282442,county_prior_months,0.6980659,month,0.45455444,flood_events,0.4440276,Low
48469,Victoria County,TX,28.79637,-96.971198,91209.0,0.1664223120054616,0.15057762,0.13776267,0.16103628,county_prior_months,0.4848914,property_damage,0.30623457,flood_events,0.2895232,Medium
48473,Waller County,TX,30.01359,-95.982149,57463.0,0.1302752987445167,0.26393586,0.27559114,0.2933927,month,0.35977218,property_damage,0.3116258,flood_events,0.29261416,Medium
31021,Burt County,NE,41.854179,-96.337746,6717.0,0.1419948694733665,0.09348725,0.09494851,0.09895184,county_prior_months,1.0166773,property_damage,0.38788757,flood_events,0.35184914,High
31023,Butler County,NE,41.226072,-97.132039,8373.0,0.0788831992197025,0.098371215,0.08669637,0.10131114,county_prior_months,0.9777537,property_damage,0.3852263,flood_events,0.3808717,High
30111,Yellowstone County,MT,45.936987,-108.276656,165524.0,0.1071205939897421,0.2729,0.20993212,0.2282378,county_prior_months,0.7492218,month,0.7452671,property_damage,0.3064886,Medium
35053,Socorro County,NM,33.991658,-106.939136,16453.0,0.3053493241956977,0.25489944,0.24672477,0.2785064,month,0.5586236,county_prior_months,0.46459156,property_damage,0.4030312,Medium
45021,Cherokee County,SC,35.049796,-81.607647,56200.0,0.1798618539132326,0.24176282,0.2177548,0.2460863,month,0.7711085,county_prior_months,0.7104994,property_damage,0.44202256,Medium
08077,Mesa County,CO,39.019524,-108.460571,156131.0,0.1145840859085087,0.04434341,0.040223178,0.05303234,county_prior_months,1.4604042,county_disaster_rate,0.48735365,month,0.4016575,High
08089,Otero County,CO,37.88417,-103.72126,18580.0,0.2399338113623828,0.0647181,0.070351,0.07467117,county_prior_months,1.0451944,county_disaster_rate,0.54386586,month,0.41541618,High
48423,Smith County,TX,32.375105,-95.268939,234667.0,0.126128296201567,0.2218868,0.17878513,0.20131896,county_prior_months,1.2015777,month,0.49867418,flood_events,0.4872316,Medium
48435,Sutton County,TX,30.522185,-100.513359,3345.0,0.1656644618159952,0.58424807,0.57524776,0.62046033,county_prior_months,0.3953771,flood_events,0.34711152,property_damage,0.33365947,High
48441,Taylor County,TX,32.297126,-99.89043,143029.0,0.1458220630163023,0.3109225,0.28150514,0.3367012,county_prior_months,0.9445928,month,0.5247326,flood_events,0.429771,Low
48165,Gaines County,TX,32.743942,-102.631561,21523.0,0.1266071345083921,0.42833287,0.41242212,0.4396299,county_prior_months,0.5882406,flood_events,0.5237594,month,0.34319046,High
19127,Marshall County,IA,42.0417,-92.981403,40049.0,0.1116716945802559,0.07298765,0.060684584,0.07204879,county_prior_months,1.5520885,property_damage,0.36123955,flood_events,0.2719779,High
48135,Ector County,TX,31.865301,-102.542507,162300.0,0.1578359559254776,0.27678394,0.27170026,0.28076208,county_prior_months,0.9135849,flood_events,0.5114719,month,0.5055492,Medium
99143,99143,99,39.5,-98.35,,,0.12163742,0.08783372,0.09332075,total_population,0.71967775,county_disaster_rate,0.6350744,flood_events,0.3205192,High
99145,99145,99,39.5,-98.35,,,0.089787945,0.07731589,0.09906719,total_population,0.6675767,county_disaster_rate,0.64310116,county_prior_months,0.46430263,High
40037,Creek County,OK,35.907398,-96.380177,72076.0,0.1355113114499286,0.074087135,0.084203236,0.09406914,county_prior_months,1.1190957,property_damage,0.34895307,flood_events,0.32252276,High
30003,Big Horn County,MT,45.407868,-107.518162,13090.0,0.2573483427141964,0.28175765,0.27427483,0.29736933,county_prior_months,1.0719304,winter_events,0.5356547,property_damage,0.39188758,Medium
30005,Blaine County,MT,48.428282,-108.967648,7030.0,0.2019105514546244,0.3793668,0.37612152,0.40427673,property_damage,0.3143605,winter_events,0.290436,flood_events,0.2807324,Medium
30007,Broadwater County,MT,46.329849,-111.497873,6977.0,0.0914872091342679,0.5391293,0.4853759,0.53769314,month,0.72102255,county_prior_months,0.47129315,property_damage,0.3551907,Low
55019,Clark County,WI,44.739346,-90.609953,34703.0,0.1224945629812496,0.11258697,0.10284405,0.11014212,county_prior_months,1.1332448,property_damage,0.40717414,flood_events,0.31460407,High
40049,Garvin County,OK,34.70935,-97.312723,25806.0,0.1469717893075557,0.32623315,0.29051942,0.305122,county_prior_months,0.73610014,flood_events,0.5002214,property_damage,0.41160297,Medium
40055,Greer County,OK,34.933853,-99.552968,5531.0,0.1657092355280601,0.11248137,0.1046645,0.109563395,county_prior_months,0.4964526,property_damage,0.40092075,flood_events,0.29979116,High
99113,99113,99,39.5,-98.35,,,0.19359726,0.16529682,0.22925279,total_population,0.7975334,county_disaster_rate,0.6730043,flood_events,0.6004916,Low
36075,Oswego County,NY,43.461443,-76.209262,118037.0,0.1712538226299694,0.18349122,0.18715388,0.23173307,county_prior_months,1.3794365,month,0.52943283,flood_events,0.37075838,Medium
99103,99103,99,39.5,-98.35,,,0.09481756,0.06796943,0.076646365,county_disaster_rate,1.0088007,total_population,0.8418689,flood_events,0.7017995,High
99151,99151,99,39.5,-98.35,,,0.06570489,0.06423218,0.06661353,total_population,0.75766003,county_disaster_rate,0.66839796,month,0.31221938,High
37053,Currituck County,NC,36.372174,-75.941224,28616.0,0.0847254950233883,0.15225375,0.16231117,0.19310687,month,1.3330024,county_prior_months,0.6937243,flood_events_prev1m,0.521021,Medium
02105,Hoonah-Angoon Census Area,AK,58.403336,-135.884909,2329.0,0.1155002146844139,0.20913948,0.2252392,0.23759842,month,0.61382437,winter_events,0.5723029,property_damage,0.49853784,Medium
02158,Kusilvak Census Area,AK,62.283588,-163.190171,8372.0,0.3425948296690022,0.061776005,0.043929987,0.054708563,month,0.7780404,property_damage,0.369212,county_prior_months,0.33391076,High
26003,Alger County,MI,46.521736,-86.657119,8866.0,0.1025083184028666,0.030336892,0.026689462,0.028077304,county_prior_months,1.4199069,month,0.7712161,property_damage,0.5323461,High
26009,Antrim County,MI,45.005455,-85.175639,23662.0,0.0938019878001962,0.015817344,0.018128868,0.021738581,county_prior_months,1.2178022,month,0.8194188,property_damage,0.55025053,High
26013,Baraga County,MI,46.695859,-88.36181,8245.0,0.1217379233759022,0.06806998,0.05806925,0.06186164,county_prior_months,1.1302776,month,0.795701,property_damage,0.5163942,High
45023,Chester County,SC,34.689342,-81.161249,32171.0,0.1894997182393087,0.044139966,0.038444143,0.04860965,county_prior_months,1.0883029,month,0.94713897,property_damage,0.44011194,High
56037,Sweetwater County,WY,41.660328,-108.875677,42079.0,0.1165476994308864,0.008532931,0.0071576927,0.008185093,county_prior_months,1.6600547,month,0.87779135,property_damage,0.48170954,High
48427,Starr County,TX,26.530903,-98.740235,65716.0,0.334602394841879,0.20694403,0.16472383,0.21290739,month,0.8621659,property_damage,0.40437633,flood_events,0.31056204,Medium
56017,Hot Springs County,WY,43.720209,-108.435076,4616.0,0.1608219790037972,0.018168807,0.014527204,0.01736218,county_prior_months,1.5013597,month,0.8832512,property_damage,0.58741575,High
08067,La Plata County,CO,37.287367,-107.839718,55983.0,0.1142092142923091,0.026912017,0.021329986,0.023996618,county_prior_months,1.6636273,month,0.79155,property_damage,0.5110256,High
08053,Hinsdale County,CO,37.811519,-107.383974,911.0,0.0735455543358946,0.018074235,0.012303523,0.014928997,county_prior_months,1.5496912,month,0.81513685,property_damage,0.62432873,High
26031,Cheboygan County,MI,45.476022,-84.495431,25709.0,0.1191909652540038,0.07268106,0.071786135,0.08255475,month,0.7868305,county_prior_months,0.5413148,property_damage,0.46415696,High
26033,Chippewa County,MI,46.321819,-84.52063,36670.0,0.1646741926697134,0.51297385,0.5263039,0.52980274,winter_events,0.553404,month,0.46403357,county_prior_months,0.41031036,High
26039,Crawford County,MI,44.680175,-84.611343,13197.0,0.1383183321793984,0.10116276,0.10936389,0.120253555,month,0.79167783,county_prior_months,0.52599746,property_damage,0.46636724,High
26053,Gogebic County,MI,46.488054,-89.788314,14597.0,0.1410374354256598,0.04785373,0.047295332,0.0625888,county_prior_months,1.5275152,month,0.8723924,property_damage,0.52153975,High
53025,Grant County,WA,47.213633,-119.467788,99145.0,0.142608642578125,0.036827553,0.028427832,0.034668457,month,1.0406857,county_prior_months,0.6041859,property_damage,0.32558233,High
08033,Dolores County,CO,37.733823,-108.506219,2329.0,0.1670244740231859,0.015014819,0.012026207,0.014210214,county_prior_months,1.7003955,month,0.85183686,property_damage,0.6328518,High
26131,Ontonagon County,MI,46.835325,-89.276912,5862.0,0.1368257797690849,0.027710961,0.028669812,0.037655007,county_prior_months,1.3909281,month,0.8375449,property_damage,0.5832657,High
42129,Westmoreland County,PA,40.311068,-79.466688,354414.0,0.097260254250709,0.028717875,0.023292826,0.029589582,county_prior_months,1.3586969,month,0.48554167,county_disaster_rate,0.39622927,High
26079,Kalkaska County,MI,44.678881,-85.088992,17934.0,0.1471581316826111,0.060215343,0.05947847,0.075105526,month,0.8033903,county_prior_months,0.687926,property_damage,0.47362688,High
26095,Luce County,MI,46.510988,-85.517552,5442.0,0.1826857532379004,0.08330676,0.08590675,0.09819921,county_prior_months,0.8409267,month,0.7582587,property_damage,0.50249916,High
08083,Montezuma County,CO,37.338025,-108.595786,26070.0,0.1254562398074085,0.019307846,0.018787848,0.022886585,county_prior_months,1.5662318,month,0.82636786,property_damage,0.5307582,High
26061,Houghton County,MI,46.998427,-88.651903,37414.0,0.1727321143262914,0.032291327,0.028428713,0.033226166,county_prior_months,1.5258024,month,0.91405255,property_damage,0.5504051,High
26029,Charlevoix County,MI,45.618554,-85.543684,26174.0,0.0863404057611894,0.31983978,0.30704597,0.34456998,county_prior_months,0.4659618,month,0.46381363,property_damage,0.42308387,Medium
06107,Tulare County,CA,36.228834,-118.781055,473446.0,0.1847070570150026,0.02803934,0.022611171,0.02814854,month,1.0374275,county_prior_months,0.91519886,property_damage,0.33165446,High
08007,Archuleta County,CO,37.202395,-107.050863,13509.0,0.0815473078933612,0.019875403,0.013085095,0.016301943,county_prior_months,1.533779,month,0.87423307,property_damage,0.5566471,High
22115,Vernon Parish,LA,31.102841,-93.18833,48452.0,0.1804611546072442,0.032054543,0.028813321,0.042923052,county_prior_months,1.2040017,month,0.93520087,property_damage,0.43074,High
22069,Natchitoches Parish,LA,31.732509,-93.082546,37478.0,0.2592446225935753,0.17319268,0.111259826,0.16429052,county_prior_months,1.121993,property_damage,0.86008656,month,0.5814934,Low
22079,Rapides Parish,LA,31.193204,-92.535953,129536.0,0.1832314147254542,0.026238393,0.020856807,0.02933592,county_prior_months,1.557036,month,0.89929867,property_damage,0.41156906,High
06079,San Luis Obispo County,CA,35.388189,-120.448897,281712.0,0.1258375990568149,0.09834035,0.083887845,0.099575736,month,0.9303304,property_damage,0.3021425,wind_events,0.28727415,High
22065,Madison Parish,LA,32.346878,-91.231932,10028.0,0.3809692671394799,0.016120244,0.014589576,0.018172815,month,1.0185522,county_prior_months,0.8919547,property_damage,0.5596279,High
27031,Cook County,MN,47.758556,-90.344319,5611.0,0.0858376822026273,0.041047502,0.03482501,0.04399327,month,1.1600301,property_damage,0.42845643,flood_events,0.28352392,High
26137,Otsego County,MI,45.021787,-84.576603,25221.0,0.1066575540725255,0.04615866,0.039232105,0.04340286,county_prior_months,1.0670303,month,0.82016575,property_damage,0.49892393,High
26153,Schoolcraft County,MI,46.021122,-86.197029,8062.0,0.1600201283180274,0.029883519,0.034693155,0.03712859,county_prior_months,1.2268785,month,0.7754766,county_disaster_rate,0.5303504,High
53043,Lincoln County,WA,47.582743,-118.417692,11036.0,0.1163686382393397,0.024863338,0.02303037,0.027361136,month,1.0123004,property_damage,0.6234007,county_prior_months,0.5425114,High
08113,San Miguel County,CO,38.009319,-108.427263,8082.0,0.0847836897066136,0.01405707,0.011147727,0.013934351,county_prior_months,1.618549,month,0.88490516,property_damage,0.5643559,High
55007,Bayfield County,WI,46.634199,-91.177282,16214.0,0.1044301825658919,0.033153355,0.03456759,0.035938032,month,1.0387385,county_prior_months,0.5692703,property_damage,0.46086484,High
49053,Washington County,UT,37.262531,-113.4878,183297.0,0.0881614037800023,0.06398531,0.058782533,0.06868831,county_prior_months,0.8194252,month,0.7627142,property_damage,0.42933908,High
27075,Lake County,MN,47.517111,-91.411704,10915.0,0.0860345632881831,0.07713888,0.0705173,0.092285454,month,1.0732527,property_damage,0.42961803,flood_events,0.31029075,High
30095,Stillwater County,MT,45.658545,-109.381576,8978.0,0.0801754188687731,0.017756505,0.014103714,0.016942643,county_prior_months,1.5188718,month,0.9822307,property_damage,0.6291567,High
08111,San Juan County,CO,37.781049,-107.670257,690.0,0.1913043478260869,0.01837174,0.012024379,0.019776873,county_prior_months,1.4136552,month,0.79787856,property_damage,0.62013066,High
22019,Calcasieu Parish,LA,30.229559,-93.358015,210770.0,0.1713674719685585,0.0377789,0.03892862,0.049262363,county_prior_months,1.4121151,month,0.9768285,property_damage,0.42202982,High
22029,Concordia Parish,LA,31.469805,-91.626315,18677.0,0.3387441511177864,0.12913726,0.102776006,0.10983771,county_prior_months,0.85721767,month,0.81759626,property_damage,0.69654876,High
22043,Grant Parish,LA,31.597787,-92.561716,22185.0,0.1500893702029229,0.025141224,0.0223413,0.0248926,month,1.0498782,county_prior_months,0.90058506,property_damage,0.47694167,High
22009,Avoyelles Parish,LA,31.088503,-91.983275,39529.0,0.2794509998074648,0.42540815,0.32587948,0.35770535,property_damage,1.7248794,county_prior_months,0.849588,month,0.6482614,High
06057,Nevada County,CA,39.297508,-120.771343,102322.0,0.1037110898302909,0.02651215,0.028781908,0.044075727,month,1.0981189,county_prior_months,1.0564868,median_home_value,0.3315606,High
30071,Phillips County,MT,48.250143,-107.928897,4233.0,0.069477719214183,0.009355952,0.008353112,0.010111456,county_prior_months,1.590154,month,1.054802,property_damage,0.5046489,High
42063,Indiana County,PA,40.651432,-79.087545,83394.0,0.129730007449842,0.116557784,0.058639623,0.0911708,county_prior_months,0.651606,month,0.43902913,flood_events,0.31654188,High
27137,St. Louis County,MN,47.578635,-92.514585,200122.0,0.1372666006049318,0.035576772,0.029222889,0.032421544,county_prior_months,1.0199559,month,0.76898307,property_damage,0.41447577,High
53051,Pend Oreille County,WA,48.543825,-117.232191,13570.0,0.1292877961288394,0.022937631,0.021227187,0.024035797,month,1.0461988,property_damage,0.64847696,county_prior_months,0.5169473,High
56033,Sheridan County,WY,44.781369,-106.881211,31176.0,0.0868031516829855,0.06288992,0.056229673,0.061133362,month,0.9568958,county_prior_months,0.6464646,property_damage,0.51995176,High
53001,Adams County,WA,47.011238,-118.512861,20557.0,0.2092748486191109,0.07819413,0.06887339,0.08358118,month,0.97648066,property_damage,0.32364592,flood_events,0.26767617,High
05147,Woodruff County,AR,35.192777,-91.244535,6259.0,0.1900497512437811,0.04925977,0.045166317,0.0523589,county_prior_months,1.6014065,month,1.1368955,property_damage,0.5762677,High
53065,Stevens County,WA,48.388728,-117.854455,46774.0,0.1329607009517232,0.024582222,0.019760504,0.024161126,month,0.8692572,property_damage,0.6016129,county_prior_months,0.51283574,High
53063,Spokane County,WA,47.620375,-117.403371,538711.0,0.1231090314772283,0.0153552955,0.013397734,0.0171754,county_prior_months,1.140033,month,0.8454254,property_damage,0.54055405,High
28037,Franklin County,MS,31.477773,-90.895457,7690.0,0.2377189516660081,0.12224961,0.11676772,0.13943055,county_prior_months,1.0329324,month,0.692393,flood_events,0.34090424,High
50005,Caledonia County,VT,44.468791,-72.112168,30418.0,0.1180996085841544,0.03243137,0.030723328,0.035948418,county_prior_months,1.5901479,month,0.954992,property_damage,0.54294616,High
15001,Hawaii County,HI,19.597764,-155.502443,202163.0,0.1409537728483052,0.027845932,0.023098309,0.025687661,county_prior_months,1.4198228,month,1.0302831,flood_events,0.4682748,High
99037,99037,99,39.5,-98.35,,,0.029793506,0.020899985,0.024836812,total_population,0.82126015,month,0.81103677,county_disaster_rate,0.66411734,High
32023,Nye County,NV,37.965864,-116.459011,51698.0,0.1529379244984994,0.015277877,0.009609023,0.014725137,county_prior_months,1.4039139,month,0.8729091,property_damage,0.40763512,High
32013,Humboldt County,NV,41.407914,-118.127591,17266.0,0.143308746048472,0.034948874,0.025890067,0.032084994,month,0.85829496,county_prior_months,0.7923661,property_damage,0.43543705,High
32003,Clark County,NV,36.21413,-115.014398,2265926.0,0.1335567760911789,0.010237386,0.0061182487,0.009083034,county_prior_months,1.4360745,month,0.75389415,property_damage,0.47549146,High
16009,Benewah County,ID,47.218451,-116.633541,9731.0,0.145139396470711,0.02055981,0.017641231,0.01861987,month,1.250937,property_damage,0.6164668,county_prior_months,0.39017856,High
20191,Sumner County,KS,37.236662,-97.493352,22517.0,0.1157980677643216,0.059370454,0.042647347,0.05933208,county_prior_months,1.3695033,month,1.0046487,property_damage,0.58014786,High
28085,Lincoln County,MS,31.535216,-90.453566,34855.0,0.2233182029795158,0.09371163,0.07163766,0.08772806,county_prior_months,1.1803418,property_damage,1.1050068,month,0.93996507,High
28089,Madison County,MS,32.63437,-90.03416,109257.0,0.0979323937376817,0.036479034,0.02331738,0.025626348,county_prior_months,1.4811649,month,0.6868431,flood_events,0.30756104,High
30059,Meagher County,MT,46.5857,-110.92174,1948.0,0.1200861604738826,0.11502561,0.09474062,0.110934645,month,0.8526749,county_prior_months,0.4680855,property_damage,0.46007398,High
12009,Brevard County,FL,28.298311,-80.700333,610723.0,0.1010446605226453,0.030777428,0.024527622,0.04170327,county_prior_months,1.4296086,month,1.2109334,tropical_events_prev3m,0.4038059,High
20173,Sedgwick County,KS,37.681045,-97.461054,522700.0,0.1366402324501857,0.060193896,0.056851976,0.066825606,county_prior_months,1.5796999,month,0.79800177,property_damage,0.39922017,High
99053,99053,99,39.5,-98.35,,,0.02507005,0.025345063,0.03168764,month,0.9754723,county_disaster_rate,0.8875796,total_population,0.6914814,High
16021,Boundary County,ID,48.773131,-116.524668,12335.0,0.1849382716049382,0.015220051,0.012587956,0.015691567,month,1.1644895,property_damage,0.5993683,county_prior_months,0.5057823,High
48245,Jefferson County,TX,29.854,-94.149331,254942.0,0.1819322511700663,0.07067749,0.06924595,0.07736873,county_prior_months,0.94835037,month,0.878325,property_damage,0.39796126,High
12011,Broward County,FL,26.193535,-80.476683,1940907.0,0.1242288998607313,0.04265151,0.02795941,0.048959732,county_prior_months,1.5055342,total_population,0.84298146,month,0.7730034,High
40007,Beaver County,OK,36.748334,-100.483056,5071.0,0.0706948640483383,0.0563155,0.0416997,0.04323636,county_prior_months,1.4312407,month,0.92440367,property_damage,0.5527295,High
12023,Columbia County,FL,30.221651,-82.623371,69832.0,0.1568518860377823,0.0435954,0.042938333,0.055536553,county_prior_months,1.1567676,month,0.85905147,property_damage,0.44478917,High
28077,Lawrence County,MS,31.550009,-90.10753,11933.0,0.2251405555089368,0.089565165,0.06763539,0.075267024,county_prior_months,1.4046651,month,0.6201869,flood_events,0.31949398,High
28079,Leake County,MS,32.76063,-89.52225,21335.0,0.2096735187424425,0.019284038,0.016028414,0.023111794,county_prior_months,1.6435312,month,0.9615235,property_damage,0.64310336,High
20159,Rice County,KS,38.347178,-98.201415,9441.0,0.0977340352483405,0.055869848,0.056471106,0.067204416,county_prior_months,1.3267494,month,0.9544268,property_damage,0.55931866,High
20169,Saline County,KS,38.791804,-97.651478,54160.0,0.1195160861473012,0.052140027,0.051785152,0.056950692,county_prior_months,1.3332423,month,0.88490117,property_damage,0.4943241,High
20155,Reno County,KS,37.948185,-98.078346,61881.0,0.1232704188437122,0.05312186,0.0497002,0.06066043,county_prior_months,1.5903078,month,0.80561095,property_damage,0.50106186,High
99061,99061,99,39.5,-98.35,,,0.009953528,0.011589383,0.01296844,county_disaster_rate,1.2488354,month,0.9378868,total_population,0.51996154,High
04009,Graham County,AZ,32.931828,-109.87831,38453.0,0.176677443139924,0.022036426,0.018477922,0.023258006,county_prior_months,1.0059831,month,0.86899984,property_damage,0.45343974,High
99089,99089,99,39.5,-98.35,,,0.04694889,0.030745573,0.03441897,total_population,0.9279255,month,0.72540796,county_disaster_rate,0.63414437,High
53073,Whatcom County,WA,48.842653,-121.836432,226523.0,0.1286874056394818,0.27622017,0.28699583,0.30486476,month,0.7967458,property_damage,0.37118095,median_home_value,0.3143327,Medium
28149,Warren County,MS,32.356095,-90.852384,44341.0,0.1811758249296837,0.018034238,0.013607319,0.016734386,county_prior_months,1.5946474,month,0.8793716,property_damage,0.37859437,High
28157,Wilkinson County,MS,31.161091,-91.324617,8531.0,0.2151303413061005,0.06776013,0.053625587,0.06762882,month,1.0819732,property_damage,0.46163276,flood_events,0.31446514,High
30051,Liberty County,MT,48.559654,-111.036924,1993.0,0.2619532044760936,0.13666445,0.09854032,0.12281024,month,0.71814543,county_prior_months,0.47666055,property_damage,0.39309347,High
99091,99091,99,39.5,-98.35,,,0.021523511,0.019379903,0.022404328,month,0.7702428,total_population,0.7118117,county_disaster_rate,0.6470729,High
16083,Twin Falls County,ID,42.352309,-114.665639,90592.0,0.1248247001671659,0.04226551,0.036889877,0.04179156,month,0.93329453,county_disaster_rate,0.40074185,property_damage,0.34796014,High
16047,Gooding County,ID,42.973185,-114.82142,15520.0,0.133042458973691,0.12248598,0.12163412,0.12957816,month,0.90644,property_damage,0.35905877,county_prior_months,0.33027446,High
04007,Gila County,AZ,33.789618,-110.81187,53419.0,0.1899340693038945,0.03986412,0.040214606,0.046047624,county_prior_months,1.1811937,month,0.91792536,property_damage,0.42669123,High
99071,99071,99,39.5,-98.35,,,0.024879476,0.023351718,0.024310667,month,0.77456236,total_population,0.72299206,county_disaster_rate,0.6533186,High
99095,99095,99,39.5,-98.35,,,0.02140153,0.0169257,0.019617148,month,0.7840027,total_population,0.75835216,county_disaster_rate,0.66583705,High
35007,Colfax County,NM,36.612964,-104.64011,12370.0,0.1808149405772496,0.033858586,0.03186993,0.033495314,month,1.0116953,county_prior_months,0.60156685,property_damage,0.4468389,High
12061,Indian River County,FL,27.700528,-80.574789,160986.0,0.1142841014576381,0.6993635,0.71653044,0.7397449,property_damage,1.335088,month,0.6044749,flood_events,0.35675335,High
56025,Natrona County,WY,42.977645,-106.768219,79506.0,0.0912750301258877,0.011782289,0.007077236,0.008768046,county_prior_months,1.4906355,month,0.94433576,county_disaster_rate,0.6472417,High
53075,Whitman County,WA,46.905944,-117.53539,47141.0,0.2385776911836337,0.054333165,0.045901094,0.055800695,month,0.83134776,county_prior_months,0.5735775,property_damage,0.4273588,High
16053,Jerome County,ID,42.691395,-114.262086,24474.0,0.1474218717747595,0.07979038,0.07209827,0.080609456,month,0.8764487,property_damage,0.36761016,flood_events,0.27408367,High
16055,Kootenai County,ID,47.675957,-116.695919,173396.0,0.0927385867848829,0.019938309,0.015625067,0.02504631,month,1.1029361,county_prior_months,0.85037,property_damage,0.56246126,High
16057,Latah County,ID,46.81892,-116.730974,39872.0,0.1395382988721804,0.031264376,0.020385377,0.027147109,month,1.0724957,property_damage,0.56755984,county_prior_months,0.49078992,High
55113,Sawyer County,WI,45.864999,-91.147063,18057.0,0.1324138713888416,0.0732449,0.0683388,0.07741292,month,0.8073388,property_damage,0.4339552,flood_events,0.2695533,High
20133,Neosho County,KS,37.564283,-95.315682,15826.0,0.1495975394280479,0.087674096,0.06673979,0.117554456,county_prior_months,1.0030706,month,0.95924675,deaths,0.82681686,Low
20113,McPherson County,KS,38.395812,-97.647489,30085.0,0.1062631949331456,0.04004483,0.030140083,0.03746748,county_prior_months,1.5652908,month,0.8671612,property_damage,0.51898444,High
20115,Marion County,KS,38.359647,-97.102771,11867.0,0.0876796528970442,0.060668953,0.062572934,0.08328447,county_prior_months,1.3414443,month,0.9353311,property_damage,0.5302039,High
99097,99097,99,39.5,-98.35,,,0.035608023,0.031037193,0.03883058,month,0.74173003,county_disaster_rate,0.64285845,total_population,0.59043497,High
02240,Southeast Fairbanks Census Area,AK,63.864997,-143.218628,6888.0,0.1316715542521994,0.063367076,0.051297054,0.053103637,month,1.046934,county_disaster_rate,0.56624496,property_damage,0.3129683,High
02290,Yukon-Koyukuk Census Area,AK,65.375727,-151.57785,5355.0,0.2290881688018086,0.06623371,0.052766167,0.06808253,month,0.8289745,county_prior_months,0.41248024,wind_events,0.37387946,High
35015,Eddy County,NM,32.457835,-104.306434,61264.0,0.117645118189466,0.033339128,0.02320638,0.03282704,county_prior_months,1.5568676,month,0.8216003,property_damage,0.43105248,High
48205,Hartley County,TX,35.840244,-102.610047,5369.0,0.0694444444444444,0.014681378,0.010749462,0.013407918,county_prior_months,1.2280982,month,0.9379674,property_damage,0.51540667,High
41023,Grant County,OR,44.496326,-119.014057,7237.0,0.1648958776030599,0.19667706,0.1751118,0.21511045,month,0.688571,property_damage,0.3812633,county_prior_months,0.2973297,Medium
49045,Tooele County,UT,40.467753,-113.123979,74032.0,0.0453694978216631,0.034396473,0.02884823,0.033232905,county_prior_months,1.0277282,month,0.8384732,property_damage,0.44751677,High
49049,Utah County,UT,40.120418,-111.668563,666021.0,0.0886706715958102,0.056002345,0.039673213,0.04953406,month,0.7855794,county_prior_months,0.48016116,property_damage,0.37724876,High
20095,Kingman County,KS,37.552951,-98.144529,7369.0,0.0788490800940655,0.06488845,0.055693798,0.062243767,county_prior_months,1.3205329,month,0.94047725,property_damage,0.5550354,High
20077,Harper County,KS,37.188184,-98.06659,5457.0,0.155308734939759,0.093027845,0.0954319,0.09588831,county_prior_months,1.1523223,month,0.9069385,property_damage,0.5541914,High
20079,Harvey County,KS,38.050144,-97.436706,33959.0,0.0968907949149946,0.101221316,0.10420721,0.13023433,county_prior_months,1.1675386,month,0.8832465,injuries,0.4079953,High
20053,Ellsworth County,KS,38.700845,-98.205355,6374.0,0.0874651810584958,0.056481026,0.04935314,0.05511944,county_prior_months,1.3666383,month,0.9109257,property_damage,0.55488205,High
20041,Dickinson County,KS,38.867735,-97.157943,18492.0,0.0884090783588271,0.0659484,0.062186815,0.07160784,county_prior_months,1.3917208,month,0.9398408,winter_events,0.52713925,High
20017,Chase County,KS,38.299475,-96.594029,2570.0,0.0875557357113903,0.05757035,0.06349845,0.077491835,month,1.1153272,county_prior_months,1.1042753,property_damage,0.6204973,High
12086,Miami-Dade County,FL,25.616009,-80.50375,2688237.0,0.1525811329762001,0.018864086,0.009333264,0.017566191,county_prior_months,1.6764393,month,1.0589597,total_population,0.7564028,High
30015,Chouteau County,MT,47.886834,-110.4362,5897.0,0.1505486968449931,0.039980073,0.036178835,0.04010371,month,1.1989219,county_prior_months,0.58646715,property_damage,0.49095958,High
47059,Greene County,TN,36.179487,-82.847523,70399.0,0.1560403176184476,0.019369109,0.013309025,0.014859001,county_prior_months,1.3709999,month,0.9934085,property_damage,0.41808337,High
02185,North Slope Borough,AK,69.449343,-153.47283,10924.0,0.0794033169646993,0.27172995,0.25640714,0.277978,month,0.67028457,winter_events,0.5824233,county_disaster_rate,0.53418916,Medium
02068,Denali Borough,AK,63.682039,-150.027016,2101.0,0.0730994152046783,0.07148464,0.050170474,0.062999345,month,0.9314683,property_damage,0.3645408,flood_events,0.26569852,High
35033,Mora County,NM,35.982841,-104.921898,4208.0,0.2172668733603625,0.04201987,0.035464395,0.041113034,month,0.8887483,property_damage,0.5138422,homeownership_rate,0.4408173,High
48167,Galveston County,TX,29.233927,-94.888197,350801.0,0.1101845352392112,0.032095123,0.035581417,0.038563922,county_prior_months,1.2955563,month,1.0087754,property_damage,0.5616362,High
20009,Barton County,KS,38.481239,-98.767837,25477.0,0.1446870216708289,0.044882447,0.039844766,0.052566707,county_prior_months,1.5024186,month,0.97362113,property_damage,0.5305126,High
20015,Butler County,KS,37.773649,-96.83884,67618.0,0.0791118574493889,0.025665669,0.029172195,0.038754106,county_prior_months,1.6447957,month,1.1470472,property_damage,0.5739151,High
48061,Cameron County,TX,26.102923,-97.478958,421854.0,0.2534448807151126,0.0840526,0.05122428,0.060218573,month,0.8291836,county_prior_months,0.7826456,flood_events_prev1m,0.49661288,High
30009,Carbon County,MT,45.224468,-109.028554,10645.0,0.1025420489296636,0.022476988,0.016725728,0.020691436,county_prior_months,1.4161988,month,1.0283762,property_damage,0.59275335,High
02101,02101,02,64.2,-149.5,,,0.029728744,0.020722471,0.025733134,total_population,0.87221175,month,0.8342153,county_disaster_rate,0.6602985,High
99137,99137,99,39.5,-98.35,,,0.045162488,0.031784065,0.035398044,total_population,0.761795,month,0.7371676,county_disaster_rate,0.6565551,High
01061,Geneva County,AL,31.092382,-85.821022,26647.0,0.2083174941078081,0.17033976,0.17629533,0.20950995,county_prior_months,1.0817466,property_damage,0.8228033,month,0.645762,Medium
48071,Chambers County,TX,29.696374,-94.669445,47037.0,0.1370238069773908,0.20337096,0.1849583,0.21078794,month,0.9319885,property_damage,0.4136985,flood_events,0.34596393,Medium
36029,Erie County,NY,42.752759,-78.778192,951232.0,0.1375210797122922,0.012608293,0.010515028,0.011051703,county_prior_months,1.6219922,month,0.81911135,property_damage,0.3207905,High
01067,Henry County,AL,31.516978,-85.239971,17282.0,0.1551734396382459,0.13814078,0.13146852,0.14810416,county_prior_months,1.066064,flood_events,0.357493,month,0.29278755,High
01033,Colbert County,AL,34.703112,-87.801457,57270.0,0.1587873012511691,0.030546896,0.028889596,0.032697894,county_prior_months,1.2339202,property_damage,0.5535645,flood_events,0.35311764,High
01043,Cullman County,AL,34.131923,-86.869267,88284.0,0.1303196064265318,0.02147718,0.017970419,0.027373191,county_prior_months,1.3195428,property_damage,0.5684504,month,0.35681638,High
37041,Chowan County,NC,36.128979,-76.602752,13835.0,0.2087410786549922,0.22190227,0.20138878,0.24439976,flood_events,0.5233499,county_prior_months,0.4757437,month,0.42958245,Medium
37061,Duplin County,NC,34.934403,-77.933543,49312.0,0.1852140716719346,0.6184028,0.6311832,0.6645145,flood_events,1.4147259,county_prior_months,0.64882505,storm_count,0.47979414,High
37023,Burke County,NC,35.746182,-81.70618,87799.0,0.1695147840161386,0.10436002,0.09040932,0.11368199,county_prior_months,1.3091798,property_damage,0.5745397,flood_events,0.42642117,High
37031,Carteret County,NC,34.858343,-76.53586,68353.0,0.0966747117189595,0.016027855,0.014007516,0.01571636,month,1.0243795,county_prior_months,0.8402292,tropical_events_prev3m,0.36412033,High
37013,Beaufort County,NC,35.482313,-76.842014,44711.0,0.1705117164483524,0.10717235,0.092763536,0.112142816,month,1.035486,county_prior_months,0.8349377,flood_events,0.47524095,High
37017,Bladen County,NC,34.591938,-78.539489,29807.0,0.2441907867916836,0.07017176,0.0595682,0.06324562,county_prior_months,0.79359084,property_damage,0.39044404,flood_events,0.3603716,High
37019,Brunswick County,NC,34.038754,-78.227765,139721.0,0.090760838191999,0.06899059,0.06439939,0.07486183,county_prior_months,1.012699,property_damage,0.3582118,flood_events,0.32721516,High
37089,Henderson County,NC,35.336427,-82.479583,116469.0,0.1137633978632961,0.080225736,0.084648326,0.11304616,county_prior_months,1.3558621,property_damage,0.5679692,flood_events,0.4557692,High
99123,99123,99,39.5,-98.35,,,0.054409925,0.052339528,0.062872596,total_population,0.7474365,county_disaster_rate,0.627146,homeownership_rate,0.30700523,High
51125,Nelson County,VA,37.789079,-78.88344,14773.0,0.1324188510118158,0.06969816,0.05665434,0.067528345,county_prior_months,1.4007857,property_damage,0.4753182,month,0.29840997,High
51640,Galax city,VA,36.66564,-80.914308,6687.0,0.2241675785524464,0.065510064,0.054094963,0.05928755,county_prior_months,0.7636617,property_damage,0.57498634,flood_events,0.3763998,High
51157,Rappahannock County,VA,38.684522,-78.168824,7422.0,0.0764236439875558,0.06659887,0.059802026,0.067039415,county_prior_months,1.1445559,property_damage,0.48950407,month,0.37744713,High
51161,Roanoke County,VA,37.330792,-80.191237,96653.0,0.0707544666079257,0.036164466,0.031981584,0.041367304,county_prior_months,1.1029423,property_damage,0.4809886,flood_events,0.32339895,High
12071,Lee County,FL,26.563273,-81.984182,772902.0,0.1170128141514857,0.15915284,0.1628288,0.1644042,county_prior_months,0.8260244,flood_events,0.4427986,property_damage,0.32679564,Medium
49029,Morgan County,UT,41.091027,-111.577885,12367.0,0.0172399838122217,0.12240305,0.08198064,0.10727392,month,0.583735,county_prior_months,0.33052883,flood_events,0.31415924,High
49033,Rich County,UT,41.627598,-111.240227,2543.0,0.0800788954635108,0.13697219,0.14050162,0.15574618,month,0.5441733,county_disaster_rate,0.3526197,flood_events,0.31429473,High
49035,Salt Lake County,UT,40.667883,-111.92424,1180643.0,0.0809658273829096,0.06378327,0.04737136,0.051812317,county_prior_months,0.75799996,flood_events,0.28978166,property_damage,0.27644986,High
12047,Hamilton County,FL,30.498438,-82.951116,13492.0,0.2642322097378277,0.11334317,0.109951675,0.12333452,county_prior_months,0.8912202,property_damage,0.41526657,flood_events,0.34081554,High
30021,Dawson County,MT,47.26613,-104.898271,8915.0,0.07486125870823,0.017725023,0.014775091,0.016703757,county_prior_months,1.4346898,month,0.56992424,property_damage,0.40544042,High
30001,Beaverhead County,MT,45.133863,-112.892869,9469.0,0.1539913400688353,0.066207364,0.060563114,0.077575855,county_disaster_rate,0.41869712,month,0.40642506,property_damage,0.3599567,High
12081,Manatee County,FL,27.475556,-82.393144,405069.0,0.1017100899810434,0.25303283,0.27164665,0.2808638,county_prior_months,0.53641206,flood_events,0.4748072,property_damage,0.30083945,Medium
56029,Park County,WY,44.492387,-109.593597,29878.0,0.0957304755709247,0.02660381,0.01664789,0.019748444,county_prior_months,1.3635068,county_disaster_rate,0.57080853,property_damage,0.4494756,High
12065,Jefferson County,FL,30.396898,-83.921761,14458.0,0.1833232077764277,0.04631521,0.045846857,0.05232533,county_prior_months,0.8016833,property_damage,0.5639689,flood_events,0.40366414,High
30027,Fergus County,MT,47.221816,-109.232956,11496.0,0.1476480057234841,0.11876507,0.09836751,0.11492689,month,0.5526628,county_prior_months,0.44657707,property_damage,0.35793647,High
30013,Cascade County,MT,47.316575,-111.350262,84423.0,0.1360431558310298,0.07798134,0.06805761,0.07570173,county_prior_months,0.5050655,month,0.41989046,flood_events,0.32811764,High
12087,Monroe County,FL,25.58612,-81.022603,82044.0,0.1170543784264335,0.59885365,0.48159134,0.6231106,flood_events,0.5653259,flood_events_prev1m,0.36929676,property_damage,0.34941489,Low
12089,Nassau County,FL,30.605963,-81.765087,91538.0,0.0920718652746816,0.17831628,0.22026041,0.23050743,county_prior_months,1.1831814,flood_events,0.6639039,month,0.33254075,Medium
12073,Leon County,FL,30.45931,-84.2778,294128.0,0.1944491508621156,0.10668343,0.06830059,0.09991923,county_prior_months,1.349768,flood_events,0.4032199,property_damage,0.33742246,High
41007,Clatsop County,OR,46.024509,-123.705037,41190.0,0.1024483587655169,0.48961884,0.4598353,0.5010477,flood_events,0.43390143,property_damage,0.3503649,county_disaster_rate,0.31449366,High
41011,Coos County,OR,43.18591,-124.094133,64908.0,0.1609290815687257,0.2193318,0.24598908,0.2645971,county_prior_months,0.7932949,flood_events,0.47221753,property_damage,0.37105337,Medium
41015,Curry County,OR,42.466439,-124.210929,23404.0,0.1242519481637749,0.03156995,0.025437873,0.028775746,county_prior_months,1.1838964,month,0.48929396,property_damage,0.37733236,High
41037,Lake County,OR,42.788401,-120.38979,8201.0,0.1957087126137841,0.041574236,0.031643014,0.0363493,county_prior_months,0.84605974,flood_events,0.39187548,property_damage,0.38414142,High
41039,Lane County,OR,43.928334,-122.897581,382218.0,0.1612845415809619,0.4059997,0.38625228,0.41406003,flood_events,0.2952247,property_damage,0.2800962,wind_events,0.21595502,High
49043,Summit County,UT,40.87206,-110.968486,42524.0,0.0523582455974694,0.20036145,0.14387779,0.18093503,month,0.45722002,county_prior_months,0.33452672,wind_events,0.28995267,Medium
30035,Glacier County,MT,48.705671,-112.990502,13781.0,0.2937578303485887,0.19671224,0.12967972,0.15446813,month,0.5074012,wind_events,0.30595624,property_damage,0.30202392,Medium
12057,Hillsborough County,FL,27.893154,-82.379991,1468560.0,0.1367533507754731,0.13133883,0.10267328,0.13655248,county_prior_months,1.0968041,flood_events,0.429386,total_population,0.39266202,High
12059,Holmes County,FL,30.862007,-85.815939,19529.0,0.1661408450704225,0.121811494,0.108682685,0.12686585,county_prior_months,1.0626907,property_damage,0.36244103,flood_events,0.3359555,High
41041,Lincoln County,OR,44.641061,-123.911212,50334.0,0.14716533215306,0.5136897,0.5084306,0.5219544,flood_events,0.40348595,property_damage,0.3501698,county_disaster_rate,0.32821468,High
49013,Duchesne County,UT,40.289393,-110.429584,19779.0,0.1350100293164635,0.12459087,0.11405747,0.13974026,month,0.52898324,flood_events,0.29158685,property_damage,0.2539232,High
51187,Warren County,VA,38.908221,-78.207594,40800.0,0.1196369016274229,0.08225592,0.06385386,0.07401318,county_prior_months,1.2716986,property_damage,0.44254938,month,0.35082462,High
12083,Marion County,FL,29.202805,-82.0431,378225.0,0.1436368571040847,0.06448623,0.055816673,0.06123899,county_prior_months,1.5094903,property_damage,0.33083588,flood_events,0.29522905,High
41051,Multnomah County,OR,45.547711,-122.417363,808098.0,0.1220008389525941,0.5911932,0.5456239,0.58935213,deaths,0.7194559,wind_events,0.27665907,property_damage,0.24634336,High
41053,Polk County,OR,44.900372,-123.39864,87600.0,0.1185659830219124,0.53170043,0.5296008,0.5496058,flood_events,0.39327118,property_damage,0.3221739,county_prior_months,0.28631252,High
41057,Tillamook County,OR,45.45589,-123.759299,27345.0,0.1249717599216808,0.79722923,0.7759513,0.8015482,flood_events,0.6249733,property_damage,0.62399095,wind_events,0.2829463,High
41059,Umatilla County,OR,45.5912,-118.73388,79904.0,0.1170013457529619,0.036283255,0.025330171,0.029182542,county_prior_months,1.0603243,month,0.37242123,flood_events,0.342731,High
41061,Union County,OR,45.304081,-117.999149,26286.0,0.1524153463808636,0.046099607,0.036800213,0.046442233,county_prior_months,0.7986014,property_damage,0.370486,flood_events,0.36804357,High
41067,Washington County,OR,45.553542,-123.097615,599541.0,0.081637703336717,0.62482023,0.5632674,0.63348764,deaths,0.65283424,flood_events,0.2756786,county_prior_months,0.25915107,Low
12107,Putnam County,FL,29.593896,-81.732039,73604.0,0.2284978612068607,0.06680831,0.05323527,0.07353237,county_prior_months,0.86866087,property_damage,0.46187833,flood_events,0.3327504,High
12109,St. Johns County,FL,29.890487,-81.40004,278722.0,0.0679514031311367,0.09669976,0.0653328,0.11504801,county_prior_months,1.4714298,flood_events,0.68596053,property_damage,0.4131083,High
12099,Palm Beach County,FL,26.649126,-80.448354,1494805.0,0.1135680552513099,0.05008927,0.04411935,0.051701963,county_prior_months,1.5793897,total_population,0.41646034,flood_events,0.38387582,High
42011,Berks County,PA,40.413957,-75.92686,428483.0,0.1182069795427196,0.16111578,0.13602376,0.1642799,county_prior_months,1.4184395,flood_events,0.6442331,total_population,0.3417794,Medium
42015,Bradford County,PA,41.791504,-76.502123,60159.0,0.1314071281930468,0.16204372,0.15551154,0.17750482,county_prior_months,1.2925735,flood_events,0.6548186,property_damage,0.3192869,Medium
42017,Bucks County,PA,40.336887,-75.10706,645163.0,0.0563039881074914,0.12234906,0.09089705,0.10030755,county_prior_months,1.6645129,flood_events,0.807064,total_population,0.45123392,High
28155,Webster County,MS,33.612061,-89.283961,9942.0,0.1577126577126577,0.050346643,0.043960683,0.047757618,county_prior_months,0.7789686,property_damage,0.58436084,flood_events,0.4007143,High
28121,Rankin County,MS,32.267123,-89.946063,157185.0,0.0948805191215473,0.051940892,0.038875345,0.060220126,county_prior_months,1.6811459,property_damage,0.33646756,flood_events,0.28628734,High
12029,Dixie County,FL,29.552675,-83.236232,16737.0,0.1614500792393026,0.0633503,0.070543714,0.08191159,month,0.66496116,property_damage,0.56643766,flood_events,0.34702045,High
12031,Duval County,FL,30.335245,-81.648113,995708.0,0.1433713109213089,0.2477402,0.19555251,0.20506729,county_prior_months,1.2720661,flood_events,0.9681646,total_population,0.72074574,Medium
30045,Judith Basin County,MT,47.032558,-110.30532,2039.0,0.1750858263854831,0.08544193,0.082049854,0.10147162,month,0.63358706,property_damage,0.38082397,flood_events,0.28968197,High
30049,Lewis and Clark County,MT,47.132013,-112.373367,71487.0,0.0936973950754657,0.07280994,0.079331964,0.100812584,month,0.47188875,county_prior_months,0.44382477,property_damage,0.3242946,High
12035,Flagler County,FL,29.474891,-81.286253,117515.0,0.0977482351728757,0.19648084,0.16992098,0.24143472,county_prior_months,1.5526592,flood_events,0.83410007,property_damage,0.35754967,Low
12037,Franklin County,FL,29.677794,-84.815213,12276.0,0.2166821994408201,0.07558551,0.072060905,0.074814424,month,0.5999585,county_prior_months,0.5294972,property_damage,0.39255995,High
12045,Gulf County,FL,29.859238,-85.272013,15002.0,0.1232488460604097,0.3522212,0.3280867,0.3532804,flood_events,0.55326897,month,0.4706335,property_damage,0.40017065,Medium
12121,Suwannee County,FL,30.189244,-82.992754,43881.0,0.1441201201201201,0.099975534,0.08705719,0.092354596,county_prior_months,1.3085,property_damage,0.41020122,flood_events,0.30620328,High
12123,Taylor County,FL,29.967146,-83.639573,21421.0,0.1512197778261816,0.05304429,0.045835607,0.055103637,county_prior_months,0.6995829,property_damage,0.5531148,flood_events,0.38742772,High
56023,Lincoln County,WY,42.229993,-110.682961,19794.0,0.0705888340373556,0.07382955,0.04904913,0.06272465,county_prior_months,1.4341851,property_damage,0.47176114,winter_events,0.444504,High
12103,Pinellas County,FL,27.905342,-82.798066,959918.0,0.1146899707812506,0.22655337,0.17375708,0.22841762,county_prior_months,0.96005595,total_population,0.66246694,flood_events,0.59976614,Low
28127,Simpson County,MS,31.902505,-89.917709,25889.0,0.1705680337899182,0.08127442,0.06524785,0.087664016,county_prior_months,1.4602205,month,0.36298504,flood_events,0.30619198,High
28129,Smith County,MS,32.019029,-89.494876,14310.0,0.182139324572559,0.06698832,0.044893816,0.057621203,county_prior_months,1.1921829,property_damage_prev1m,0.77020377,month,0.64690804,High
42029,Chester County,PA,39.974029,-75.749751,536474.0,0.0595859379480415,0.15306038,0.082809694,0.12296596,county_prior_months,1.5284487,flood_events,0.70909095,total_population,0.32977378,Medium
42033,Clearfield County,PA,41.006862,-78.477724,79707.0,0.1374852799486136,0.028474234,0.02448097,0.02796333,county_prior_months,1.3131635,property_damage,0.5219748,flood_events,0.31857228,High
28095,Monroe County,MS,33.89003,-88.485038,34168.0,0.1673744766723894,0.057723805,0.05640503,0.06597199,county_prior_months,0.79913336,property_damage,0.4656493,flood_events,0.3883651,High
28107,Panola County,MS,34.365205,-89.963065,33157.0,0.2042418525393299,0.048697818,0.047853388,0.052729696,county_prior_months,0.8103783,property_damage,0.44444576,flood_events,0.3764837,High
28109,Pearl River County,MS,30.774793,-89.586904,56351.0,0.1576438047058395,0.087969966,0.08003849,0.10441322,county_prior_months,1.1018536,property_damage,0.49342763,flood_events,0.3287794,High
12015,Charlotte County,FL,26.906396,-82.003657,189900.0,0.1048779831571017,0.33461502,0.31504816,0.3457009,flood_events,0.40782103,month,0.36769915,property_damage,0.29555905,Medium
12019,Clay County,FL,29.986584,-81.865036,219650.0,0.0936525028300063,0.3363581,0.26124096,0.28417784,county_prior_months,1.0947682,flood_events,0.93465096,property_damage,0.32041714,Medium
12003,Baker County,FL,30.324442,-82.302284,27969.0,0.136828541515664,0.40223026,0.39191005,0.47110137,flood_events,0.9223241,county_prior_months,0.7567855,property_damage,0.37050635,Low
12005,Bay County,FL,30.15914,-85.534395,181055.0,0.1219806221544396,0.2867284,0.24724738,0.31121582,county_prior_months,1.3857875,flood_events,1.1603417,property_damage,0.33643472,Low
49051,Wasatch County,UT,40.334884,-111.161568,35009.0,0.0535986427811484,0.1794626,0.13196506,0.14387366,county_prior_months,0.40941048,month,0.40716627,flood_events,0.27886623,Medium
12129,Wakulla County,FL,30.091335,-84.359111,33732.0,0.0614843521021265,0.08434062,0.06886795,0.0985331,county_prior_months,0.9652626,month,0.61359876,flood_events,0.60579133,High
12131,Walton County,FL,30.571247,-86.162798,76618.0,0.1054754273504273,0.025786776,0.023902556,0.026098138,county_prior_months,1.3770376,month,0.47421592,property_damage,0.35890877,High
12133,Washington County,FL,30.602102,-85.655805,25014.0,0.227266585596541,0.061794177,0.05479174,0.07184102,county_prior_months,0.88217515,property_damage,0.40141532,flood_events,0.37896997,High
28081,Lee County,MS,34.29237,-88.682439,83343.0,0.1345300770205713,0.02992684,0.026983619,0.029465519,county_prior_months,1.2233403,property_damage,0.50304514,month,0.50016063,High
42039,Crawford County,PA,41.687876,-80.107795,83876.0,0.1274114400589359,0.09726698,0.08997694,0.10874249,county_prior_months,1.53717,property_damage,0.373821,winter_events,0.34028423,High
42045,Delaware County,PA,39.916685,-75.398818,575312.0,0.0966436292112528,0.3662932,0.29744428,0.3213945,county_prior_months,1.2416046,property_damage,1.0813262,total_population,0.8008313,Medium
49003,Box Elder County,UT,41.622623,-113.060252,58291.0,0.0814913310768805,0.07421988,0.063785754,0.069248125,county_prior_months,0.71132314,month,0.42269018,flood_events,0.3462098,High
49005,Cache County,UT,41.734118,-111.745394,134428.0,0.13545270828868,0.20529759,0.17345595,0.19831647,month,0.3755692,flood_events,0.25826463,property_damage,0.24375533,Medium
30057,Madison County,MT,45.32529,-111.913791,8742.0,0.0684155784121114,0.07992973,0.07908136,0.08368291,month,0.5686067,property_damage,0.362438,median_home_value,0.33519438,High
56031,Platte County,WY,42.131593,-104.953963,8618.0,0.1196439169139465,0.023825794,0.021519512,0.03496409,county_prior_months,1.5243179,month,0.4446287,flood_events,0.38451922,High
10003,New Castle County,DE,39.575915,-75.644132,570567.0,0.1052325015238019,0.11994026,0.101192094,0.115781695,county_prior_months,1.5320864,flood_events,0.68099767,property_damage,0.33659902,High
10005,Sussex County,DE,38.673227,-75.337024,240668.0,0.1162379116364325,0.11259319,0.09778036,0.112487935,county_prior_months,1.3472165,flood_events,0.6972444,property_damage,0.35882863,High
11001,District of Columbia,DC,38.904247,-77.016517,670587.0,0.1510188174693153,0.10189434,0.07249146,0.09099743,county_prior_months,1.4050419,flood_events,0.39226377,property_damage,0.34816948,High
49011,Davis County,UT,41.037559,-112.201943,363032.0,0.0604573848420854,0.08858292,0.05978942,0.06668444,month,0.3870222,county_disaster_rate,0.3058105,flood_events,0.27469382,High
28061,Jasper County,MS,32.016748,-89.119176,16320.0,0.172094172897485,0.05268078,0.041109785,0.04505219,county_prior_months,1.3453007,month,0.40895385,flood_events,0.34648946,High
53067,Thurston County,WA,46.935822,-122.830152,294272.0,0.0934654747310569,0.37479883,0.39495546,0.43847978,wind_events,0.3068443,property_damage,0.29165393,median_home_value,0.26734224,Medium
53069,Wahkiakum County,WA,46.294638,-123.424458,4476.0,0.1372858431018936,0.3511985,0.34793192,0.39145726,month,0.58357537,flood_events,0.5130002,property_damage,0.41719452,Medium
42049,Erie County,PA,42.117952,-80.096386,270495.0,0.1540068495810262,0.09591077,0.0824769,0.09311999,county_prior_months,1.534113,winter_events,0.3749646,property_damage,0.33522925,High
42051,Fayette County,PA,39.918907,-79.640119,128417.0,0.1620200488721501,0.11160149,0.09678875,0.11422603,county_prior_months,1.2424029,property_damage,0.32076263,winter_events,0.29857856,High
28023,Clarke County,MS,32.045374,-88.687976,15553.0,0.2058728203798535,0.057139732,0.044570774,0.05960548,county_prior_months,1.5125122,property_damage,0.45138043,flood_events,0.32567024,High
28029,Copiah County,MS,31.866915,-90.448758,28210.0,0.2343156419429793,0.11981439,0.09620252,0.11798136,county_prior_months,1.1607249,property_damage_prev1m,0.98169667,month,0.45073995,High
49057,Weber County,UT,41.270325,-111.876883,262960.0,0.0763959390862944,0.06857237,0.059264418,0.060562514,month,0.5043037,county_prior_months,0.45253006,flood_events,0.3019263,High
50003,Bennington County,VT,43.035328,-73.111496,37326.0,0.1120435034642669,0.15135582,0.1391496,0.20746486,county_prior_months,1.2816206,flood_events,0.8497731,property_damage,0.46827897,Low
30073,Pondera County,MT,48.228604,-112.220761,5987.0,0.2159959246051961,0.20051509,0.17268188,0.22201936,month,0.5701159,county_prior_months,0.3148391,flood_events,0.31097823,Medium
42069,Lackawanna County,PA,41.436636,-75.608768,215672.0,0.1299319793340324,0.124210946,0.11982023,0.1246454,county_prior_months,0.82499516,flood_events,0.38790023,property_damage,0.3349029,High
27117,Pipestone County,MN,44.015361,-96.257015,9380.0,0.1303590859630032,0.09087434,0.07687615,0.09692171,deaths,0.713554,county_prior_months,0.639358,month,0.46233737,High
27119,Polk County,MN,47.774254,-96.400027,31128.0,0.1156,0.064435974,0.053707562,0.0635413,county_prior_months,1.5210222,property_damage,0.5024789,month,0.43605813,High
27133,Rock County,MN,43.669587,-96.263238,9659.0,0.0879413015737983,0.06653869,0.06565287,0.09569063,county_prior_months,0.8412742,deaths,0.7230826,month,0.49754083,High
42071,Lancaster County,PA,40.041992,-76.250198,553202.0,0.0818331969292414,0.25986403,0.21855476,0.3005228,county_prior_months,1.2411157,deaths,0.9004103,flood_events,0.49941474,Low
42075,Lebanon County,PA,40.371448,-76.464819,143258.0,0.1090789162370856,0.107395075,0.09966992,0.11593591,county_prior_months,1.2168379,flood_events,0.42257002,property_damage,0.3546486,High
42077,Lehigh County,PA,40.614241,-75.590627,374110.0,0.1194665161012698,0.10685729,0.11005165,0.12642956,county_prior_months,1.5371548,flood_events,0.5951922,property_damage,0.3447917,High
42079,Luzerne County,PA,41.173078,-75.976053,325396.0,0.1491759187263387,0.32998118,0.29680002,0.3559596,flood_events,0.8964173,county_prior_months,0.8389292,total_population,0.55862856,Low
53061,Snohomish County,WA,48.054913,-121.765038,828337.0,0.0760061762429811,0.50890833,0.48556814,0.502418,flood_events,0.3880218,county_prior_months,0.35873622,property_damage,0.28155714,High
08125,Yuma County,CO,40.00077,-102.421649,9938.0,0.140385412349772,0.07286454,0.062219344,0.07364848,county_prior_months,1.4732924,property_damage,0.46790132,winter_events,0.3110559,High
09001,09001,09,41.6,-72.7,,,0.018580815,0.011940789,0.018200267,county_prior_months,1.4655322,month,0.3953159,property_damage,0.32858142,High
30097,Sweet Grass County,MT,45.811292,-109.944796,3697.0,0.0597055616139585,0.02327963,0.0148613695,0.020682674,county_prior_months,1.4027935,month,0.5003642,property_damage,0.4174013,High
30099,Teton County,MT,47.819035,-112.281725,6238.0,0.1444643730637534,0.096860744,0.08606983,0.11950385,month,0.5147039,county_disaster_rate,0.49559864,flood_events,0.3384118,High
39167,Washington County,OH,39.450676,-81.490636,59639.0,0.1414521361032507,0.13173592,0.121774316,0.15504494,county_prior_months,1.1716568,property_damage,0.6196284,flood_events,0.4573683,High
12001,Alachua County,FL,29.67574,-82.357221,279729.0,0.2018254420992584,0.07271759,0.06791487,0.075303264,county_prior_months,1.4737188,property_damage,0.3366461,flood_events,0.26344964,High
56021,Laramie County,WY,41.29283,-104.660395,100316.0,0.0898043442889684,0.025784533,0.02839521,0.034921315,county_prior_months,1.5651517,county_disaster_rate,0.71131164,winter_events,0.45375958,High
27101,Murray County,MN,44.015594,-95.761581,8170.0,0.0739681750372948,0.05741119,0.041079156,0.05006174,county_prior_months,0.9814697,month,0.5089414,property_damage,0.44036454,High
27105,Nobles County,MN,43.677686,-95.763132,22194.0,0.1224105461393597,0.052693166,0.05002977,0.05558727,county_prior_months,0.82844514,deaths,0.67292386,month,0.5435965,High
27107,Norman County,MN,47.329453,-96.463776,6457.0,0.0894050270442252,0.0677047,0.049042966,0.0613773,county_prior_months,1.4801769,month,0.47374392,property_damage,0.46726415,High
27063,Jackson County,MN,43.671111,-95.149731,9990.0,0.0973676186604329,0.028236166,0.017611189,0.023886522,county_prior_months,1.1506555,month,0.49964052,property_damage,0.42583716,High
27073,Lac qui Parle County,MN,44.999826,-96.176851,6736.0,0.0867447877035458,0.063460864,0.05566598,0.062424786,county_prior_months,1.290535,month,0.47287187,property_damage,0.4674599,High
27081,Lincoln County,MN,44.408238,-96.272032,5630.0,0.0911764705882352,0.022808135,0.016605819,0.024342855,county_prior_months,0.76577836,month,0.7591965,flood_events,0.40823483,High
27083,Lyon County,MN,44.409195,-95.847268,25352.0,0.1236424736691119,0.07479352,0.067787595,0.072169594,county_prior_months,1.0147446,property_damage,0.41365716,month,0.35399255,High
27089,Marshall County,MN,48.362728,-96.357761,9017.0,0.0741201765304967,0.045855653,0.028925398,0.045473423,county_prior_months,1.4406734,month,0.61844116,property_damage,0.52100694,High
53049,Pacific County,WA,46.556587,-123.782419,23396.0,0.131654613574976,0.40560842,0.342618,0.39632735,flood_events,0.45227417,month,0.4425508,property_damage,0.38437068,Low
13065,Clinch County,GA,30.917653,-82.702614,6713.0,0.3245733272919499,0.043280542,0.039916493,0.04379068,property_damage,0.57497483,month,0.5152109,county_prior_months,0.4394283,High
13067,Cobb County,GA,33.939926,-84.57411,765813.0,0.0828603077184,0.026971176,0.018674854,0.026791533,county_prior_months,1.2151991,property_damage,0.4205476,month,0.36258692,High
09005,09005,09,41.6,-72.7,,,0.10714922,0.06069226,0.09862748,county_prior_months,1.150246,flood_events,0.6756489,total_population,0.4965835,High
09007,09007,09,41.6,-72.7,,,0.03991548,0.030627092,0.044961818,county_prior_months,0.7519186,month,0.4417111,flood_events,0.31090754,High
50007,Chittenden County,VT,44.463329,-73.06941,168309.0,0.1116393133371062,0.50674456,0.46756035,0.474461,county_prior_months,1.0016344,property_damage,0.99439746,total_population,0.43875042,High
50009,Essex County,VT,44.724021,-71.732736,5976.0,0.1323159483481469,0.067016535,0.05955018,0.07093401,county_prior_months,1.3157315,property_damage,0.46644446,month,0.3986697,High
50011,Franklin County,VT,44.858964,-72.909402,50101.0,0.1037462235649546,0.4442289,0.4083507,0.43626785,county_prior_months,1.1314746,property_damage,0.7055295,flood_events,0.39172855,High
50015,Lamoille County,VT,44.611192,-72.632659,25977.0,0.0858370790947086,0.81087005,0.8304375,0.8325841,property_damage,1.8619767,county_prior_months,0.99529827,flood_events,0.34997457,High
50017,Orange County,VT,44.003373,-72.369579,29439.0,0.09219686212032,0.40280843,0.4581227,0.47359902,county_prior_months,1.0066614,property_damage,0.85738134,month,0.48894125,High
09009,09009,09,41.6,-72.7,,,0.08535475,0.048385106,0.072031505,county_prior_months,1.3724781,flood_events,0.7372212,total_population,0.5432853,High
09011,09011,09,41.6,-72.7,,,0.019541696,0.013614008,0.019623501,county_prior_months,1.2520282,month,0.37321526,property_damage,0.32441962,High
09015,09015,09,41.6,-72.7,,,0.05125797,0.037653256,0.052337043,county_prior_months,0.9137326,property_damage,0.331517,flood_events,0.25297406,High
27033,Cottonwood County,MN,44.010639,-95.183152,11481.0,0.12857396554786,0.030023916,0.02107943,0.027635567,county_prior_months,1.1833822,month,0.43776134,property_damage,0.41477516,High
27007,Beltrami County,MN,47.879508,-95.00505,46274.0,0.1614248675459361,0.15857926,0.15026608,0.16112632,county_prior_months,0.9957126,property_damage,0.40937525,winter_events,0.29229814,Medium
27027,Clay County,MN,46.898377,-96.494901,65307.0,0.1474871662831303,0.1340633,0.0993234,0.12579021,county_prior_months,1.5438104,winter_events,0.6776986,property_damage,0.41460347,High
42091,Montgomery County,PA,40.209999,-75.370201,856399.0,0.0626839729416876,0.13830978,0.080610484,0.11281553,county_prior_months,1.5916474,flood_events,0.7093336,total_population,0.37276986,High
42101,Philadelphia County,PA,40.009376,-75.133346,1593208.0,0.2272093774218548,0.19021624,0.11378121,0.1559629,county_prior_months,1.5919415,flood_events,0.8634459,total_population,0.56105745,Medium
42113,Sullivan County,PA,41.439285,-76.511717,5880.0,0.122249822569198,0.21120706,0.19920045,0.21745613,county_prior_months,0.8080708,flood_events,0.63663155,month,0.44893602,Medium
42115,Susquehanna County,PA,41.819665,-75.800969,38540.0,0.1116535433070866,0.7149094,0.67131364,0.72326773,flood_events,1.067645,county_prior_months,0.8872433,property_damage,0.76119244,Low
31015,Boyd County,NE,42.894448,-98.773022,1767.0,0.1161587119033927,0.16885246,0.16789676,0.17103028,county_prior_months,0.70417583,property_damage,0.49303252,month,0.44870836,Medium
39153,Summit County,OH,41.121847,-81.534928,539361.0,0.1241273342571382,0.10197983,0.09883275,0.118302666,county_prior_months,1.4854466,winter_events,0.37398425,property_damage,0.33332327,High
08115,Sedgwick County,CO,40.871568,-102.355358,2391.0,0.1606612971598134,0.18556006,0.20083743,0.2067097,county_prior_months,0.7239343,property_damage,0.47104448,winter_events,0.2981623,Medium
08117,Summit County,CO,39.621023,-106.137555,30955.0,0.0739260414635731,0.03888998,0.026712904,0.029684247,county_prior_months,1.1606677,month,0.42299333,median_home_value,0.4022993,High
08121,Washington County,CO,39.96579,-103.209744,4817.0,0.0969565217391304,0.081796736,0.060807027,0.071202844,county_prior_months,1.33966,property_damage,0.4702963,winter_events,0.30487496,High
08123,Weld County,CO,40.555961,-104.383666,331466.0,0.0967704196299375,0.020554645,0.0192127,0.023319596,county_prior_months,1.4869733,property_damage,0.3407204,flood_events,0.31712216,High
08101,Pueblo County,CO,38.162765,-104.484668,168135.0,0.1663160333924836,0.02724041,0.020545244,0.027096488,county_prior_months,1.3770292,property_damage,0.34521827,flood_events,0.3233984,High
30101,Toole County,MT,48.645125,-111.733472,5018.0,0.1059542676024451,0.24999219,0.23543859,0.24140587,month,0.56716466,wind_events,0.3356841,property_damage,0.3091124,Medium
30107,Wheatland County,MT,46.496967,-109.857684,2060.0,0.2267126663380975,0.07048127,0.045995463,0.06582184,county_prior_months,1.0265545,property_damage,0.45846504,flood_events,0.42739123,High
42127,Wayne County,PA,41.646602,-75.292493,51227.0,0.1099272295085385,0.22882383,0.24377479,0.3034649,county_prior_months,0.8554168,flood_events,0.76358813,property_damage,0.38706514,Low
42131,Wyoming County,PA,41.525167,-76.008682,26219.0,0.1122003070745246,0.24627966,0.26775572,0.2781854,flood_events,0.91767037,county_prior_months,0.7771057,property_damage,0.55367225,Medium
44003,Kent County,RI,41.675118,-71.580282,170168.0,0.075045068551639,0.029134013,0.022885168,0.03161531,county_prior_months,1.2455653,month,0.38836437,property_damage,0.34595722,High
44005,Newport County,RI,41.501045,-71.283063,85442.0,0.0777432143946325,0.18054697,0.16636392,0.20694758,county_prior_months,0.5698659,flood_events,0.5384515,property_damage,0.35837013,Medium
44007,Providence County,RI,41.869768,-71.578625,657984.0,0.1362200514367219,0.03474526,0.03380643,0.052986875,county_prior_months,1.3263767,property_damage,0.4503768,flood_events,0.44783583,High
44009,Washington County,RI,41.396792,-71.620282,129998.0,0.078658934922696,0.11351688,0.1126977,0.12575068,county_prior_months,0.9857095,flood_events,0.53539234,month,0.38896668,High
08103,Rio Blanco County,CO,39.972622,-108.200716,6511.0,0.1293927125506072,0.039835513,0.028835202,0.029917713,county_prior_months,1.5782149,property_damage,0.4842059,county_disaster_rate,0.43648082,High
08105,Rio Grande County,CO,37.485853,-106.453128,11442.0,0.102575528027805,0.023817383,0.01889125,0.021643998,county_prior_months,1.1670425,county_disaster_rate,0.4379787,property_damage,0.4030335,High
08107,Routt County,CO,40.483664,-106.987702,24944.0,0.0797516132959941,0.059767276,0.03866035,0.046638086,county_prior_months,1.6423709,winter_events,0.53440547,county_disaster_rate,0.4870319,High
08109,Saguache County,CO,38.031651,-106.234666,6454.0,0.1749493690606013,0.026651705,0.014863773,0.020892216,county_prior_months,1.4670233,month,0.39479974,flood_events,0.39197016,High
56035,Sublette County,WY,42.767928,-109.91617,8801.0,0.0806580600936821,0.01696521,0.01338038,0.02008355,county_prior_months,1.5576563,county_disaster_rate,0.6003481,property_damage,0.555321,High
08085,Montrose County,CO,38.407507,-108.266282,42823.0,0.1157695939565627,0.05987069,0.040711503,0.045729823,county_prior_months,1.5246441,property_damage,0.44078407,county_disaster_rate,0.40219852,High
31003,Antelope County,NE,42.183225,-98.058037,6302.0,0.1107165913492575,0.16150938,0.15346868,0.15964636,county_prior_months,1.0136672,property_damage,0.4249247,month,0.31918934,Medium
31005,Arthur County,NE,41.57193,-101.695917,485.0,0.0701030927835051,0.1126948,0.104881205,0.11910307,county_prior_months,0.98009723,property_damage,0.4934532,month,0.3578442,High
31007,Banner County,NE,41.53975,-103.726263,670.0,0.0737951807228915,0.11108616,0.113323115,0.12360491,county_prior_months,1.020798,property_damage,0.49541202,flood_events,0.30202794,High
31009,Blaine County,NE,41.931945,-99.996407,384.0,0.1145833333333333,0.17425491,0.13733993,0.17435077,county_prior_months,0.90498173,property_damage,0.48680675,flood_events,0.29894295,Medium
31011,Boone County,NE,41.703934,-98.070476,5397.0,0.0734655335221907,0.099279255,0.08367106,0.09009719,county_prior_months,0.9711616,month,0.47413072,property_damage,0.454041,High
31013,Box Butte County,NE,42.21038,-103.081779,10778.0,0.1200415564790328,0.0402122,0.034381907,0.040824234,county_prior_months,0.91965085,month,0.4976337,flood_events,0.3929478,High
13097,Douglas County,GA,33.701242,-84.767314,144735.0,0.1159719356170037,0.04549534,0.03789742,0.04589939,county_prior_months,0.88159245,month,0.3467931,flood_events,0.34631157,High
13101,Echols County,GA,30.714008,-82.897376,3707.0,0.1497167520906393,0.27335918,0.25986877,0.2627864,property_damage,0.3768545,wind_events,0.30521655,flood_events,0.2604511,Medium
56019,Johnson County,WY,44.044048,-106.588541,8536.0,0.1666468419174497,0.021583999,0.017326478,0.028109038,county_prior_months,1.4326963,month,0.44851795,property_damage,0.4412338,High
53027,Grays Harbor County,WA,47.113732,-123.826735,75672.0,0.1489825180609937,0.44615102,0.3778495,0.41752958,county_disaster_rate,0.36134136,property_damage,0.3318192,wind_events,0.2918915,High
08095,Phillips County,CO,40.594712,-102.345105,4493.0,0.1387755102040816,0.06996173,0.060443673,0.06360917,county_prior_months,1.0690923,county_disaster_rate,0.4673226,property_damage,0.45163745,High
08097,Pitkin County,CO,39.217541,-106.916162,17325.0,0.0666280417149478,0.06240335,0.04026017,0.05392808,county_prior_months,1.4779879,property_damage,0.46416658,county_disaster_rate,0.4090385,High
50019,Orleans County,VT,44.828442,-72.25163,27459.0,0.098175662967839,0.63353896,0.54863274,0.6006646,county_prior_months,1.0449668,property_damage,0.78864086,winter_events,0.4445541,Low
50021,Rutland County,VT,43.612399,-73.060304,60585.0,0.1135756689176546,0.4255733,0.3878794,0.44869792,county_prior_months,1.1607254,property_damage,0.8375751,flood_events,0.44775754,Low
50023,Washington County,VT,44.274969,-72.609444,59768.0,0.0988097094443578,0.71859866,0.7254362,0.78193897,property_damage,2.209461,county_prior_months,1.1141273,flood_events,0.35523152,Low
50025,Windham County,VT,42.995304,-72.721877,45857.0,0.1255671173509694,0.8617623,0.7657081,0.8653305,property_damage,1.5144343,flood_events,1.3245544,county_prior_months,1.0204916,Low
39133,Portage County,OH,41.16897,-81.196962,161217.0,0.1129766425635956,0.10898329,0.09259823,0.110015325,county_prior_months,1.394663,property_damage,0.35646278,winter_events,0.33609346,High
31017,Brown County,NE,42.359562,-99.92392,2691.0,0.0889894419306184,0.14536649,0.15995315,0.17694673,county_prior_months,1.1053417,property_damage,0.471372,flood_events,0.29909563,High
31019,Buffalo County,NE,40.855265,-99.074984,50103.0,0.1178887220553887,0.07909002,0.06334592,0.07270495,county_prior_months,1.3445082,property_damage,0.41810533,month,0.37998658,High
31001,Adams County,NE,40.520632,-98.500044,31143.0,0.120014820803018,0.05006947,0.05013852,0.054991838,county_prior_months,1.5070163,property_damage,0.43564177,month,0.38841668,High
53033,King County,WA,47.490552,-121.833977,2254371.0,0.0844548239951106,0.28916734,0.29861757,0.32119387,county_prior_months,0.32340294,total_population,0.3051056,property_damage,0.27172288,Medium
25017,Middlesex County,MA,42.481718,-71.394916,1623109.0,0.0743872189983877,0.020919017,0.017843215,0.024190597,county_prior_months,1.3901368,property_damage,0.5308122,total_population,0.31043845,High
25019,Nantucket County,MA,41.293392,-70.102164,14065.0,0.0494493629885553,0.05259465,0.03781039,0.04216265,county_prior_months,0.82411015,month,0.46655896,property_damage,0.39038482,High
25021,Norfolk County,MA,42.171738,-71.18111,722112.0,0.0645876231720684,0.02703065,0.025454655,0.030599935,county_prior_months,1.513132,property_damage,0.4495713,month,0.37282884,High
25023,Plymouth County,MA,41.987196,-70.741942,529548.0,0.0665118759517992,0.14406425,0.17690426,0.18297437,county_prior_months,1.1514366,deaths,0.8927443,property_damage,0.45046112,High
25025,Suffolk County,MA,42.338551,-71.018253,785443.0,0.1702346446009754,0.031558532,0.02686874,0.038727418,county_prior_months,1.4420455,month,0.31741914,property_damage,0.30762,High
45015,Berkeley County,SC,33.2077,-79.953655,231419.0,0.109254351596686,0.024046222,0.022086455,0.027544422,county_prior_months,1.3624265,property_damage,0.34957987,flood_events,0.3431158,High
45019,Charleston County,SC,32.800458,-79.94248,409840.0,0.1227119357863019,0.50943923,0.49344933,0.52004886,county_prior_months,1.3280692,flood_events,0.871399,deaths,0.79060256,High
25005,Bristol County,MA,41.748588,-71.088894,576699.0,0.1114310859389693,0.052130796,0.041686565,0.05283886,county_prior_months,1.2750525,property_damage,0.49086663,flood_events,0.466367,High
13127,Glynn County,GA,31.21271,-81.49645,84566.0,0.164105649479574,0.19808094,0.1965071,0.23687696,flood_events,0.84981865,county_prior_months,0.61293566,property_damage,0.5541718,Medium
31035,Clay County,NE,40.523669,-98.050858,6088.0,0.0872922612053046,0.05818912,0.0466823,0.051319875,county_prior_months,1.3897123,month,0.44434786,property_damage,0.44114172,High
31037,Colfax County,NE,41.57496,-97.088945,10563.0,0.1022441478042174,0.16533297,0.1627729,0.16694193,county_prior_months,0.677711,property_damage,0.40884912,month,0.3803771,Medium
50027,Windsor County,VT,43.572448,-72.598813,57832.0,0.087164566280476,0.67817867,0.6713624,0.7057511,property_damage,1.2449464,month,0.4015899,county_prior_months,0.3950148,High
08071,Las Animas County,CO,37.318831,-104.04411,14422.0,0.1904865491987528,0.024794443,0.013917817,0.020007042,county_prior_months,1.4476997,flood_events,0.3573245,month,0.34956118,High
08073,Lincoln County,CO,38.99374,-103.507555,5583.0,0.1159177820267686,0.042398743,0.031520255,0.038738787,county_prior_months,1.186121,month,0.45368698,property_damage,0.4035519,High
08081,Moffat County,CO,40.610864,-108.217154,13232.0,0.148410702035216,0.05082085,0.038256757,0.046803296,county_prior_months,1.6174663,winter_events,0.48757014,property_damage,0.48312843,High
56039,Teton County,WY,44.048662,-110.426087,23346.0,0.0691347395609126,0.056236804,0.03920405,0.049461234,county_prior_months,1.265326,median_home_value,0.52363515,property_damage,0.49503082,High
08093,Park County,CO,39.118914,-105.717648,17597.0,0.0680174492021581,0.015728656,0.008565718,0.01067687,county_prior_months,1.3204807,month,0.46169794,property_damage,0.44593868,High
25007,Dukes County,MA,41.38097,-70.701499,20543.0,0.0671226809704246,0.061566804,0.05236202,0.055528708,county_prior_months,0.4998633,month,0.45906067,property_damage,0.38055593,High
25009,Essex County,MA,42.642708,-70.864909,806103.0,0.0972173202428345,0.025176525,0.018084096,0.02179754,county_prior_months,1.3758312,property_damage,0.37978312,month,0.37601283,High
25015,Hampshire County,MA,42.339459,-72.663694,153931.0,0.1060972313975136,0.10242457,0.08434415,0.11359116,county_prior_months,1.2903378,flood_events,0.47451472,property_damage,0.40268874,High
24045,Wicomico County,MD,38.36737,-75.632083,103815.0,0.1383832628622265,0.10831434,0.0983414,0.122100264,county_prior_months,0.7943761,flood_events,0.43834832,property_damage,0.36315647,High
25001,Barnstable County,MA,41.706123,-70.164823,229436.0,0.070165148942738,0.0077379835,0.008691252,0.009101094,county_prior_months,1.4110783,month,1.1147587,property_damage,0.3512963,High
25003,Berkshire County,MA,42.371493,-73.217928,128763.0,0.1096848528123072,0.26880288,0.21457759,0.22712272,county_prior_months,1.3385876,flood_events,1.0205767,storm_count,0.42367396,Medium
45029,Colleton County,SC,32.849386,-80.656402,38561.0,0.1662637800504715,0.067152105,0.050907966,0.05725035,county_prior_months,1.297123,storm_count,0.49763247,wind_events,0.4791238,High
45035,Dorchester County,SC,33.082186,-80.404697,162139.0,0.1233464426170897,0.032503974,0.028551206,0.03278199,county_prior_months,1.2202438,property_damage,0.35967278,month,0.33630198,High
24037,St. Mary's County,MD,38.223077,-76.534487,113814.0,0.0759277716420188,0.1984459,0.14807814,0.1633337,county_prior_months,1.6465346,flood_events,0.836865,property_damage,0.34367093,Medium
39103,Medina County,OH,41.116174,-81.899764,182347.0,0.0595166965411936,0.1105259,0.09425505,0.11783041,county_prior_months,1.3418357,property_damage,0.3671576,winter_events,0.34314412,High
08063,Kit Carson County,CO,39.30534,-102.603023,7039.0,0.0938399539435808,0.051887333,0.02986874,0.034735627,county_prior_months,1.3463136,county_disaster_rate,0.46841976,property_damage,0.42072213,High
08069,Larimer County,CO,40.658093,-105.486764,359363.0,0.1144940419195051,0.031085432,0.014365116,0.023528354,county_prior_months,1.3171499,month,0.41562048,median_home_value,0.3933002,High
08049,Grand County,CO,40.113065,-106.110837,15724.0,0.0857835321130174,0.011877479,0.011374933,0.014029694,county_prior_months,1.524451,county_disaster_rate,0.5435265,median_home_value,0.4723307,High
08051,Gunnison County,CO,38.670499,-107.05688,17018.0,0.1080913762149445,0.051160317,0.033837292,0.04060808,county_prior_months,1.5456475,property_damage,0.47377843,county_disaster_rate,0.41954738,High
31027,Cedar County,NE,42.60456,-97.25687,8375.0,0.0543052837573385,0.10692931,0.093451716,0.096844226,county_prior_months,1.0392245,property_damage,0.43755588,month,0.40298706,High
31031,Cherry County,NE,42.571323,-101.047653,5473.0,0.0980029585798816,0.08781805,0.073317155,0.08002118,county_prior_months,1.4845058,property_damage,0.45805296,winter_events,0.34856015,High
31033,Cheyenne County,NE,41.214236,-103.011929,9489.0,0.1165736367539716,0.119351745,0.08941504,0.10394529,county_prior_months,1.3617648,property_damage,0.44446427,winter_events,0.33769143,High
08057,Jackson County,CO,40.663432,-106.329248,1440.0,0.208507670850767,0.075372495,0.061305385,0.07984323,county_prior_months,1.0926235,property_damage,0.52423733,winter_events,0.41115642,High
08059,Jefferson County,CO,39.579511,-105.245462,580519.0,0.0667446058566233,0.03924796,0.024152985,0.030605786,county_prior_months,1.3594642,median_home_value,0.374171,winter_events,0.31819347,High
08041,El Paso County,CO,38.827383,-104.527472,730323.0,0.0920838220036988,0.06603327,0.04766,0.06258752,county_prior_months,1.2611059,winter_events,0.41483217,property_damage,0.32261246,High
08043,Fremont County,CO,38.45517,-105.424958,49107.0,0.1500148016577856,0.03387028,0.019653521,0.025313187,county_prior_months,1.4269831,month,0.38221666,flood_events,0.3608035,High
08045,Garfield County,CO,39.599352,-107.90978,61683.0,0.0808890058729662,0.070707776,0.056974526,0.07739695,county_prior_months,1.6099907,winter_events,0.5088124,county_disaster_rate,0.4886287,High
31041,Custer County,NE,41.393893,-99.726866,10566.0,0.1131839599961534,0.07626399,0.058052726,0.06812673,county_prior_months,1.3676438,month,0.45131993,property_damage,0.42718685,High
31047,Dawson County,NE,40.86784,-99.815583,24037.0,0.142243557352198,0.09535399,0.08201506,0.0864877,county_prior_months,1.325396,property_damage,0.41599163,month,0.35880223,High
31049,Deuel County,NE,41.111903,-102.332609,1858.0,0.0714672441797509,0.08763202,0.09115007,0.104000546,county_prior_months,1.2967598,property_damage,0.52279454,month,0.37001145,High
24039,Somerset County,MD,38.07445,-75.853323,24672.0,0.1983713519801729,0.2665265,0.285412,0.29683384,county_prior_months,0.50594896,flood_events,0.43035588,property_damage,0.38345474,Medium
24027,Howard County,MD,39.252264,-76.924406,332011.0,0.0536911732088003,0.10445026,0.086462155,0.107234806,county_prior_months,1.16519,flood_events,0.3917975,property_damage,0.35491621,High
24031,Montgomery County,MD,39.137381,-77.203063,1056910.0,0.0717732345626227,0.07048372,0.058325417,0.083517,county_prior_months,1.4895943,flood_events,0.48972258,total_population,0.40388513,High
24033,Prince George's County,MD,38.829278,-76.848188,957189.0,0.0958218300322466,0.076117165,0.06418729,0.0837404,county_prior_months,1.4013087,flood_events,0.39597467,property_damage,0.3413895,High
45041,Florence County,SC,34.028535,-79.710233,137015.0,0.1781964383131683,0.055969093,0.051417217,0.057668265,county_prior_months,0.79734117,flood_events,0.35981736,property_damage,0.33043796,High
45043,Georgetown County,SC,33.417531,-79.296333,63594.0,0.1600317586343787,0.41682202,0.37954175,0.41212815,flood_events,1.0791142,county_prior_months,0.58427817,property_damage,0.34916142,High
24019,Dorchester County,MD,38.429196,-76.047433,32557.0,0.1539633672295301,0.18986422,0.19004788,0.21838528,county_prior_months,1.0260497,flood_events,0.76520526,property_damage,0.42699426,Medium
24025,Harford County,MD,39.537429,-76.299789,261059.0,0.0713622547452201,0.14529973,0.15614471,0.17569973,county_prior_months,0.94482756,flood_events,0.38088512,property_damage,0.3757091,High
24005,Baltimore County,MD,39.443167,-76.616569,850737.0,0.1021107903158062,0.061973237,0.04794013,0.06888905,county_prior_months,1.4422282,flood_events,0.37759557,property_damage,0.32869464,High
24009,Calvert County,MD,38.522719,-76.529762,93244.0,0.0426892387319387,0.13343994,0.09891602,0.13418774,county_prior_months,1.1634241,flood_events,0.4874378,property_damage,0.38377875,High
24015,Cecil County,MD,39.562354,-75.941585,103876.0,0.1009222661396574,0.120722465,0.08956237,0.13861997,county_prior_months,1.4609756,flood_events,0.7086881,property_damage,0.3764004,High
23029,Washington County,ME,44.967009,-67.609354,31096.0,0.1753581280951906,0.1479938,0.06957757,0.13400607,county_prior_months,1.3288609,month,1.0940751,flood_events,0.88007915,Low
23031,York County,ME,43.426019,-70.668425,212691.0,0.0799667362846915,0.030389948,0.025169803,0.031912886,county_prior_months,1.3716265,month,0.39181814,property_damage,0.34610268,High
31071,Garfield County,NE,41.906912,-98.951283,1833.0,0.1215753424657534,0.20582117,0.17328776,0.21792983,county_prior_months,0.7360376,property_damage,0.4875078,month,0.41072375,Medium
31073,Gosper County,NE,40.509095,-99.823206,1873.0,0.0653950953678474,0.06842347,0.0689053,0.07538534,county_prior_months,1.0679833,month,0.5458722,property_damage,0.52970916,High
31077,Greeley County,NE,41.567563,-98.530567,2212.0,0.1247123791992636,0.19830866,0.18672612,0.2115246,county_prior_months,0.719654,property_damage,0.49838328,month,0.4036992,Medium
08047,Gilpin County,CO,39.861156,-105.528878,5856.0,0.0930795847750865,0.02036433,0.011072641,0.019850925,county_prior_months,1.3653482,median_home_value,0.49176902,month,0.4609036,High
51001,Accomack County,VA,37.765944,-75.757807,33367.0,0.1589805825242718,0.15507808,0.15772389,0.1805797,county_prior_months,0.7581423,flood_events,0.49175456,property_damage,0.41627753,Medium
51003,Albemarle County,VA,38.024184,-78.553506,112513.0,0.0709423076923077,0.09880277,0.089679375,0.096596494,county_prior_months,1.3009795,property_damage,0.40663716,winter_events,0.35638216,High
31051,Dixon County,NE,42.485086,-96.855784,5579.0,0.0944221655122129,0.12619701,0.109854504,0.11399274,county_prior_months,1.0458242,property_damage,0.44679978,month,0.3773078,High
31057,Dundy County,NE,40.180165,-101.681133,1825.0,0.1246521981079577,0.10971274,0.09325043,0.09939607,county_prior_months,1.3925409,property_damage,0.51753616,winter_events,0.32482705,High
31059,Fillmore County,NE,40.52504,-97.596705,5557.0,0.0700410907732536,0.08119931,0.068095535,0.07306958,county_prior_months,1.2742294,property_damage,0.45912796,month,0.39478362,High
31061,Franklin County,NE,40.183203,-98.96208,2901.0,0.1490265486725663,0.10718371,0.10326433,0.11877372,county_prior_months,1.0366821,property_damage,0.4897541,month,0.3632133,High
08055,Huerfano County,CO,37.687815,-104.959928,6896.0,0.2059564379908134,0.025761953,0.015651142,0.02882139,county_prior_months,1.4907526,flood_events,0.39626485,county_disaster_rate,0.37306455,High
08029,Delta County,CO,38.861423,-107.865043,31173.0,0.1503122508636726,0.05189647,0.041748352,0.042378314,county_prior_months,1.5753945,property_damage,0.45978642,county_disaster_rate,0.42487323,High
08035,Douglas County,CO,39.325414,-104.925987,360206.0,0.0301034203997435,0.04496544,0.021992322,0.02743606,county_prior_months,1.2968328,median_home_value,0.38014612,month,0.3408884,High
08037,Eagle County,CO,39.626992,-106.695169,55650.0,0.0804730522704703,0.07175475,0.053276993,0.070650086,county_prior_months,1.6265317,winter_events,0.4894512,county_disaster_rate,0.45339197,High
08039,Elbert County,CO,39.315157,-104.114076,26457.0,0.0425660834658789,0.032962568,0.020495329,0.03127501,county_prior_months,1.1410766,property_damage,0.52832633,homeownership_rate,0.5147031,High
08013,Boulder County,CO,40.094966,-105.397702,328658.0,0.1128238538609452,0.054723978,0.022650387,0.04332415,county_prior_months,1.319003,winter_events,0.49166536,median_home_value,0.41177005,High
31065,Furnas County,NE,40.192252,-99.908637,4630.0,0.1115028646981048,0.08794239,0.100873545,0.11487959,county_prior_months,1.2735118,property_damage,0.42396325,month,0.3652469,High
31069,Garden County,NE,41.633364,-102.302985,1778.0,0.0960548885077186,0.1222917,0.11685013,0.12758888,county_prior_months,1.2941225,property_damage,0.50976175,winter_events,0.29512274,High
56015,Goshen County,WY,42.089455,-104.35354,12592.0,0.0927208964160465,0.033771653,0.026185915,0.02870031,county_prior_months,0.8775008,month,0.43540597,flood_events,0.3823693,High
48381,Randall County,TX,34.962529,-101.895547,141489.0,0.0943329508634438,0.013911697,0.01202301,0.014832331,county_prior_months,1.6012889,county_disaster_rate,0.46712646,month,0.39852324,High
24003,Anne Arundel County,MD,38.991617,-76.560894,588109.0,0.0583277205145209,0.059468295,0.05667343,0.05885312,county_prior_months,1.471564,flood_events,0.35948882,property_damage,0.35695106,High
45051,Horry County,SC,33.909269,-78.976675,356578.0,0.1310173102073684,0.42181084,0.33947596,0.38878152,flood_events,0.996284,county_prior_months,0.88273346,total_population,0.63293,High
45055,Kershaw County,SC,34.338356,-80.590885,65779.0,0.1443658204826458,0.042063233,0.037842616,0.042400904,county_prior_months,1.0015796,month,0.39244068,property_damage,0.3906735,High
45057,Lancaster County,SC,34.686818,-80.703688,97611.0,0.120995546240503,0.11645268,0.0978887,0.106553875,county_prior_months,0.5907585,property_damage,0.3603182,flood_events,0.35698366,High
53015,Cowlitz County,WA,46.196785,-122.67846,110621.0,0.1214267389870263,0.5298403,0.5285413,0.54003596,flood_events,0.38713387,county_prior_months,0.32626736,property_damage,0.30649984,High
23019,Penobscot County,ME,45.409284,-68.666616,152640.0,0.1341644486106644,0.06749444,0.045999847,0.06203968,county_prior_months,1.3018168,month,0.9141805,flood_events,0.79490155,High
23021,Piscataquis County,ME,45.915639,-69.102231,16936.0,0.1497794695184581,0.12549748,0.083716474,0.104420505,county_prior_months,1.2285615,month,1.0109248,flood_events,0.88953143,High
23023,Sagadahoc County,ME,43.916845,-69.844227,36868.0,0.1089331179675308,0.031995013,0.031102773,0.03673714,county_prior_months,0.7642406,month,0.5224259,property_damage,0.41655698,High
23025,Somerset County,ME,45.503646,-69.95611,50656.0,0.1678216026751541,0.984373,0.98454785,0.9858339,property_damage,2.9011226,county_prior_months,1.0542595,flood_events,0.9294725,High
08019,Clear Creek County,CO,39.689403,-105.670783,9403.0,0.0662372517444981,0.020646311,0.011413134,0.015467324,county_prior_months,1.3954357,median_home_value,0.4817754,month,0.43568835,High
08023,Costilla County,CO,37.277547,-105.42894,3534.0,0.2253200568990042,0.020746043,0.009908418,0.018403567,county_prior_months,1.499933,county_disaster_rate,0.40341213,month,0.39624095,High
51009,Amherst County,VA,37.629304,-79.154667,31426.0,0.11290639105122,0.08113204,0.0668185,0.071247,county_prior_months,1.338152,property_damage,0.4624557,month,0.3151286,High
51015,Augusta County,VA,38.17259,-79.140975,77433.0,0.0810829130741283,0.09431111,0.09055283,0.09619727,county_prior_months,1.2290341,property_damage,0.39564177,flood_events,0.2646663,High
31081,Hamilton County,NE,40.872817,-98.022329,9400.0,0.0550934428000432,0.05614613,0.0495435,0.06559911,county_prior_months,1.2303103,property_damage,0.45020783,month,0.44189414,High
31083,Harlan County,NE,40.178766,-99.403418,3094.0,0.0734908136482939,0.07960605,0.07275689,0.08079957,county_prior_months,1.0536307,month,0.50724083,property_damage,0.48575154,High
31085,Hayes County,NE,40.537234,-101.047963,919.0,0.1468988030467899,0.15265186,0.1446674,0.1546028,county_prior_months,1.0561311,property_damage,0.48935607,winter_events,0.32562307,Medium
31087,Hitchcock County,NE,40.176896,-101.044217,2620.0,0.1236434108527131,0.14893799,0.15699254,0.18168966,county_prior_months,1.0829711,property_damage,0.47913647,winter_events,0.28906628,High
39055,Geauga County,OH,41.499322,-81.173505,95455.0,0.0584732112580535,0.054292947,0.034361325,0.055944223,county_prior_months,1.3934755,property_damage,0.45221755,homeownership_rate,0.45057753,High
08027,Custer County,CO,38.101996,-105.373512,4885.0,0.0771123872026251,0.014718301,0.007838479,0.010431313,county_prior_months,1.4068741,month,0.54811305,flood_events,0.41690513,High
31099,Kearney County,NE,40.50912,-98.947602,6655.0,0.0946193824518495,0.060496937,0.056553442,0.070761755,county_prior_months,1.0562435,month,0.48012474,property_damage,0.43932366,High
31079,Hall County,NE,40.866027,-98.502664,62575.0,0.1275559883154819,0.11180459,0.090492174,0.105242476,county_prior_months,1.3842435,property_damage,0.40392864,winter_events,0.31665486,High
06111,Ventura County,CA,34.358748,-119.133145,842009.0,0.0895105855316012,0.61963975,0.6000529,0.6101822,flood_events,0.80184567,storm_count,0.5481552,total_population,0.35575628,High
08001,Adams County,CO,39.874325,-104.331872,520149.0,0.0961838511917106,0.08692124,0.0733299,0.08811205,county_prior_months,1.1925057,winter_events,0.44566372,property_damage,0.35295695,High
08003,Alamosa County,CO,37.568442,-105.788041,16460.0,0.1553385583965052,0.024541711,0.016598651,0.022813847,county_prior_months,1.362787,county_disaster_rate,0.39731434,flood_events,0.3811163,High
08005,Arapahoe County,CO,39.644554,-104.331706,654453.0,0.079836274410011,0.08377841,0.086790435,0.106930144,county_prior_months,1.2514275,winter_events,0.66446424,property_damage,0.39493155,High
06083,Santa Barbara County,CA,34.536677,-120.038364,445213.0,0.1353033757031244,0.7099838,0.6588361,0.76531523,flood_events,1.0827065,storm_count,0.59655935,median_home_value,0.2913956,Low
06087,Santa Cruz County,CA,37.012347,-122.007789,268571.0,0.1138317502865023,0.32838172,0.30243567,0.31312305,flood_events,0.62317276,county_prior_months,0.5310962,property_damage,0.29119927,Medium
08015,Chaffee County,CO,38.734599,-106.300025,19564.0,0.1177734913199228,0.021908533,0.012714817,0.017373737,county_prior_months,1.4616086,county_disaster_rate,0.37966618,flood_events,0.3790187,High
23027,Waldo County,ME,44.505822,-69.138961,39772.0,0.129129052113254,0.033467136,0.025464643,0.033440877,month,1.0969294,county_prior_months,0.799607,tropical_events_prev3m,0.3744944,High
23009,Hancock County,ME,44.564906,-68.370703,55851.0,0.1093787346706135,0.058119275,0.049981967,0.08268487,county_prior_months,1.3346092,month,0.969972,flood_events,0.81992686,High
23011,Kennebec County,ME,44.417012,-69.765764,124003.0,0.1242462301108717,0.6052398,0.6647421,0.7558838,property_damage,1.4561595,county_prior_months,0.8507006,flood_events,0.7122236,Low
23013,Knox County,ME,44.042045,-69.038514,40729.0,0.0997411650137105,0.03780269,0.03701262,0.048558738,county_prior_months,0.656517,month,0.55615425,property_damage,0.40855992,High
23015,Lincoln County,ME,43.994781,-69.513624,35466.0,0.0914131402798126,0.028795227,0.030188976,0.039838783,county_prior_months,0.8399371,month,0.6392594,property_damage,0.41100383,High
23017,Oxford County,ME,44.4945,-70.734421,58276.0,0.1442746091361691,0.9741709,0.9713884,0.9787723,property_damage,2.799768,county_prior_months,0.9119748,flood_events,0.87564373,High
22127,Winn Parish,LA,31.941187,-92.641269,13665.0,0.1964389716282552,0.055736784,0.05154092,0.053982727,county_prior_months,0.812438,flood_events,0.3978731,property_damage,0.38566637,High
23001,Androscoggin County,ME,44.167681,-70.207435,111532.0,0.1236667841442377,0.8590843,0.82959527,0.8720363,property_damage,1.5501432,flood_events,0.9209114,county_prior_months,0.48440686,High
23003,Aroostook County,ME,46.709193,-68.612409,67237.0,0.1494927514022128,0.013647795,0.01133649,0.014740205,county_prior_months,1.4521934,month,1.0964134,flood_events,0.35350016,High
56013,Fremont County,WY,43.054831,-108.608935,39402.0,0.138626240525123,0.06451877,0.05068174,0.056134805,county_prior_months,1.4598972,property_damage,0.48364702,county_disaster_rate,0.40877366,High
48369,Parmer County,TX,34.532163,-102.784853,9809.0,0.0951302378255945,0.029329311,0.02144095,0.025624847,county_prior_months,1.1982294,month,0.4558686,property_damage,0.39786544,High
23005,Cumberland County,ME,43.808348,-70.330375,303357.0,0.0721316924913842,0.16109228,0.13710894,0.23956637,deaths,1.3340024,county_prior_months,1.0448135,month,0.39954594,Low
06091,Sierra County,CA,39.576925,-120.521993,2916.0,0.1257883672039243,0.055239763,0.06236446,0.07163526,month,0.61656034,county_prior_months,0.44556847,property_damage,0.40215862,High
06093,Siskiyou County,CA,41.587986,-122.533287,44049.0,0.1668039727218637,0.054149427,0.04852048,0.05566401,county_prior_months,0.7673612,month,0.38298592,flood_events,0.36042315,High
06095,Solano County,CA,38.267226,-121.939594,450995.0,0.0899569076845697,0.52427626,0.49017683,0.53869647,flood_events,0.58196825,median_home_value,0.30028912,property_damage,0.28714466,High
06097,Sonoma County,CA,38.525182,-122.92611,488436.0,0.0891085203729998,0.20752014,0.19288728,0.2177682,county_prior_months,0.80433524,flood_events,0.48119676,property_damage,0.30728316,Medium
06099,Stanislaus County,CA,37.562316,-121.002831,552063.0,0.1372640018417585,0.53925973,0.4935201,0.52640533,flood_events,0.37986282,county_prior_months,0.34051722,property_damage,0.27994367,High
56045,Weston County,WY,43.846213,-104.57002,6870.0,0.1294649820620808,0.023390401,0.01588218,0.02016324,county_prior_months,1.4471006,homeownership_rate,0.5891527,property_damage,0.5463331,High
06103,Tehama County,CA,40.126157,-122.232274,65484.0,0.1617846780665473,0.5168868,0.5189654,0.53129375,flood_events,0.376144,property_damage,0.32928914,county_prior_months,0.31573313,High
06067,Sacramento County,CA,38.450136,-121.344329,1579211.0,0.131003420774491,0.44428778,0.42138472,0.44769308,flood_events,0.32141128,total_population,0.30475923,median_home_value,0.25860965,High
31089,Holt County,NE,42.459287,-98.784766,10149.0,0.0986690683478434,0.09632419,0.08755932,0.10434072,county_prior_months,1.2358562,property_damage,0.45065212,month,0.37357748,High
31091,Hooker County,NE,41.920317,-101.117324,659.0,0.0814696485623003,0.17954187,0.1540665,0.17790158,county_prior_months,0.9630405,property_damage,0.48416483,winter_events,0.32654276,Medium
31093,Howard County,NE,41.216851,-98.513342,6476.0,0.0487271591441511,0.10230438,0.084515154,0.08719975,county_prior_months,1.0587999,property_damage,0.44857746,month,0.3814919,High
23007,Franklin County,ME,44.976724,-70.414935,29839.0,0.1211836051861146,0.98213,0.9760755,0.9815793,property_damage,2.3565621,flood_events,1.1988752,county_prior_months,0.45560533,High
45063,Lexington County,SC,33.892373,-81.272903,295934.0,0.1159829544290484,0.057695955,0.046604358,0.048057217,county_prior_months,1.3235395,property_damage,0.32910085,flood_events,0.30976996,High
53011,Clark County,WA,45.77173,-122.485953,504091.0,0.0886745146063323,0.39966705,0.40958217,0.41420376,county_prior_months,0.3272217,property_damage,0.28097713,wind_events,0.27881062,Medium
22071,Orleans Parish,LA,30.05342,-89.934502,380408.0,0.2292496042158842,0.15279661,0.15100887,0.15268105,county_prior_months,0.7827866,flood_events,0.3899549,property_damage,0.3313954,Medium
22083,Richland Parish,LA,32.413158,-91.748353,20028.0,0.2402910080602951,0.046126623,0.059441384,0.060915396,county_prior_months,0.81904566,property_damage,0.5479377,month,0.43176335,High
45075,Orangeburg County,SC,33.436135,-80.802913,84159.0,0.2500432729161,0.029461356,0.025812397,0.03572696,county_prior_months,1.1986117,property_damage,0.38058048,flood_events,0.35400897,High
45079,Richland County,SC,34.029095,-80.898037,416161.0,0.1682689826712491,0.03487295,0.027482264,0.031298548,county_prior_months,1.3943636,flood_events,0.32779106,property_damage,0.31264096,High
53009,Clallam County,WA,48.110903,-123.88986,77333.0,0.108758118480614,0.46531615,0.46669167,0.47690204,county_disaster_rate,0.40614596,property_damage,0.32993656,wind_events,0.30670857,High
22055,Lafayette Parish,LA,30.206507,-92.06417,243175.0,0.1681079763675634,0.20845021,0.21515116,0.23176089,county_prior_months,0.8507211,flood_events,0.50489193,property_damage,0.4528057,Medium
22059,LaSalle Parish,LA,31.680083,-92.161596,14764.0,0.1519088984597416,0.054778222,0.0564571,0.06582225,month,0.802168,county_prior_months,0.5174707,property_damage,0.37887076,High
06073,San Diego County,CA,33.023604,-116.776117,3289701.0,0.1057121681398669,0.07728383,0.054077566,0.09184888,county_prior_months,1.4617842,total_population,0.66081727,flood_events,0.5400643,High
06077,San Joaquin County,CA,37.934982,-121.272244,779445.0,0.1287744483171282,0.5308347,0.49408212,0.53972,flood_events,0.38283426,county_prior_months,0.34012622,property_damage,0.28469962,High
97002,97002,97,39.5,-98.35,,,0.1166229,0.10520204,0.22122133,total_population,1.1469209,flood_events,0.840163,property_damage,0.6640647,Low
31101,Keith County,NE,41.194245,-101.644449,8303.0,0.1193119433939246,0.08824766,0.0745757,0.076356634,county_prior_months,1.3841267,property_damage,0.45426854,winter_events,0.29368702,High
31103,Keya Paha County,NE,42.87548,-99.718351,987.0,0.0861195542046605,0.1725583,0.15560257,0.17131354,county_prior_months,0.7166504,property_damage,0.48397106,month,0.36330104,Medium
31105,Kimball County,NE,41.199274,-103.703153,3395.0,0.1003012048192771,0.13351813,0.1403184,0.15163746,county_prior_months,1.2655603,property_damage,0.47934812,winter_events,0.29029673,High
31107,Knox County,NE,42.634404,-97.891349,8415.0,0.1195863746958637,0.13721445,0.14000268,0.14551613,county_prior_months,1.0642828,property_damage,0.4340827,month,0.33791494,High
31111,Lincoln County,NE,41.050322,-100.744481,34532.0,0.1097333056453766,0.08013197,0.06742384,0.07660885,county_prior_months,1.4688449,property_damage,0.44249347,month,0.32990617,High
06089,Shasta County,CA,40.760514,-122.043556,181852.0,0.1328318979979868,0.4009792,0.41890416,0.42662394,wind_events,0.2874899,county_prior_months,0.2311467,flood_events,0.2290589,High
22021,Caldwell Parish,LA,32.101219,-92.114231,9658.0,0.2486111111111111,0.07504484,0.082239,0.08864601,month,0.60021853,county_prior_months,0.457519,property_damage,0.37675396,High
22033,East Baton Rouge Parish,LA,30.54393,-91.093131,454369.0,0.1786089738361291,0.27578938,0.23549087,0.31367737,county_prior_months,0.6469398,flood_events,0.60571337,total_population,0.38478178,Low
22041,Franklin Parish,LA,32.139076,-91.672371,19752.0,0.2602163141350098,0.037494086,0.038318627,0.044313785,county_prior_months,0.9742937,property_damage,0.6023873,flood_events,0.38433656,High
45085,Sumter County,SC,33.91614,-80.382376,105199.0,0.164145603591295,0.020736437,0.015946908,0.017567622,county_prior_months,1.1285546,max_magnitude,0.4777906,month,0.4018757,High
46003,Aurora County,SD,43.724719,-98.577587,2590.0,0.0513849859494179,0.09222051,0.06516084,0.08338618,county_prior_months,0.8059388,property_damage,0.46946746,month,0.44839984,High
39007,Ashtabula County,OH,41.906637,-80.745592,97666.0,0.1801195577421573,0.12629038,0.11833104,0.12748434,county_prior_months,1.4498277,winter_events,0.36567506,property_damage,0.36313522,High
54023,Grant County,WV,39.105988,-79.195064,11034.0,0.1172375893020699,0.13821344,0.118953906,0.14461114,county_prior_months,1.1517284,winter_events,0.45743763,property_damage,0.44075313,High
06061,Placer County,CA,39.062032,-120.722718,406608.0,0.0680901948233986,0.093302935,0.084942214,0.101734094,county_prior_months,1.0184616,property_damage,0.34453008,flood_events,0.28682655,High
06063,Plumas County,CA,39.992295,-120.824371,19650.0,0.1086855310123635,0.0820929,0.059143838,0.08026754,month,0.5292171,county_prior_months,0.47522435,property_damage,0.3533817,High
06065,Riverside County,CA,33.729828,-116.002239,2429487.0,0.113860513014266,0.044437636,0.034346424,0.039370492,county_prior_months,1.3841113,total_population,0.56652504,flood_events,0.39873132,High
06049,Modoc County,CA,41.592918,-120.71837,8651.0,0.1689508506616257,0.077989295,0.0782119,0.0857247,month,0.50500584,property_damage,0.35249013,flood_events,0.32486445,High
06071,San Bernardino County,CA,34.856661,-116.181571,2180563.0,0.1377694852244022,0.036689363,0.03494009,0.04549802,county_prior_months,1.411273,total_population,0.6976144,flood_events,0.6720267,High
21219,Todd County,KY,36.840338,-87.183642,12281.0,0.2113119920384806,0.44450143,0.43262193,0.51875585,property_damage,1.93163,county_prior_months,1.2189882,flood_events,0.3080765,Low
21227,Warren County,KY,36.995634,-86.423579,135307.0,0.171653714303442,0.08342024,0.06004126,0.08930698,county_prior_months,1.3805928,property_damage,0.31374407,flood_events,0.30270916,High
46005,Beadle County,SD,44.418265,-98.279422,19089.0,0.0967362854548368,0.07253489,0.05458068,0.059598047,county_prior_months,1.1560104,property_damage,0.4413943,month,0.4217236,High
46007,Bennett County,SD,43.186912,-101.677181,3391.0,0.2959976105137396,0.09493464,0.07699396,0.1069207,county_prior_months,1.42133,property_damage,0.5026268,winter_events,0.37108466,High
46009,Bon Homme County,SD,42.985799,-97.884199,7018.0,0.1171003717472119,0.060299113,0.039853252,0.042703632,county_prior_months,0.95900244,month,0.5534704,property_damage,0.41403255,High
46011,Brookings County,SD,44.376675,-96.797797,34631.0,0.1248090631364562,0.02872895,0.018769374,0.02186734,county_prior_months,0.9947247,month,0.48156172,property_damage,0.43351084,High
46013,Brown County,SD,45.589254,-98.352175,38278.0,0.1054768370392278,0.07445443,0.059108756,0.08014441,county_prior_months,1.5902994,property_damage,0.4888268,month,0.31862813,High
21213,Simpson County,KY,36.740937,-86.581793,19574.0,0.1419089759797724,0.13203973,0.10647987,0.12888077,county_prior_months,0.66464376,property_damage,0.35263485,flood_events,0.30711132,High
46015,Brule County,SD,43.729873,-99.092909,5247.0,0.1392828999211978,0.09349233,0.06753328,0.08662239,county_prior_months,0.9856408,property_damage,0.43834004,month,0.41923586,High
46017,Buffalo County,SD,44.044306,-99.203998,1859.0,0.3651654910472056,0.13203534,0.105408974,0.13535435,county_prior_months,1.0851324,property_damage,0.507312,winter_events,0.33168185,High
06051,Mono County,CA,37.915836,-118.875167,13219.0,0.1128675066819396,0.033740472,0.025649356,0.031301185,county_prior_months,1.315055,month,0.44166785,flood_events,0.36358622,High
06059,Orange County,CA,33.675687,-117.777207,3175227.0,0.0968323971795225,0.1020738,0.071825966,0.110215485,county_prior_months,1.1644391,total_population,0.50243646,flood_events,0.44239357,High
06029,Kern County,CA,35.346629,-118.729506,906883.0,0.1929297777959344,0.10384617,0.066894434,0.09416709,county_prior_months,1.3674008,flood_events,0.5833081,total_population,0.3692922,High
06031,Kings County,CA,36.072478,-119.81553,152515.0,0.1621311862925581,0.4411843,0.41745237,0.42918736,flood_events,0.540256,property_damage,0.2830155,wind_events,0.21903217,High
06035,Lassen County,CA,40.715287,-120.621223,31873.0,0.1523128995863106,0.08035907,0.06623763,0.08114834,month,0.44771472,county_prior_months,0.44624153,property_damage,0.3633352,High
31119,Madison County,NE,41.909929,-97.606856,35538.0,0.1215954152073866,0.12767504,0.12287375,0.13380921,county_prior_months,0.99343336,property_damage,0.42310143,month,0.2858837,High
31121,Merrick County,NE,41.16979,-98.031057,7675.0,0.1024416135881104,0.12295619,0.11411944,0.118591554,county_prior_months,1.0082921,property_damage,0.43000504,month,0.31848112,High
31125,Nance County,NE,41.402385,-97.991408,3366.0,0.136058572300183,0.18477644,0.17769201,0.19031717,county_prior_months,0.7146313,property_damage,0.44790682,month,0.36104736,Medium
06041,Marin County,CA,38.051367,-122.746396,260485.0,0.0696227027322874,0.2825867,0.23361531,0.25451142,county_prior_months,0.47379318,flood_events,0.41832963,property_damage,0.28571525,Medium
06003,Alpine County,CA,38.621783,-119.798352,1515.0,0.1372937293729373,0.046748772,0.049248554,0.052078824,county_prior_months,0.98434633,property_damage,0.49453664,month,0.45732147,High
06007,Butte County,CA,39.665336,-121.603209,213605.0,0.182135704634962,0.44068286,0.4109352,0.431769,county_prior_months,0.2682028,wind_events,0.25130716,flood_events,0.22920464,High
06017,El Dorado County,CA,38.785612,-120.534225,191713.0,0.0859787942792892,0.181331,0.16897546,0.19453657,county_prior_months,0.83740234,flood_events,0.4539345,property_damage,0.35130024,Medium
38103,Wells County,ND,47.580851,-99.682213,3990.0,0.107739778863461,0.8272567,0.82330966,0.862684,property_damage,1.711958,county_prior_months,0.88066304,wind_events,0.4461581,High
31129,Nuckolls County,NE,40.176492,-98.046842,4092.0,0.06273245722787,0.07809041,0.07374164,0.0792871,county_prior_months,1.3086901,property_damage,0.47836843,month,0.41208532,High
31135,Perkins County,NE,40.857646,-101.627468,2860.0,0.086848635235732,0.115778655,0.102641284,0.11428766,county_prior_months,1.0920177,property_damage,0.4776174,month,0.34666562,High
31137,Phelps County,NE,40.516365,-99.406557,8966.0,0.1449325492909028,0.09293122,0.083001584,0.097631484,county_prior_months,1.224041,property_damage,0.43988535,month,0.3939749,High
31139,Pierce County,NE,42.271413,-97.610992,7301.0,0.0794027351381523,0.16536565,0.14426413,0.15128164,county_prior_months,0.68895,property_damage,0.427546,month,0.4236831,Medium
31113,Logan County,NE,41.542155,-100.443665,839.0,0.092326139088729,0.06778098,0.0636629,0.070041955,county_prior_months,1.0822198,property_damage,0.5185988,month,0.5107522,High
31115,Loup County,NE,41.90279,-99.509276,629.0,0.0794912559618442,0.18023342,0.15220678,0.19656974,county_prior_months,0.71595377,property_damage,0.4777389,month,0.33528242,Medium
31117,McPherson County,NE,41.648414,-101.120851,456.0,0.0767543859649122,0.1654643,0.16667941,0.18312982,county_prior_months,0.89974016,property_damage,0.48576576,flood_events,0.30018365,Medium
46019,Butte County,SD,44.896226,-103.501436,10369.0,0.0823460295701556,0.05506028,0.053557917,0.061872505,county_prior_months,1.3673705,property_damage,0.46757784,month,0.43494746,High
46021,Campbell County,SD,45.785575,-100.002107,1534.0,0.0562091503267973,0.098789126,0.10767469,0.12649874,county_prior_months,1.1745218,property_damage,0.5060155,month,0.39233494,High
46023,Charles Mix County,SD,43.206185,-98.595143,9302.0,0.228657515902243,0.08887968,0.06477266,0.077573754,county_prior_months,1.1230733,property_damage,0.41017196,winter_events,0.4035473,High
46025,Clark County,SD,44.855211,-97.724912,3837.0,0.0943041375604513,0.08967553,0.0682623,0.07603152,county_prior_months,1.401041,property_damage,0.48136485,month,0.34395394,High
21171,Monroe County,KY,36.714077,-85.713508,11331.0,0.2091023114137251,0.20609465,0.20023586,0.22144897,county_prior_months,0.37904662,property_damage,0.33785892,month,0.30090618,Medium
46027,Clay County,SD,42.91615,-96.980468,14953.0,0.2117031398667935,0.09772494,0.06876433,0.091252714,county_prior_months,0.9181803,property_damage,0.44856572,flood_events,0.34911114,High
46029,Codington County,SD,44.966285,-97.198837,28402.0,0.1095321616494254,0.09280616,0.08570808,0.10307323,county_prior_months,1.2254655,property_damage,0.449156,month,0.31013706,High
46031,Corson County,SD,45.685671,-101.179665,3906.0,0.4344578933814061,0.08433933,0.05997321,0.07654231,county_prior_months,1.3500317,winter_events,0.46882495,property_damage,0.4476794,High
46033,Custer County,SD,43.684943,-103.46225,8515.0,0.0827363896848137,0.030270834,0.023187587,0.032560773,county_prior_months,1.4969171,property_damage,0.50424534,month,0.32669258,High
46035,Davison County,SD,43.680439,-98.155868,19966.0,0.1518603678929765,0.111171074,0.075153254,0.097869925,county_prior_months,1.0255984,property_damage,0.4372842,winter_events,0.4100962,High
51179,Stafford County,VA,38.423084,-77.458048,157606.0,0.0537584769731922,0.13080518,0.11454441,0.12219906,county_prior_months,1.0108776,flood_events,0.4179853,property_damage,0.37253338,High
51035,Carroll County,VA,36.731963,-80.727831,29126.0,0.1523661485319516,0.032471668,0.030823985,0.040035006,county_prior_months,1.2350675,property_damage,0.5901684,flood_events,0.34220332,High
31141,Platte County,NE,41.576866,-97.513467,34219.0,0.0820734341252699,0.08214305,0.08606439,0.10670635,county_prior_months,1.258715,property_damage,0.44465223,month,0.33581468,High
31143,Polk County,NE,41.187925,-97.570663,5182.0,0.0773317591499409,0.07895036,0.084942855,0.08817637,county_prior_months,1.0943884,month,0.48290697,property_damage,0.43334693,High
31149,Rock County,NE,42.394749,-99.420851,1312.0,0.0909822866344605,0.17670561,0.15283266,0.17770237,county_prior_months,0.9194201,property_damage,0.49819544,month,0.32882077,Medium
38091,Steele County,ND,47.451062,-97.71892,1774.0,0.1302142051860202,0.051128764,0.03201971,0.049351655,county_prior_months,1.4859595,property_damage,0.56978846,month,0.47633627,High
38093,Stutsman County,ND,46.972223,-98.956123,21609.0,0.131269690453568,0.883095,0.8518614,0.889879,property_damage,2.563161,county_prior_months,0.9903615,winter_events,0.31402135,High
38097,Traill County,ND,47.446271,-97.164636,8004.0,0.0656150583244963,0.04561561,0.027830863,0.046503376,county_prior_months,1.4923295,month,0.5516513,property_damage,0.5083812,High
38099,Walsh County,ND,48.376979,-97.72223,10553.0,0.0968429207824908,0.032126125,0.03641372,0.04452294,county_prior_months,1.675841,month,0.64914006,county_prior_disasters,0.53662336,High
06037,Los Angeles County,CA,34.196398,-118.261862,9936690.0,0.1373845118098436,0.07632049,0.04491206,0.062243287,county_prior_months,0.854633,total_population,0.39088094,flood_events,0.30989078,High
21141,Logan County,KY,36.859607,-86.881288,27498.0,0.157450105138894,0.100964315,0.08909799,0.107405216,county_prior_months,1.0607369,property_damage,0.35476962,flood_events,0.3332223,High
56011,Crook County,WY,44.589266,-104.567298,7258.0,0.0632559432781871,0.048889954,0.038615312,0.04336046,county_prior_months,1.469314,property_damage,0.4870075,flood_events,0.2913182,High
46037,Day County,SD,45.355161,-97.58143,5485.0,0.1471465870943678,0.108273916,0.0719624,0.094246164,county_prior_months,1.4526926,property_damage,0.4952233,month,0.39434025,High
46041,Dewey County,SD,45.148049,-100.837953,5275.0,0.309185242121445,0.17377406,0.15928848,0.17113872,county_prior_months,1.5312592,winter_events,0.6637612,property_damage,0.46043175,Medium
46043,Douglas County,SD,43.391506,-98.358433,2823.0,0.1452266863251013,0.11511474,0.096363775,0.1058984,county_prior_months,0.7961035,property_damage,0.4544094,month,0.3861874,High
46045,Edmunds County,SD,45.41168,-99.205362,4014.0,0.0732467532467532,0.090738855,0.07834322,0.08109509,county_prior_months,1.3462278,property_damage,0.5043246,month,0.50036633,High
46047,Fall River County,SD,43.221619,-103.512609,7079.0,0.1929001026844653,0.04899812,0.03412333,0.038885765,county_prior_months,1.131592,property_damage,0.44365183,max_magnitude,0.43570504,High
46049,Faulk County,SD,45.065476,-99.153564,2140.0,0.2383019778099372,0.135282,0.16485009,0.17423233,county_prior_months,1.1627078,property_damage,0.517932,winter_events,0.46104538,High
46051,Grant County,SD,45.172637,-96.772261,7533.0,0.0980764020590625,0.07109895,0.057965957,0.063698605,county_prior_months,1.3776233,property_damage,0.4658047,month,0.40972337,High
31163,Sherman County,NE,41.218743,-98.972849,2970.0,0.1092408107179663,0.12294569,0.12868656,0.14561597,county_prior_months,0.99939436,property_damage,0.45616406,month,0.38621956,High
54093,Tucker County,WV,39.111175,-79.559968,6747.0,0.0975572519083969,0.34171236,0.32019374,0.35221887,county_prior_months,0.6202229,winter_events,0.601827,property_damage,0.39904806,Medium
31165,Sioux County,NE,42.470668,-103.73217,1162.0,0.1738382099827883,0.04602409,0.033480212,0.039441746,county_prior_months,0.72109437,property_damage,0.44239447,flood_events,0.40386677,High
38065,Oliver County,ND,47.118079,-101.33142,1832.0,0.1152375750955762,0.029765153,0.036888137,0.04014317,county_prior_months,1.0590259,month,0.5884803,property_damage,0.5730956,High
38073,Ransom County,ND,46.449276,-97.647554,5663.0,0.0992128866922936,0.051881023,0.03225841,0.043185543,county_prior_months,1.4910667,month,0.51783454,property_damage,0.4941153,High
38077,Richland County,ND,46.265219,-96.93796,16548.0,0.1116860998296868,0.039905284,0.030854095,0.04877955,county_prior_months,1.5710385,property_damage,0.5006169,county_prior_disasters,0.49939132,High
38081,Sargent County,ND,46.108204,-97.630051,3828.0,0.0620854338020695,0.05387162,0.039150894,0.050960936,county_prior_months,1.4741818,month,0.5217728,property_damage,0.5206183,High
38083,Sheridan County,ND,47.581359,-100.330986,1338.0,0.0693293142426526,0.094168246,0.0881573,0.10167783,county_prior_months,1.0811539,property_damage,0.5146792,month,0.49860165,High
06019,Fresno County,CA,36.761006,-119.655019,1008280.0,0.1954692118959933,0.17738609,0.15963513,0.17560627,county_prior_months,0.8826834,flood_events,0.4403404,property_damage,0.28915167,Medium
31185,York County,NE,40.873056,-97.596742,14212.0,0.093124390792532,0.07637341,0.07006077,0.082859024,county_prior_months,1.1827832,property_damage,0.45219868,month,0.40216336,High
32001,Churchill County,NV,39.53771,-118.264166,25409.0,0.0993548387096774,0.041789897,0.036290508,0.046165954,county_prior_months,0.58394086,county_disaster_rate,0.46339297,property_damage,0.35917515,High
05131,Sebastian County,AR,35.196981,-94.274989,128184.0,0.1650493134176894,0.03690834,0.027959442,0.03164781,county_prior_months,1.2105153,month,0.3813036,flood_events,0.32491416,High
99023,99023,99,39.5,-98.35,,,0.08160082,0.06856934,0.08790046,total_population,0.5515264,county_disaster_rate,0.51200944,homeownership_rate,0.31332985,High
31167,Stanton County,NE,41.905045,-97.177109,5828.0,0.0701754385964912,0.10760881,0.098038,0.115380205,county_prior_months,1.0277538,property_damage,0.44553903,month,0.4085791,High
31171,Thomas County,NE,41.85573,-100.524703,592.0,0.0658783783783783,0.16722086,0.16242978,0.18163562,county_prior_months,0.7301408,property_damage,0.47369194,month,0.27670902,Medium
31173,Thurston County,NE,42.154061,-96.533943,6716.0,0.1897909724325961,0.2604701,0.2101538,0.23603757,county_prior_months,0.6490864,property_damage,0.41798663,month,0.32278052,Medium
31175,Valley County,NE,41.564094,-98.983484,4053.0,0.0884933567310102,0.096131995,0.087977156,0.09272444,county_prior_months,1.1429954,property_damage,0.4851352,month,0.42611694,High
31161,Sheridan County,NE,42.512289,-102.36828,5102.0,0.1082546696123719,0.12954582,0.111512505,0.12807493,county_prior_months,1.2423829,property_damage,0.4466366,winter_events,0.32946774,High
46053,Gregory County,SD,43.175142,-99.206591,3983.0,0.1282836011221627,0.12962727,0.091776475,0.12593922,county_prior_months,0.7822249,property_damage,0.43387213,flood_events,0.36293796,High
13275,Thomas County,GA,30.864619,-83.919815,45665.0,0.1868536682792597,0.05947228,0.0508679,0.07018968,county_prior_months,0.74581945,property_damage,0.532276,flood_events,0.38265356,High
21099,Hart County,KY,37.305827,-85.878443,19345.0,0.2263619452564443,0.053908624,0.04915702,0.059257448,county_prior_months,0.7515382,property_damage,0.45417717,flood_events,0.39334986,High
46055,Haakon County,SD,44.288097,-101.540856,1755.0,0.1067055393586005,0.071642146,0.05207904,0.06556414,county_prior_months,1.2781731,property_damage,0.49752355,winter_events,0.4073501,High
46057,Hamlin County,SD,44.680619,-97.178598,6196.0,0.07425329551143,0.07519837,0.057258394,0.06517594,county_prior_months,1.3178289,property_damage,0.47594738,month,0.43630338,High
46061,Hanson County,SD,43.680612,-97.796845,3443.0,0.0601219866395585,0.009294606,0.00693616,0.010933565,county_prior_months,1.1542673,month,0.7174107,property_damage,0.48755333,High
46063,Harding County,SD,45.596611,-103.473871,1176.0,0.0642673521850899,0.0130464975,0.01286385,0.013210588,county_prior_months,1.5123644,month,0.59793097,property_damage,0.41304556,High
46065,Hughes County,SD,44.384452,-99.975684,17812.0,0.1002392344497607,0.06163494,0.050390285,0.066601746,county_prior_months,1.271758,month,0.47365677,property_damage,0.40731728,High
21057,Cumberland County,KY,36.782372,-85.388484,5974.0,0.2825012779008349,0.05546466,0.05300876,0.0552763,month,0.53376865,property_damage,0.40525037,county_prior_months,0.36831963,High
46067,Hutchinson County,SD,43.33671,-97.749383,7401.0,0.0989553924336533,0.060842942,0.038851436,0.043200083,county_prior_months,1.2610761,month,0.47100845,property_damage,0.44621187,High
46069,Hyde County,SD,44.537174,-99.472736,1319.0,0.0665101721439749,0.09000663,0.07273756,0.07748145,county_prior_months,1.3595252,property_damage,0.5247822,month,0.3562229,High
46071,Jackson County,SD,43.677506,-101.626323,2838.0,0.3840290381125227,0.15169004,0.08797092,0.1250065,county_prior_months,1.327585,winter_events,0.75746185,property_damage,0.48353255,Medium
46073,Jerauld County,SD,44.06341,-98.62317,1836.0,0.0910614525139664,0.061914686,0.04708459,0.056061387,county_prior_months,0.8103561,month,0.617231,property_damage,0.507832,High
13305,Wayne County,GA,31.547845,-81.912376,30277.0,0.1815105910548761,0.2333284,0.17673644,0.1877238,flood_events,0.6395864,county_prior_months,0.47438145,month,0.45865837,Medium
46075,Jones County,SD,43.951991,-100.686138,1006.0,0.1481113320079523,0.11368112,0.10208028,0.11327424,county_prior_months,1.3825049,property_damage,0.50700116,winter_events,0.3415087,High
46077,Kingsbury County,SD,44.362969,-97.499313,5172.0,0.0927570554568778,0.020377737,0.014230221,0.016789904,month,0.84302825,county_prior_months,0.7490398,flood_events,0.40694135,High
46079,Lake County,SD,44.02845,-97.123223,11207.0,0.0966025760686951,0.020888532,0.01789313,0.021379808,county_prior_months,0.8008396,month,0.7140395,property_damage,0.42387843,High
46081,Lawrence County,SD,44.348514,-103.806362,26047.0,0.1106885349813802,0.08450159,0.07259324,0.07866218,county_prior_months,1.4702486,winter_events,0.47499335,property_damage,0.4721973,High
32005,Douglas County,NV,38.905129,-119.609019,49476.0,0.0747788960048795,0.038946506,0.028142022,0.032269616,county_prior_months,1.4660994,month,0.41676402,flood_events,0.32656488,High
51059,Fairfax County,VA,38.82952,-77.273252,1145354.0,0.0598256710905292,0.12974055,0.067405224,0.11766232,county_prior_months,1.448867,flood_events,0.6805226,total_population,0.4424534,Low
38063,Nelson County,ND,47.918667,-98.204428,3025.0,0.108479231033299,0.053116344,0.03639683,0.049457885,county_prior_months,1.5248796,county_prior_disasters,0.53586674,property_damage,0.518905,High
31179,Wayne County,NE,42.210746,-97.126243,9701.0,0.1661653230658163,0.22902592,0.20780708,0.2298237,county_prior_months,0.5645648,property_damage,0.41616982,month,0.38735828,Medium
31181,Webster County,NE,40.180646,-98.49859,3410.0,0.0791301721534279,0.08078947,0.08095036,0.08818467,county_prior_months,1.3214828,property_damage,0.4799651,month,0.3916505,High
31183,Wheeler County,NE,41.922575,-98.520853,771.0,0.1024643320363164,0.21459632,0.19755596,0.21320502,county_prior_months,0.60993004,property_damage,0.47398555,month,0.37338957,Medium
46083,Lincoln County,SD,43.27942,-96.722286,65801.0,0.0645116707616707,0.033213638,0.02587175,0.034292717,county_prior_months,1.0978559,property_damage,0.40211245,flood_events,0.35182416,High
46085,Lyman County,SD,43.894812,-99.841925,3719.0,0.2508187772925764,0.090516426,0.05780103,0.07817255,county_prior_months,1.4124442,winter_events,0.4380595,property_damage,0.4312505,High
46087,McCook County,SD,43.680416,-97.358048,5714.0,0.0835734870317002,0.028796004,0.022898786,0.028655564,county_prior_months,1.0715795,month,0.536035,property_damage,0.42853335,High
56009,Converse County,WY,42.984623,-105.524752,13729.0,0.110228693286271,0.017933277,0.018323027,0.019810863,county_prior_months,1.1773728,county_disaster_rate,0.57465863,month,0.43476966,High
46089,McPherson County,SD,45.784249,-99.211421,2251.0,0.13216485078162,0.10906416,0.107148126,0.11273303,county_prior_months,1.4741174,property_damage,0.5180294,winter_events,0.3276018,High
46091,Marshall County,SD,45.737044,-97.58087,4363.0,0.0750058782036209,0.08836555,0.06794666,0.070968404,county_prior_months,1.3121687,property_damage,0.487439,month,0.40989912,High
46093,Meade County,SD,44.605282,-102.714169,29970.0,0.0744320927984533,0.07830013,0.052717935,0.08198014,county_prior_months,1.2842968,winter_events,0.6235498,property_damage,0.40774885,High
46095,Mellette County,SD,43.581334,-100.75521,1989.0,0.4913294797687861,0.10032181,0.07863499,0.0977609,county_prior_months,1.421755,property_damage,0.53044343,winter_events,0.39048865,High
15009,Maui County,HI,20.855931,-156.60155,164765.0,0.0927954633329037,0.10306037,0.08378705,0.117750674,county_prior_months,1.5140449,flood_events,0.41045633,property_damage,0.36795303,High
32019,Lyon County,NV,39.022213,-119.197425,59435.0,0.1035043169121381,0.025831416,0.021129915,0.024978448,county_prior_months,1.4327468,month,0.46148404,property_damage,0.36838424,High
51079,Greene County,VA,38.297981,-78.470163,20631.0,0.111170889171476,0.11216986,0.09207311,0.10492547,county_prior_months,1.2543908,property_damage,0.46617156,winter_events,0.27360395,High
32021,Mineral County,NV,38.516647,-118.416279,4568.0,0.1847389558232931,0.037542123,0.024286997,0.029232183,county_prior_months,0.94263345,county_disaster_rate,0.48401672,property_damage,0.37443054,High
32027,Pershing County,NV,40.439639,-118.409477,6587.0,0.0981901393800707,0.029998984,0.025380775,0.02941832,county_prior_months,0.58214355,month,0.5332536,county_disaster_rate,0.48349056,High
32029,Storey County,NV,39.438385,-119.524646,4095.0,0.0908645603722752,0.012793519,0.010837844,0.014072948,county_prior_months,1.2630836,month,0.63612235,property_damage,0.5131033,High
32007,Elko County,NV,41.141133,-115.351424,53600.0,0.1039703647416413,0.031932328,0.0464305,0.052547105,county_prior_months,1.407768,county_disaster_rate,0.56366926,property_damage,0.37969413,High
16005,Bannock County,ID,42.692921,-112.228982,87434.0,0.1253373919453989,0.21679528,0.19487776,0.22007012,county_prior_months,0.71308345,winter_events,0.5007455,property_damage,0.27085826,Medium
16007,Bear Lake County,ID,42.285892,-111.327517,6436.0,0.105735896627797,0.3929237,0.3628288,0.37340388,property_damage,0.38469645,county_prior_months,0.34801358,wind_events,0.30691075,Medium
16011,Bingham County,ID,43.216357,-112.399206,48253.0,0.1038870893105044,0.14265972,0.13347313,0.1454236,county_prior_months,0.80397034,county_disaster_rate,0.5137628,winter_events,0.42133805,High
51800,Suffolk city,VA,36.697157,-76.634781,94856.0,0.0943474514059557,0.18431498,0.1767448,0.1899406,county_prior_months,0.7178053,flood_events,0.44982722,property_damage,0.3665151,Medium
20179,Sheridan County,KS,39.350547,-100.441228,2450.0,0.0771784232365145,0.027208619,0.021384427,0.024896055,county_prior_months,1.1217165,month,0.5422041,property_damage,0.4557208,High
20181,Sherman County,KS,39.351352,-101.719859,5940.0,0.1049075391180654,0.08591165,0.07265578,0.08226925,county_prior_months,1.5061123,property_damage,0.46328756,winter_events,0.33860552,High
20183,Smith County,KS,39.78466,-98.785429,3561.0,0.0732265446224256,0.100673005,0.10232158,0.11798779,county_prior_months,1.1339958,property_damage,0.48195162,month,0.33571923,High
33003,Carroll County,NH,43.867774,-71.20156,50679.0,0.0799967985273225,0.86260337,0.82089174,0.8828603,property_damage,1.8813337,county_prior_months,1.1098006,flood_events,0.89485157,Low
33007,Coos County,NH,44.652548,-71.289431,31430.0,0.1161069039290929,0.9517519,0.94636655,0.9538847,property_damage,1.9689139,flood_events,0.9062799,county_prior_months,0.85019636,High
38037,Grant County,ND,46.357827,-101.639049,2320.0,0.1536091549295774,0.13289115,0.11396233,0.1351255,county_prior_months,1.0645666,property_damage,0.5203399,month,0.37944925,High
38039,Griggs County,ND,47.456334,-98.232286,2309.0,0.0650700406687754,0.055574913,0.042861845,0.05416393,county_prior_months,1.4363769,property_damage,0.5819368,month,0.5477414,High
38043,Kidder County,ND,46.938273,-99.731198,2391.0,0.1277419354838709,0.8242296,0.80557036,0.8333081,property_damage,1.6630906,county_prior_months,0.8064337,total_population,0.5223535,High
38045,LaMoure County,ND,46.464195,-98.526057,4135.0,0.1216654200947394,0.87920046,0.8349428,0.87366784,property_damage,2.7252688,county_prior_months,0.92179,total_population,0.30519053,High
38047,Logan County,ND,46.469278,-99.504585,1849.0,0.0817822899041173,0.8887282,0.90372825,0.92579776,property_damage,2.0701396,county_prior_months,0.7407394,total_population,0.44491622,High
38051,McIntosh County,ND,46.108682,-99.416487,2529.0,0.136288318144159,0.8959263,0.9006607,0.9137321,property_damage,2.3230555,county_prior_months,0.8983713,total_population,0.45111558,High
32031,Washoe County,NV,40.73132,-119.663269,486674.0,0.1087938100253397,0.051439147,0.021030126,0.033742443,county_prior_months,1.3388653,flood_events,0.30601934,property_damage,0.26967472,High
32033,White Pine County,NV,39.418176,-114.900565,8997.0,0.0924449249898635,0.07807319,0.06956676,0.07389381,county_prior_months,0.75261915,property_damage,0.37679398,flood_events,0.37585178,High
99054,99054,99,39.5,-98.35,,,0.005705701,0.003164089,0.0064482847,county_prior_months,0.65370053,total_population,0.55409807,county_disaster_rate,0.51907057,High
51087,Henrico County,VA,37.43752,-77.300333,333120.0,0.0841811060857756,0.18881437,0.16879462,0.20088685,county_prior_months,0.7608236,flood_events,0.4174948,property_damage,0.33867294,Medium
51091,Highland County,VA,38.366243,-79.564472,2247.0,0.1025412394115024,0.11118465,0.11891638,0.123767875,county_prior_months,0.6316503,property_damage,0.5093017,month,0.4689397,High
51093,Isle of Wight County,VA,36.901418,-76.707569,38898.0,0.09762348555452,0.2318696,0.21529742,0.22998792,county_prior_months,0.45542064,flood_events,0.44966194,property_damage,0.39345947,Medium
33009,Grafton County,NH,43.926439,-71.842424,90836.0,0.0985688012826558,0.71133626,0.64136815,0.6658127,county_prior_months,1.2217934,property_damage,1.1475759,flood_events,1.0234573,High
33011,Hillsborough County,NH,42.911532,-71.723055,422733.0,0.0685905267241607,0.14552465,0.107681096,0.12478785,county_prior_months,1.144972,flood_events,0.43439534,property_damage,0.3583248,High
33015,Rockingham County,NH,42.988664,-71.09908,315169.0,0.0484493582834682,0.092231445,0.08861151,0.09590566,county_prior_months,1.1816304,flood_events,0.5255323,property_damage,0.35608223,High
32510,Carson City,NV,39.15306,-119.747368,58249.0,0.1117727485338034,0.04988928,0.031099653,0.036142163,county_prior_months,1.3852518,month,0.40234664,flood_events,0.31603754,High
33001,Belknap County,NH,43.519109,-71.425366,63914.0,0.0856997971602434,0.21260358,0.20980348,0.22423646,county_prior_months,0.849298,flood_events,0.5031416,property_damage,0.3907343,Medium
46097,Miner County,SD,44.021541,-97.608122,2312.0,0.1050756901157613,0.01473417,0.0143147595,0.015080363,county_prior_months,0.963568,month,0.7198705,property_damage,0.47471803,High
46099,Minnehaha County,SD,43.667472,-96.795726,197742.0,0.0870393142702966,0.026355663,0.022281826,0.028524792,county_prior_months,1.2664355,month,0.35890105,property_damage,0.35045126,High
46101,Moody County,SD,44.012429,-96.676054,6346.0,0.0958860252921402,0.028106496,0.021505592,0.024335654,county_prior_months,0.9938692,month,0.49109507,property_damage,0.43043447,High
46102,Oglala Lakota County,SD,43.333393,-102.561486,13695.0,0.5577648015374381,0.079069115,0.060463816,0.070396475,county_prior_months,1.6889204,winter_events,0.62316144,property_damage,0.47788855,High
16015,Boise County,ID,43.987275,-115.71511,7809.0,0.093998461143883,0.062464688,0.06706496,0.07279826,month,0.5975798,county_disaster_rate,0.34239718,property_damage,0.3398289,High
16017,Bonner County,ID,48.324634,-116.62745,47976.0,0.1185314832778035,0.17042,0.15189444,0.1718252,property_damage,0.5848674,county_prior_months,0.47481552,flood_events,0.4327214,Medium
16025,Camas County,ID,43.502552,-114.772135,1133.0,0.0670785525154457,0.11084688,0.100238,0.107245535,month,0.4589496,county_prior_months,0.45085487,property_damage,0.35642645,High
16029,Caribou County,ID,42.786072,-111.544273,7058.0,0.0671641791044776,0.41683617,0.37730926,0.40005952,county_prior_months,0.42581198,property_damage,0.39000377,county_disaster_rate,0.3272724,High
15003,Honolulu County,HI,21.461365,-158.201974,1010100.0,0.0884624576899585,0.13502163,0.118938334,0.15014835,county_prior_months,1.4720404,flood_events,0.6281229,total_population,0.34384537,High
15007,Kauai County,HI,22.012038,-159.705965,73511.0,0.0829989556422799,0.17017752,0.13982028,0.1664473,county_prior_months,1.4710039,flood_events,0.69690233,property_damage,0.38394496,Medium
46103,Pennington County,SD,44.002349,-102.823801,110386.0,0.1226646748517809,0.09523183,0.07307461,0.09148194,county_prior_months,1.3026563,winter_events,0.6626725,property_damage,0.36315137,High
20153,Rawlins County,KS,39.786198,-101.076738,2544.0,0.1092068553208449,0.07494209,0.063029855,0.082449734,county_prior_months,1.2807193,property_damage,0.47665918,winter_events,0.43073502,High
34019,Hunterdon County,NJ,40.565283,-74.911969,129099.0,0.0369453272244083,0.15213338,0.08431996,0.12580444,county_prior_months,1.5744798,flood_events,0.73778224,property_damage,0.34769493,Medium
34001,Atlantic County,NJ,39.469355,-74.633759,274339.0,0.1302881017013528,0.07675987,0.0706987,0.081890576,county_prior_months,1.3883486,flood_events,0.4972474,property_damage,0.34483024,High
34003,Bergen County,NJ,40.959698,-74.074727,953243.0,0.0676980027365585,0.12396438,0.0937252,0.11987755,county_prior_months,1.5478054,flood_events,0.70436096,total_population,0.42044097,High
34005,Burlington County,NJ,39.875786,-74.663006,461853.0,0.0658353252887135,0.10823441,0.072237715,0.0945488,county_prior_months,1.5477686,flood_events,0.6017449,property_damage,0.34789783,High
34007,Camden County,NJ,39.802407,-74.961249,522581.0,0.1240810158951559,0.0980885,0.058687173,0.08432131,county_prior_months,1.5408555,flood_events,0.61013097,total_population,0.33144304,High
38021,Dickey County,ND,46.107756,-98.496518,5003.0,0.0918345705196182,0.8753604,0.84108907,0.8949762,property_damage,2.4580216,county_prior_months,0.8213844,flood_events,0.31811443,Low
38027,Eddy County,ND,47.723436,-98.900474,2345.0,0.1232631107126848,0.11854342,0.10271324,0.11208005,county_prior_months,1.3257602,property_damage,0.5593385,month,0.3712612,High
38029,Emmons County,ND,46.284255,-100.237842,3297.0,0.0671410891089109,0.19561963,0.19194503,0.24196404,county_prior_months,1.0342528,winter_events,0.32887223,month,0.29824138,Low
38031,Foster County,ND,47.471431,-98.872876,3388.0,0.0834602497715504,0.8188715,0.8271508,0.844966,property_damage,1.9356292,county_prior_months,0.78794706,wind_events,0.36333045,High
38035,Grand Forks County,ND,47.926003,-97.450851,72927.0,0.1416833287117442,0.040509157,0.026151344,0.0385763,county_prior_months,1.5951755,county_prior_disasters,0.55562425,property_damage,0.454111,High
34035,Somerset County,NJ,40.565527,-74.619938,344978.0,0.0529206205313409,0.15022644,0.09674744,0.14331016,county_prior_months,1.4493229,flood_events,0.6011589,property_damage,0.34006572,Medium
34021,Mercer County,NJ,40.282503,-74.703724,383732.0,0.1122398515818608,0.10442583,0.08429772,0.1050294,county_prior_months,1.4458704,flood_events,0.44944838,property_damage,0.35034475,High
04013,Maricopa County,AZ,33.345176,-112.49893,4430871.0,0.1152837606180151,0.034522846,0.023115888,0.029046308,county_prior_months,1.2591739,total_population,0.35272658,property_damage,0.2803059,High
34023,Middlesex County,NJ,40.439621,-74.40743,860147.0,0.0835463208948597,0.14476293,0.08474639,0.11166519,county_prior_months,1.5188489,flood_events,0.6251647,total_population,0.34796816,High
34025,Monmouth County,NJ,40.287048,-74.152446,643064.0,0.0637627482302087,0.10576394,0.089452505,0.12392221,county_prior_months,1.4914049,flood_events,0.5585245,property_damage,0.34789872,High
34027,Morris County,NJ,40.858896,-74.547292,508816.0,0.0495084094425313,0.26127607,0.20145199,0.23463039,county_prior_months,1.3215612,flood_events,0.67754817,total_population,0.5813362,Medium
34013,Essex County,NJ,40.7874,-74.246292,853374.0,0.1503386064134131,0.17264806,0.118859224,0.16970466,county_prior_months,0.9441495,flood_events,0.7099655,total_population,0.35766235,Low
34015,Gloucester County,NJ,39.722875,-75.145679,302621.0,0.0747247945412682,0.11224652,0.08268302,0.12756646,county_prior_months,1.4700936,flood_events,0.42596143,property_damage,0.34865108,High
34017,Hudson County,NJ,40.731375,-74.078601,712029.0,0.1415781441779959,0.1677745,0.13371941,0.1680444,county_prior_months,1.0018426,flood_events,0.71740055,total_population,0.3312744,Medium
04027,Yuma County,AZ,32.773942,-113.910905,204374.0,0.1753336773827955,0.085107476,0.079629935,0.09795159,property_damage,0.51070356,county_disaster_rate,0.4376824,flood_events,0.42584372,High
46105,Perkins County,SD,45.483387,-102.467995,2970.0,0.1194387405886379,0.051997382,0.05457401,0.0660659,county_prior_months,1.435801,month,0.47904655,property_damage,0.47702628,High
46107,Potter County,SD,45.052713,-99.962003,2587.0,0.0697115384615384,0.0892287,0.07922953,0.08708973,county_prior_months,1.3017648,property_damage,0.5200505,month,0.37561193,High
46109,Roberts County,SD,45.623397,-96.947551,10242.0,0.208374975014991,0.10189615,0.07997519,0.104902714,county_prior_months,1.4579642,property_damage,0.4531343,winter_events,0.3519806,High
46111,Sanborn County,SD,44.018942,-98.091709,2373.0,0.0871261378413524,0.023051167,0.01617565,0.019994853,county_prior_months,1.1762186,month,0.61439645,property_damage,0.49047974,High
16071,Oneida County,ID,42.183895,-112.520449,4572.0,0.1349083682932214,0.16906264,0.17124161,0.20429796,property_damage,0.46560228,homeownership_rate,0.46461782,county_disaster_rate,0.37310398,Medium
56007,Carbon County,WY,41.70359,-106.933153,14609.0,0.1390038532895675,0.032227933,0.041570894,0.05311623,county_prior_months,1.4092762,county_disaster_rate,0.50344104,flood_events,0.39815068,High
16031,Cassia County,ID,42.282313,-113.626328,24859.0,0.1036244024026478,0.12131859,0.12415021,0.13632023,county_prior_months,0.5580036,property_damage,0.42347044,county_disaster_rate,0.3747744,High
16039,Elmore County,ID,43.394698,-115.471205,28752.0,0.1201668068917584,0.052958824,0.05163089,0.05604032,county_prior_months,0.5114966,month,0.5056473,property_damage,0.35104585,High
16043,Fremont County,ID,44.218091,-111.484429,13519.0,0.1143209305908635,0.03413564,0.034967374,0.04079775,county_prior_months,1.0024093,county_disaster_rate,0.49458256,property_damage,0.46706077,High
54077,Preston County,WV,39.46903,-79.668865,34206.0,0.1379140701869465,0.13347165,0.13015917,0.13477753,county_prior_months,1.0308003,property_damage,0.41195446,month,0.29662195,High
34039,Union County,NJ,40.659871,-74.308696,572079.0,0.08861916387209,0.13730456,0.11292568,0.12412474,county_prior_months,1.1892056,flood_events,0.57691646,property_damage,0.33797702,High
51107,Loudoun County,VA,39.0812,-77.638898,420773.0,0.0375478432581946,0.09776066,0.10031161,0.1300828,county_prior_months,1.3356388,flood_events,0.5040848,property_damage,0.3664733,High
35009,Curry County,NM,34.572984,-103.346055,48327.0,0.1933752068921614,0.07454158,0.053827755,0.080112316,county_prior_months,0.50683814,flood_events,0.39034048,county_disaster_rate,0.3529095,High
38003,Barnes County,ND,46.94255,-98.070195,10826.0,0.1297218155197657,0.078130215,0.044617347,0.06949284,county_prior_months,1.6006616,winter_events,0.5709914,property_damage,0.49033335,High
38015,Burleigh County,ND,46.978829,-100.469533,98443.0,0.0794133164503534,0.12731338,0.11458647,0.1612354,county_prior_months,1.1424073,month,0.298606,winter_events,0.28435358,High
38017,Cass County,ND,46.927003,-97.252375,186328.0,0.1083319969253399,0.24570689,0.20737636,0.24216814,county_prior_months,1.2705425,winter_events,0.64448345,flood_events,0.4963711,Medium
34029,Ocean County,NJ,39.865669,-74.258864,638691.0,0.1048704669773095,0.079482146,0.06381893,0.08078652,county_prior_months,1.5581974,flood_events,0.61520916,total_population,0.36843735,High
34031,Passaic County,NJ,41.036655,-74.299408,519986.0,0.1346280678886837,0.21380848,0.1196347,0.13548297,county_prior_months,1.3539021,flood_events,0.88394326,total_population,0.318585,Medium
16065,Madison County,ID,43.788614,-111.656993,52487.0,0.3010824564429877,0.31602043,0.23156957,0.29715374,county_prior_months,0.43530965,property_damage,0.38778466,county_disaster_rate,0.33550337,Low
51775,Salem city,VA,37.285333,-80.055241,25372.0,0.0961513085550912,0.04891099,0.04535398,0.05470923,county_prior_months,0.7194566,property_damage,0.46826026,flood_events,0.3674087,High
46117,Stanley County,SD,44.413984,-100.747822,2979.0,0.0322255790533736,0.051178955,0.03743411,0.05235102,county_prior_months,1.2467765,month,0.5431273,property_damage,0.4855997,High
46119,Sully County,SD,44.722325,-100.131399,1318.0,0.0848623853211009,0.078204274,0.07323544,0.07652928,county_prior_months,1.2525793,property_damage,0.53372633,month,0.37552503,High
46121,Todd County,SD,43.208794,-100.707664,9353.0,0.5219947735191638,0.10776371,0.05749425,0.088499025,county_prior_months,1.5287896,property_damage,0.48455238,winter_events,0.3611433,High
46123,Tripp County,SD,43.349729,-99.876219,5607.0,0.2191116088092571,0.10262997,0.0800391,0.103999354,county_prior_months,1.5508094,property_damage,0.4579648,winter_events,0.35502717,High
46125,Turner County,SD,43.30867,-97.150185,8687.0,0.0922858495030762,0.03060362,0.020487603,0.026113516,county_prior_months,1.0356597,month,0.5315256,property_damage,0.43240458,High
16073,Owyhee County,ID,42.572851,-116.18969,12043.0,0.1309933663615752,0.057437662,0.047676552,0.050511714,county_disaster_rate,0.47500616,month,0.41016603,property_damage,0.35602888,High
16077,Power County,ID,42.694126,-112.844407,7918.0,0.1114791693209326,0.24604006,0.22521219,0.23235954,winter_events,0.65382653,county_prior_months,0.6481979,county_disaster_rate,0.44554338,Medium
16081,Teton County,ID,43.760994,-111.211765,11813.0,0.0997544245914133,0.38708752,0.34853765,0.36323267,property_damage,0.40770337,median_home_value,0.3938098,county_prior_months,0.3931935,Medium
46127,Union County,SD,42.831106,-96.650829,16700.0,0.0824992417349105,0.02647056,0.022794332,0.024214063,county_prior_months,1.256813,month,0.44908872,property_damage,0.4385847,High
51770,Roanoke city,VA,37.278458,-79.958174,99213.0,0.1911360466070402,0.047407266,0.045914553,0.050247025,county_prior_months,0.9273525,property_damage,0.45935482,flood_events,0.34524336,High
46129,Walworth County,SD,45.427605,-100.027856,5317.0,0.1323840677313835,0.15868624,0.15107386,0.17183143,county_prior_months,1.2902999,winter_events,0.486673,property_damage,0.45847216,Medium
20123,Mitchell County,KS,39.393026,-98.207362,5829.0,0.1501670476525408,0.14221036,0.13454115,0.14070517,county_prior_months,1.082268,property_damage,0.42715308,winter_events,0.29534873,High
46135,Yankton County,SD,43.006603,-97.388361,23311.0,0.0798412405390437,0.07114206,0.058721792,0.06327309,county_prior_months,1.1384513,property_damage,0.41927367,month,0.38070714,High
37191,Wayne County,NC,35.35419,-78.00867,117480.0,0.1793770046018686,0.26330894,0.2601202,0.2808279,county_prior_months,0.7954057,flood_events,0.66782427,property_damage,0.32992515,Medium
02220,Sitka City and Borough,AK,57.193204,-135.367396,8462.0,0.0689780140130466,0.10306852,0.09083297,0.097296506,month,0.41251177,county_disaster_rate,0.3539236,property_damage,0.34762758,High
02230,Skagway Municipality,AK,59.560379,-135.338279,1303.0,0.0621642363775901,0.40013885,0.3781411,0.4783868,winter_events,0.5909515,median_home_value,0.5197066,property_damage,0.4215506,Low
02275,Wrangell City and Borough,AK,56.180779,-132.026788,2134.0,0.1009478672985782,0.042741098,0.045803085,0.053299304,month,0.46874303,county_disaster_rate,0.41899344,county_prior_months,0.3546598,High
02282,Yakutat City and Borough,AK,60.017508,-140.416847,564.0,0.0998217468805704,0.03868466,0.038204923,0.049814858,county_disaster_rate,0.4842273,month,0.44742426,county_prior_months,0.42987636,High
35019,Guadalupe County,NM,34.869782,-104.784968,4413.0,0.2066030435904049,0.09789117,0.09995541,0.11010539,month,0.60648197,wind_events,0.36229622,flood_events,0.338194,High
46137,Ziebach County,SD,44.989764,-101.660827,2455.0,0.4134419551934827,0.1022032,0.06932611,0.0854871,county_prior_months,1.5101258,property_damage,0.5312173,winter_events,0.38329196,High
56003,Big Horn County,WY,44.525117,-107.994848,11690.0,0.1113447218572054,0.052990086,0.043241702,0.047880225,county_prior_months,0.808377,property_damage,0.39855316,flood_events,0.39025378,High
20089,Jewell County,KS,39.777005,-98.222619,2929.0,0.1874352778736624,0.138381,0.15792699,0.1597513,county_prior_months,1.1141561,property_damage,0.49497983,winter_events,0.3230119,High
47021,Cheatham County,TN,36.255169,-87.100808,41184.0,0.0934221195665528,0.48604056,0.4836077,0.5056334,property_damage,1.9566029,county_prior_months,0.8439496,flood_events,0.38715267,High
47027,Clay County,TN,36.545749,-85.545717,7592.0,0.2226672006407689,0.21133864,0.19965935,0.22664154,county_prior_months,0.66870964,flood_events,0.3370732,month,0.27223974,Medium
47037,Davidson County,TN,36.169129,-86.78479,709786.0,0.1433547236351699,0.8544596,0.90654224,0.92679626,property_damage,2.5134835,deaths,1.4944184,county_prior_months,1.2278548,High
20039,Decatur County,KS,39.783542,-100.459708,2771.0,0.1224869694713328,0.13126238,0.14011933,0.14749107,county_prior_months,1.2871556,property_damage,0.49561775,winter_events,0.31511447,High
47043,Dickson County,TN,36.145533,-87.364155,54563.0,0.1085701557366398,0.53835917,0.45500362,0.56245494,property_damage,2.257103,county_prior_months,1.142304,flood_events,0.31471276,Low
47053,Gibson County,TN,35.991632,-88.933812,50455.0,0.139158641662443,0.17639615,0.15566348,0.23971012,property_damage,1.3688805,county_prior_months,0.7814799,max_magnitude,0.48754206,Low
51740,Portsmouth city,VA,36.859339,-76.356973,97384.0,0.1735733948366937,0.29275152,0.288831,0.32368454,county_prior_months,0.38229436,flood_events,0.33983672,property_damage,0.32426986,Medium
20023,Cheyenne County,KS,39.789901,-101.727317,2619.0,0.1524105754276827,0.11192461,0.08924302,0.109907195,county_prior_months,1.4526048,property_damage,0.51188534,winter_events,0.38135862,High
47065,Hamilton County,TN,35.163472,-85.201843,367193.0,0.1227686132020278,0.023628082,0.018886942,0.025346156,county_prior_months,1.4162157,month,0.35263026,property_damage,0.31681952,High
02180,Nome Census Area,AK,64.783686,-164.188912,10018.0,0.2114149575305572,0.10970957,0.072250165,0.08846255,wind_events,0.6116397,county_disaster_rate,0.5879863,winter_events,0.42095143,High
02188,Northwest Arctic Borough,AK,67.005066,-160.021086,7682.0,0.1847711730668069,0.3921801,0.3518413,0.40445077,county_disaster_rate,0.4910477,property_damage,0.39823994,wind_events,0.3520601,Low
02198,Prince of Wales-Hyder Census Area,AK,55.682773,-133.162389,5799.0,0.1530825496342737,0.069763586,0.048113666,0.070432566,county_disaster_rate,0.6217286,month,0.44025838,wind_events,0.435111,High
35027,Lincoln County,NM,33.740841,-105.449805,20222.0,0.157212236519301,0.08514923,0.0826924,0.09305606,county_prior_months,0.47436988,month,0.39564088,flood_events,0.36752948,High
47085,Humphreys County,TN,36.040822,-87.790453,19032.0,0.1204682779456193,0.050263315,0.04599595,0.050393913,county_prior_months,0.82401586,month,0.43622768,flood_events,0.3807864,High
51710,Norfolk city,VA,36.923015,-76.244641,236973.0,0.1686223744101557,0.33813223,0.31815812,0.3607208,county_prior_months,0.7464903,flood_events,0.70841426,property_damage,0.30220538,Medium
19193,Woodbury County,IA,42.39322,-96.053296,105526.0,0.1350580586134065,0.02158731,0.018350722,0.019268861,county_prior_months,1.1569958,month,0.47147566,property_damage,0.40058917,High
47093,Knox County,TN,35.992726,-83.937721,481406.0,0.1239021938018016,0.074696496,0.07353036,0.08861782,county_prior_months,1.3006618,flood_events,0.5438481,property_damage,0.31113923,High
47099,Lawrence County,TN,35.220476,-87.396546,44377.0,0.160704067385383,0.024171064,0.026819713,0.031909253,county_prior_months,1.3536087,property_damage,0.58175576,flood_events,0.35494605,High
56001,Albany County,WY,41.665514,-105.721883,37525.0,0.2304503216583273,0.021610241,0.023166554,0.02727866,county_prior_months,1.4022279,wind_events,0.55602574,county_disaster_rate,0.41635436,High
19149,Plymouth County,IA,42.737585,-96.215864,25621.0,0.0567142913681877,0.0793063,0.057490338,0.0637405,county_prior_months,1.0796009,property_damage,0.4295547,winter_events,0.38734087,High
19167,Sioux County,IA,43.082646,-96.17801,35815.0,0.0607803976510567,0.067459136,0.055281747,0.078329414,county_prior_months,1.1285877,property_damage,0.43937492,month,0.4246924,High
19119,Lyon County,IA,43.38358,-96.207201,12023.0,0.038773441459706,0.018113514,0.012525257,0.015488412,county_prior_months,1.0734483,month,0.8717444,property_damage,0.43329832,High
47125,Montgomery County,TN,36.500354,-87.380887,222305.0,0.1192303097690745,0.88064,0.93235195,0.9539912,property_damage,2.7782893,deaths,1.2956587,county_prior_months,1.1045134,High
47127,Moore County,TN,35.288888,-86.358684,6558.0,0.0992555831265508,0.07164378,0.07108193,0.08351198,month,0.6867367,county_prior_months,0.4543936,property_damage,0.4411374,High
02100,Haines Borough,AK,59.098404,-135.575791,2079.0,0.0584258812168034,0.19639349,0.22192344,0.23289321,property_damage,0.48125565,median_home_value,0.46502808,county_disaster_rate,0.430059,Medium
02110,Juneau City and Borough,AK,58.37291,-134.178445,32108.0,0.0690421042611923,0.10539806,0.06884182,0.085105814,month,0.48463055,county_disaster_rate,0.4070676,wind_events,0.38654706,High
02130,Ketchikan Gateway Borough,AK,55.449938,-131.106685,13910.0,0.0967601019293775,0.06213115,0.062337413,0.06694415,county_disaster_rate,0.4775668,month,0.42781517,wind_events,0.35313952,High
37189,Watauga County,NC,36.235368,-81.709888,54540.0,0.2492434775496851,0.13098809,0.14955199,0.16995531,county_prior_months,1.2287394,flood_events,0.532787,property_damage,0.35218176,High
54071,Pendleton County,WV,38.67445,-79.340617,6156.0,0.1635251322751322,0.13138363,0.12591083,0.17214656,county_prior_months,1.0219805,property_damage,0.44330043,winter_events,0.42803064,High
36021,Columbia County,NY,42.247696,-73.626718,61469.0,0.1027193860527193,0.23569323,0.20122075,0.27365616,county_prior_months,1.4602975,flood_events,1.0535455,storm_count,0.3396031,Low
36023,Cortland County,NY,42.594039,-76.07624,46755.0,0.1291585580576406,0.18821536,0.18711625,0.20970753,county_prior_months,0.83913565,flood_events,0.4409272,property_damage,0.269039,Medium
37163,Sampson County,NC,34.989298,-78.371261,59317.0,0.2226823610275796,0.19640124,0.1769804,0.18206811,county_prior_months,0.9961058,flood_events,0.4614459,property_damage,0.38774362,Medium
36003,Allegany County,NY,42.247853,-78.026153,47222.0,0.1705236367064146,0.030895213,0.026575701,0.03154783,county_prior_months,1.1706681,property_damage,0.5877854,month,0.36691225,High
36005,Bronx County,NY,40.848711,-73.852939,1443229.0,0.2691498993322348,0.0695369,0.06528091,0.0756409,county_prior_months,0.7921179,flood_events,0.30544215,property_damage,0.28210697,High
36007,Broome County,NY,42.161977,-75.830283,198365.0,0.1908122150355211,0.19474882,0.14676702,0.20621519,county_prior_months,1.4867607,flood_events,0.8950638,total_population,0.30432633,Low
36013,Chautauqua County,NY,42.304216,-79.407595,127440.0,0.1754315863294979,0.10694365,0.08661787,0.101041526,county_prior_months,1.4442949,property_damage,0.35603982,winter_events,0.33784315,High
35047,San Miguel County,NM,35.476859,-104.803519,27215.0,0.2354032226902121,0.062510476,0.067212336,0.07049316,month,0.50957114,county_prior_months,0.46945158,property_damage,0.36522838,High
36001,Albany County,NY,42.58824,-73.97401,315041.0,0.125464553794829,0.20928349,0.12713325,0.14690536,county_prior_months,1.5955583,flood_events,0.9738469,storm_count,0.4143592,Medium
37183,Wake County,NC,35.789846,-78.650624,1132103.0,0.0818980816665555,0.07488328,0.04565076,0.064952366,county_prior_months,1.3488963,flood_events,0.59771764,total_population,0.4967884,High
37185,Warren County,NC,36.398105,-78.099899,18803.0,0.2123318136328255,0.057152256,0.055250373,0.05869935,county_prior_months,0.74450755,property_damage,0.45856506,flood_events,0.38294652,High
01081,Lee County,AL,32.604064,-85.353048,175126.0,0.184989826544068,0.099896766,0.08369939,0.10601875,county_prior_months,1.0508693,flood_events,0.3160014,property_damage,0.30225372,High
36049,Lewis County,NY,43.782706,-75.444132,26690.0,0.1308789587195883,0.17516667,0.14375202,0.16438456,county_prior_months,1.4612288,flood_events,0.8130875,property_damage,0.39330468,Medium
36053,Madison County,NY,42.910026,-75.663575,68020.0,0.0952616859768278,0.17119962,0.18172218,0.18777588,county_prior_months,0.8758809,property_damage,0.5869332,flood_events,0.48092076,Medium
36057,Montgomery County,NY,42.900891,-74.435357,49624.0,0.151108291205305,0.101930216,0.10488519,0.15007538,county_prior_months,1.3967515,property_damage,0.6592088,flood_events,0.48370883,High
36039,Greene County,NY,42.28697,-74.149542,48067.0,0.1041316836058329,0.45376968,0.38963687,0.51649046,county_prior_months,1.3729694,flood_events,0.84755504,deaths,0.83365107,Low
36041,Hamilton County,NY,43.657879,-74.502456,5090.0,0.1072136345620293,0.26626456,0.22186783,0.2675171,county_prior_months,1.1124692,flood_events,0.8449003,month,0.38003695,Medium
36043,Herkimer County,NY,43.571009,-74.841097,60293.0,0.1205002278365652,0.15409893,0.093255885,0.14928539,county_prior_months,1.5696667,flood_events,0.84583026,property_damage,0.4063937,Low
36047,Kings County,NY,40.635045,-73.95064,2679620.0,0.1897371954222572,0.038814884,0.03111903,0.037159942,county_prior_months,0.9261867,total_population,0.33593577,property_damage,0.30790392,High
36025,Delaware County,NY,42.193986,-74.966728,44637.0,0.1479992476606949,0.11581945,0.10496518,0.14437328,county_prior_months,1.2164346,property_damage,0.64325464,flood_events,0.49800634,High
36027,Dutchess County,NY,41.754825,-73.740014,296467.0,0.0857419615802209,0.098305516,0.090728,0.11902395,county_prior_months,1.2480726,flood_events,0.54811716,property_damage,0.38109532,High
36031,Essex County,NY,44.109601,-73.778431,37314.0,0.1042613636363636,0.86639047,0.8638419,0.8820422,property_damage,2.6250036,county_prior_months,0.9925742,flood_events,0.33390838,High
36017,Chenango County,NY,42.478024,-75.602241,47096.0,0.1242487136247675,0.12965778,0.09445448,0.14504157,county_prior_months,1.2435191,property_damage,0.6131789,flood_events,0.52251273,Low
51113,Madison County,VA,38.412059,-78.276961,13828.0,0.0795621510431971,0.077579394,0.063789725,0.06946299,county_prior_months,1.284674,property_damage,0.4775382,month,0.31667474,High
36019,Clinton County,NY,44.752712,-73.705643,79839.0,0.1303756494301335,0.088413246,0.08086504,0.09663439,county_prior_months,1.5367712,property_damage,0.3837083,winter_events,0.31239122,High
36091,Saratoga County,NY,43.106135,-73.855387,236328.0,0.0655053162925572,0.08272489,0.06728894,0.09664744,county_prior_months,1.4006591,property_damage,0.55606836,flood_events,0.41638398,High
36071,Orange County,NY,41.40241,-74.306252,401237.0,0.1301406698832891,0.065810554,0.08042755,0.094615646,county_prior_months,1.2864256,flood_events,0.46965274,property_damage,0.3764998,High
01071,Jackson County,AL,34.764114,-85.980056,52618.0,0.1861252115059221,0.025847066,0.025804454,0.028976148,county_prior_months,1.3023124,property_damage,0.56716204,flood_events,0.36787182,High
01073,Jefferson County,AL,33.553444,-86.896536,672265.0,0.1587365127286839,0.18238367,0.1860774,0.26328403,property_damage,2.0690458,county_prior_months,1.3162429,total_population,0.5354525,Low
36077,Otsego County,NY,42.629776,-75.028841,59678.0,0.1297679185884764,0.14592807,0.116863064,0.20243233,county_prior_months,1.4450003,flood_events,0.7967668,month,0.30130213,Low
36079,Putnam County,NY,41.427907,-73.743861,97942.0,0.0633822480067012,0.15616311,0.1648483,0.16964185,county_prior_months,0.58846414,flood_events,0.53948957,property_damage,0.37480345,Medium
37129,New Hanover County,NC,34.183445,-77.864204,228134.0,0.1270140856490344,0.12227804,0.10877727,0.14491369,county_prior_months,0.819839,flood_events,0.73815995,property_damage,0.35317284,High
37133,Onslow County,NC,34.763109,-77.499469,203686.0,0.1275013262019217,0.0543591,0.046856444,0.048915606,county_prior_months,0.74910593,flood_events,0.36219168,property_damage,0.30638832,High
36059,Nassau County,NY,40.729612,-73.589414,1389160.0,0.0538479788301852,0.03066981,0.027581774,0.03743312,county_prior_months,1.3696557,total_population,0.515025,flood_events,0.4590221,High
36061,New York County,NY,40.776642,-73.970187,1645867.0,0.1579494828199455,0.06507597,0.0522878,0.06710411,county_prior_months,0.78630596,flood_events,0.33207297,property_damage,0.30140498,High
36065,Oneida County,NY,43.242727,-75.434282,231055.0,0.1443362499037124,0.21444035,0.21971926,0.24100196,county_prior_months,1.3738081,flood_events,0.8073924,total_population,0.4503711,Medium
36067,Onondaga County,NY,43.006516,-76.196134,472637.0,0.1390524781662517,0.15657666,0.116805814,0.12595668,county_prior_months,1.3216649,flood_events,0.71589625,property_damage,0.5320313,Medium
01103,Morgan County,AL,34.454484,-86.846402,123102.0,0.1372308812939219,0.04788989,0.037004948,0.044395655,county_prior_months,1.1747595,property_damage,0.48988417,flood_events,0.3414314,High
51131,Northampton County,VA,37.302775,-75.924018,12132.0,0.1674124102997045,0.29004753,0.2847946,0.33612016,flood_events,0.761889,county_prior_months,0.4425595,month,0.41769,Low
51133,Northumberland County,VA,37.856974,-76.379687,12007.0,0.1481512534585394,0.12620123,0.11420423,0.12350995,county_prior_months,0.74138945,flood_events,0.61925125,month,0.49215913,High
37005,Alleghany County,NC,36.489356,-81.132299,10989.0,0.1954963235294117,0.051783726,0.05304867,0.057293642,county_prior_months,0.7617542,property_damage,0.5823705,flood_events,0.39032906,High
36113,Warren County,NY,43.555105,-73.838139,65684.0,0.0863425676404009,0.8164747,0.7895238,0.80765015,property_damage,1.4371812,county_prior_months,1.2237356,flood_events,1.0933598,High
36115,Washington County,NY,43.312377,-73.439428,61310.0,0.1137878450388088,0.34179825,0.2514699,0.33031052,county_prior_months,1.4153024,flood_events,0.99589735,storm_count,0.23358773,Low
36119,Westchester County,NY,41.152686,-73.745753,997904.0,0.0853695231662009,0.063868344,0.052067257,0.09095992,county_prior_months,1.5052401,flood_events,0.85434324,total_population,0.51365316,High
37095,Hyde County,NC,35.408157,-76.153687,4636.0,0.2991093518060366,0.24918075,0.27412915,0.285081,month,0.64768,flood_events,0.63668776,county_prior_months,0.3757484,Medium
36105,Sullivan County,NY,41.719993,-74.771577,78725.0,0.1484173319035704,0.17975935,0.14389679,0.17156094,county_prior_months,1.0580385,flood_events,0.48455864,property_damage,0.30123422,Medium
36109,Tompkins County,NY,42.453006,-76.473483,102555.0,0.1603587565210532,0.18116984,0.18217176,0.21356525,county_prior_months,0.77992666,property_damage,0.5656954,flood_events,0.46139336,Medium
36111,Ulster County,NY,41.947212,-74.265458,182153.0,0.1471050480920349,0.31305784,0.22984013,0.2928501,county_prior_months,1.1541826,flood_events,1.0796704,property_damage,0.42746872,Low
36095,Schoharie County,NY,42.591294,-74.438172,29970.0,0.1014072703146279,0.24656741,0.162334,0.24305788,county_prior_months,1.4952345,flood_events,0.9199041,month,0.27833325,Low
36103,Suffolk County,NY,40.943554,-72.692218,1524486.0,0.0649309832632912,0.08537611,0.08449358,0.12779176,county_prior_months,1.4606721,flood_events,0.7065483,total_population,0.6109933,High
36081,Queens County,NY,40.654658,-73.841209,2360826.0,0.1169337735462647,0.059012175,0.03958007,0.06040451,county_prior_months,1.317471,total_population,0.5492026,flood_events,0.4993343,High
36083,Rensselaer County,NY,42.710421,-73.513845,160943.0,0.1146523498930109,0.18995921,0.16925195,0.20871364,county_prior_months,1.4682548,flood_events,0.73605347,total_population,0.33010706,Medium
36085,Richmond County,NY,40.561263,-74.1399,492925.0,0.1036304266279115,0.044097237,0.039524786,0.046958067,county_prior_months,0.7804375,flood_events,0.34041744,property_damage,0.32930964,High
36087,Rockland County,NY,41.154628,-74.024662,337326.0,0.150709986665225,0.20061095,0.14513668,0.19060832,county_prior_months,0.9541002,flood_events,0.74799526,property_damage,0.3428075,Medium
47147,Robertson County,TN,36.524385,-86.872594,73297.0,0.103119823302043,0.7774301,0.7117526,0.7808113,property_damage,2.8789103,county_prior_months,0.9124469,flood_events,0.27916047,Low
47155,Sevier County,TN,35.787822,-83.5249,98455.0,0.1329351341855346,0.032072652,0.030770328,0.0400485,county_prior_months,1.3210689,property_damage,0.35765928,flood_events,0.3407495,High
19035,Cherokee County,IA,42.742737,-95.633262,11601.0,0.1334396597554492,0.099503025,0.07567863,0.10519395,county_prior_months,1.249103,property_damage,0.49390534,month,0.39699495,High
47161,Stewart County,TN,36.458464,-87.811889,13724.0,0.1147030473789575,0.4462646,0.40724424,0.4793909,property_damage,1.5750481,county_prior_months,0.81382006,flood_events,0.42794648,Low
47165,Sumner County,TN,36.472423,-86.458405,196845.0,0.0940368856667556,0.6245105,0.6382855,0.6531568,property_damage,2.8977532,county_prior_months,1.3253719,flood_events,0.31536108,High
47169,Trousdale County,TN,36.39303,-86.156691,11596.0,0.1145239139973672,0.4264574,0.44963878,0.47749475,property_damage,0.88147503,wind_events,0.36950746,flood_events,0.3637015,High
47181,Wayne County,TN,35.242847,-87.819843,16325.0,0.1964137358072556,0.04209017,0.04463708,0.04647084,county_prior_months,0.7729547,property_damage,0.5890773,month,0.3989433,High
47183,Weakley County,TN,36.303596,-88.721194,32946.0,0.1890842658141128,0.16200323,0.15159377,0.19463901,property_damage,1.037058,month,0.67584527,county_prior_months,0.646659,Medium
48109,Culberson County,TX,31.445908,-104.526945,2181.0,0.2216066481994459,0.05509441,0.041169956,0.05994922,county_disaster_rate,0.593158,county_prior_months,0.50815254,flood_events,0.38337564,High
51630,Fredericksburg city,VA,38.299272,-77.486658,28258.0,0.1803323029366306,0.26258513,0.25443316,0.28013918,flood_events,0.4739068,county_prior_months,0.45725366,property_damage,0.39279094,Medium
51650,Hampton city,VA,37.047961,-76.297293,137217.0,0.1345983116902659,0.21302739,0.20450324,0.21859457,county_prior_months,0.51128983,flood_events,0.38617253,property_damage,0.33422032,Medium
37055,Dare County,NC,35.606269,-75.767536,37160.0,0.0648353431027956,0.07485394,0.07369309,0.09244992,month,1.0533854,flood_events,0.574991,county_prior_months,0.39050964,High
51163,Rockbridge County,VA,37.814517,-79.447754,22673.0,0.0889277546078299,0.07423096,0.057898205,0.07242227,county_prior_months,1.4051058,property_damage,0.45775127,month,0.30562994,High
51165,Rockingham County,VA,38.507585,-78.885321,83905.0,0.0875139012795287,0.0910791,0.07423476,0.083620735,county_prior_months,1.3696873,property_damage,0.39896354,winter_events,0.3093693,High
99127,99127,99,39.5,-98.35,,,0.028178524,0.030590203,0.03350346,county_disaster_rate,1.310066,total_population,0.7358352,flood_events,0.7029662,High
51139,Page County,VA,38.623209,-78.491872,23753.0,0.1003527861605814,0.09529533,0.086712144,0.09623828,county_prior_months,1.3085449,property_damage,0.44378105,flood_events,0.27947596,High
51153,Prince William County,VA,38.701119,-77.479579,481114.0,0.0604918749789725,0.1427238,0.09662294,0.13959563,county_prior_months,1.1504172,flood_events,0.60186386,property_damage,0.33392733,High
01019,Cherokee County,AL,34.069515,-85.654242,25069.0,0.1425906399545786,0.046559636,0.03835735,0.048273273,county_prior_months,0.6877676,property_damage,0.572358,flood_events,0.39862883,High
01005,Barbour County,AL,31.870253,-85.405104,24877.0,0.2416365383735298,0.1603289,0.14758581,0.17271578,county_prior_months,0.6667902,property_damage,0.34804583,flood_events,0.3295996,Medium
